order_idx,order_number,customer_id,product_id,order_date,ship_date,quantity,unit_price,discount_code,discount_amount,tax_rate,total_amount,payment_method,payment_status,shipping_method,delivery_address_override,order_notes,return_requested
1,ORD-576426,598,477,2023-03-28 21:02:41,2023-04-02 21:02:41,5,444.39,SUMMER,40.39,0.05,94.65,paypal,0,Store Pickup,Yes,Fragile,
2,ORD-134120,43,281,2023-09-11 19:26:02,2023-09-16 19:26:02,two,320.8,,33.65,5%,725.26,CC,Refunded,Express,Yes,Leave at door,False
3,ORD-590837,466,358,2023-03-23 07:43:26,2023-03-30 07:43:26,5,426.66,SUMMER,2.04,0.1,181.22,paypal,1,Express,No,,False
4,ORD-829283,40,378,2023-02-19 03:48:48,2023-02-28 03:48:48,2,183.68,WELCOME20,17.54,0.05,17.33,credit card,Pending,Standard,,,
5,ORD-522702,303,172,2023-07-30 23:31:25,2023-08-07 23:31:25,4,77.1,NULL,34.11,0.05,506.4,cash,0,Express,,,
6,ORD-952318,681,25,2023-12-20 23:31:27,2023-12-28 23:31:27,2,169.51,,28.68,0.08,169.6,paypal,Failed,Next Day,Yes,,
7,ORD-733462,175,393,2023-02-08 04:54:34,2023-02-13 04:54:34,0,230.36,NULL,48.9,0.08,965.81,Credit Card,0,Next Day,,,
8,ORD-477106,999,103,2023-09-07 00:00:32,2023-09-14 00:00:32,0,269.04,NULL,43.31,0.08,211.66,CC,Failed,Next Day,,,True
9,ORD-471666,532,190,2023-08-30 05:13:33,2023-09-04 05:13:33,3,257.85,SUMMER,2.99,5%,200.11,Credit Card,Failed,Standard,No,,False
10,ORD-708285,461,236,2023-04-07 02:22:55,2023-04-08 02:22:55,0,275.3,SAVE10,36.29,0.05,41.85,cash,0,Next Day,Yes,Fragile,False
11,ORD-193110,621,410,2023-06-01 15:17:26,2023-06-06 15:17:26,1,421.64,,16.82,0.08,336.52,cash,0,Standard,,Leave at door,
12,ORD-847708,193,313,2023-03-12 21:47:43,2023-03-18 21:47:43,1,89.2,WELCOME20,34.1,0.08,33.87,PayPal,0,Standard,,Ring bell,False
13,ORD-269090,244,37,2023-04-08 15:45:34,2023-04-12 15:45:34,five,161.45,WELCOME20,30.86,8%,503.9,paypal,Paid,Next Day,No,,False
14,ORD-871255,836,272,2023-03-04 15:00:12,2023-03-13 15:00:12,-1,444.86,SAVE10,25.15,8%,510.55,paypal,0,Next Day,No,,False
15,ORD-649712,280,293,2023-06-23 02:13:03,2023-06-22 02:13:03,5,282.43,SAVE10,42.65,0.08,62.71,paypal,Pending,Standard,No,,
16,ORD-798919,740,332,2023-10-04 23:13:01,2023-10-10 23:13:01,-1,293.78,SUMMER,35.43,5%,247.66,Stripe,1,Next Day,No,Fragile,
17,ORD-512582,36,152,2023-06-16 10:35:25,2023-06-24 10:35:25,-1,241.64,WELCOME20,44.48,0.1,833.79,cash,Failed,Express,,Ring bell,False
18,ORD-255332,557,282,2023-09-22 20:46:38,2023-09-27 20:46:38,1,276.74,,14.08,8%,467.92,cash,0,Standard,,,
19,ORD-729963,898,20,2023-09-21 18:30:37,2023-09-23 18:30:37,5,103.05,SAVE10,17.41,8%,440.26,credit card,Pending,Store Pickup,,Fragile,False
20,ORD-954558,540,137,2023-08-26 14:23:23,2023-09-04 14:23:23,five,275.7,SAVE10,31.1,0.05,701.79,Stripe,Refunded,Standard,No,Ring bell,
21,ORD-159568,154,471,2023-08-15 08:17:56,2023-08-15 08:17:56,4,498.6,SAVE10,48.32,0.05,717.73,Credit Card,0,Next Day,,,False
22,ORD-241348,23,359,2023-12-11 00:27:22,2023-12-15 00:27:22,3,285.19,,18.58,0.08,764.34,cash,Paid,Next Day,Yes,,
23,ORD-863293,719,29,2023-01-06 14:23:11,2023-01-05 14:23:11,1,26.98,WELCOME20,1.61,0.05,832.18,PayPal,Failed,Standard,Yes,,False
24,ORD-100078,932,31,2023-11-07 14:39:14,2023-11-07 14:39:14,2,399.24,,22.29,0.05,239.93,credit card,Pending,Standard,,,
25,ORD-909159,91,19,2023-06-27 22:36:00,2023-07-06 22:36:00,3,201.26,,27.2,0.1,75.72,credit card,0,Store Pickup,No,,
26,ORD-830813,390,148,2023-08-08 03:58:50,2023-08-14 03:58:50,4,81.07,SUMMER,40.05,5%,386.46,CC,Pending,Store Pickup,Yes,Fragile,False
27,ORD-435759,931,471,2023-05-18 00:01:29,2023-05-19 00:01:29,0,431.95,SAVE10,36.43,0.08,856.55,cash,Failed,Standard,,Fragile,True
28,ORD-183241,359,491,2023-11-12 00:00:05,2023-11-13 00:00:05,-1,103.0,WELCOME20,48.23,0.1,87.25,PayPal,Pending,Next Day,Yes,,False
29,ORD-873211,550,283,2023-04-17 07:21:14,2023-04-17 07:21:14,two,460.78,SUMMER,39.13,0.08,580.19,cash,Pending,Standard,Yes,,False
30,ORD-698309,931,350,2023-08-13 12:44:56,2023-08-15 12:44:56,five,223.69,SUMMER,14.93,5%,704.07,paypal,0,Express,Yes,Leave at door,True
31,ORD-426207,228,341,2023-06-04 03:21:21,2023-06-04 03:21:21,-1,372.68,NULL,32.07,0.08,486.59,Stripe,0,Express,Yes,Ring bell,
32,ORD-276291,202,300,2023-02-18 21:51:12,2023-02-24 21:51:12,0,275.76,SAVE10,33.61,0.05,262.62,paypal,1,Next Day,,,True
33,ORD-916930,350,163,2023-06-04 20:43:10,2023-06-04 20:43:10,4,132.03,WELCOME20,49.9,5%,333.05,cash,Paid,Standard,Yes,,False
34,ORD-111001,821,113,2023-04-15 17:51:07,2023-04-14 17:51:07,2,337.19,WELCOME20,6.94,0.1,80.94,CC,1,Standard,,Ring bell,True
35,ORD-381251,766,455,2023-04-15 03:42:14,2023-04-24 03:42:14,five,479.17,WELCOME20,9.57,0.1,299.66,Stripe,Paid,Express,Yes,,
36,ORD-499927,38,150,2023-01-15 10:02:29,2023-01-17 10:02:29,five,385.97,SAVE10,7.78,8%,53.93,paypal,Paid,Standard,Yes,Fragile,False
37,ORD-613818,733,330,2023-10-30 08:08:21,2023-11-02 08:08:21,4,303.99,WELCOME20,29.45,0.1,729.06,Credit Card,1,Next Day,Yes,,False
38,ORD-559473,500,255,2023-08-08 22:55:57,2023-08-06 22:55:57,3,495.36,,6.77,8%,899.02,paypal,Failed,Next Day,,Ring bell,
39,ORD-436336,699,87,2023-07-30 14:16:36,2023-08-08 14:16:36,,136.34,,32.8,0.05,637.18,cash,Pending,Store Pickup,Yes,Ring bell,
40,ORD-141462,43,399,2023-12-12 15:02:02,2023-12-20 15:02:02,-1,35.86,SAVE10,40.19,0.1,660.14,Stripe,Refunded,Next Day,Yes,Leave at door,False
41,ORD-297810,871,350,2023-10-20 03:15:47,2023-10-23 03:15:47,3,20.9,WELCOME20,21.64,5%,477.42,Credit Card,1,Standard,No,Leave at door,
42,ORD-595592,626,98,2023-09-24 07:46:02,2023-10-01 07:46:02,1,356.79,NULL,28.03,8%,164.48,CC,1,Standard,Yes,Fragile,True
43,ORD-851389,772,397,2023-10-03 19:55:15,2023-10-03 19:55:15,4,415.97,NULL,45.64,0.1,17.65,CC,Failed,Express,No,,True
44,ORD-467869,517,132,2023-06-24 03:33:22,2023-06-25 03:33:22,1,319.37,NULL,28.48,0.05,350.54,Credit Card,Pending,Express,,Ring bell,True
45,ORD-617156,68,466,2023-04-06 08:18:01,2023-04-09 08:18:01,2,452.99,,10.43,5%,753.97,Stripe,0,Next Day,Yes,Leave at door,True
46,ORD-494930,740,312,2023-08-18 02:56:23,2023-08-23 02:56:23,3,350.5,NULL,17.16,5%,960.83,Stripe,1,Store Pickup,Yes,,
47,ORD-479337,123,407,2023-07-10 21:35:50,2023-07-16 21:35:50,two,188.62,WELCOME20,26.49,0.05,436.77,paypal,Refunded,Standard,No,Leave at door,True
48,ORD-500733,685,97,2023-02-13 03:15:04,2023-02-16 03:15:04,,94.72,WELCOME20,7.74,0.1,371.74,CC,Pending,Store Pickup,No,,True
49,ORD-692641,336,98,2023-06-17 08:32:16,2023-06-21 08:32:16,4,462.7,NULL,30.63,0.08,451.5,CC,1,Standard,Yes,Leave at door,False
50,ORD-517647,153,290,2023-06-28 02:19:18,2023-06-30 02:19:18,4,56.28,SUMMER,49.96,0.1,433.5,Credit Card,0,Next Day,,,
51,ORD-936759,974,356,2023-04-25 20:00:25,2023-05-04 20:00:25,,273.78,NULL,32.63,8%,629.62,CC,1,Next Day,No,Leave at door,
52,ORD-865102,779,227,2023-07-23 08:28:51,2023-07-29 08:28:51,five,160.43,SUMMER,18.62,8%,736.81,cash,0,Express,Yes,Leave at door,
53,ORD-362100,669,145,2023-03-10 09:53:58,2023-03-11 09:53:58,0,139.35,SAVE10,16.59,0.1,787.11,paypal,Paid,Store Pickup,No,Fragile,False
54,ORD-116097,162,156,2023-07-30 07:20:12,2023-08-06 07:20:12,2,324.69,SAVE10,46.58,8%,653.11,CC,Paid,Express,,,False
55,ORD-525420,214,270,2023-07-26 03:53:47,2023-08-03 03:53:47,3,119.46,WELCOME20,43.58,0.08,443.35,Credit Card,1,Next Day,No,Ring bell,
56,ORD-574537,910,162,2023-01-26 08:12:48,2023-01-29 08:12:48,4,458.6,,23.62,0.08,950.6,paypal,Failed,Store Pickup,Yes,,True
57,ORD-538963,376,112,2023-08-28 17:19:16,2023-08-30 17:19:16,4,205.99,WELCOME20,17.67,5%,713.91,PayPal,Paid,Standard,No,Fragile,False
58,ORD-259352,920,331,2023-01-08 11:45:22,2023-01-06 11:45:22,,340.3,WELCOME20,35.52,8%,432.39,Credit Card,1,Express,,,False
59,ORD-737392,443,185,2023-02-13 18:36:04,2023-02-15 18:36:04,two,365.24,,15.73,0.1,452.12,PayPal,0,Next Day,Yes,,False
60,ORD-188305,423,205,2023-01-21 09:15:31,2023-01-23 09:15:31,,343.06,WELCOME20,5.97,5%,819.8,CC,Pending,Standard,Yes,Ring bell,
61,ORD-894196,538,97,2023-08-04 21:49:05,2023-08-10 21:49:05,,452.18,,15.51,0.08,446.14,paypal,0,Next Day,Yes,Ring bell,True
62,ORD-287562,939,377,2023-08-16 15:56:26,2023-08-14 15:56:26,-1,119.41,WELCOME20,21.71,5%,521.11,CC,Refunded,Standard,Yes,,False
63,ORD-137422,804,55,2023-01-04 15:35:15,2023-01-06 15:35:15,3,47.6,SAVE10,12.77,0.05,298.64,paypal,Paid,Express,,Ring bell,False
64,ORD-747869,935,450,2023-04-09 20:00:02,2023-04-13 20:00:02,five,32.46,SUMMER,10.84,8%,840.53,credit card,1,Standard,Yes,Fragile,
65,ORD-686311,701,482,2023-04-16 10:25:00,2023-04-24 10:25:00,,439.53,WELCOME20,0.31,0.1,527.06,CC,Paid,Store Pickup,,,True
66,ORD-227966,912,117,2023-09-30 14:40:48,2023-10-03 14:40:48,two,486.78,SUMMER,31.54,0.08,557.01,CC,0,Standard,,Ring bell,False
67,ORD-799397,634,93,2023-12-05 07:22:07,2023-12-08 07:22:07,five,154.75,NULL,30.72,5%,881.87,CC,0,Next Day,No,,
68,ORD-495143,230,293,2023-06-08 03:50:33,2023-06-17 03:50:33,5,348.29,WELCOME20,9.4,0.1,921.31,Stripe,Pending,Standard,No,Leave at door,
69,ORD-900855,59,452,2023-12-08 23:01:19,2023-12-12 23:01:19,3,9.41,SAVE10,47.18,8%,825.95,Credit Card,Failed,Express,Yes,,False
70,ORD-968825,96,204,2023-02-15 19:43:35,2023-02-18 19:43:35,4,98.37,,20.48,0.1,74.72,Stripe,1,Next Day,Yes,,
71,ORD-489045,262,282,2023-11-12 22:59:26,2023-11-14 22:59:26,5,346.19,SAVE10,1.27,8%,449.07,paypal,Pending,Next Day,,Fragile,
72,ORD-446224,354,189,2023-05-09 00:31:00,2023-05-16 00:31:00,five,37.61,SUMMER,10.99,8%,349.9,paypal,Refunded,Next Day,No,Ring bell,False
73,ORD-344580,312,476,2023-01-26 15:16:19,2023-01-28 15:16:19,five,236.91,,34.6,8%,221.38,paypal,1,Next Day,Yes,Fragile,
74,ORD-187744,136,323,2023-08-22 14:24:27,2023-08-28 14:24:27,3,332.98,SAVE10,10.08,5%,909.86,Credit Card,Refunded,Store Pickup,Yes,,True
75,ORD-678934,862,84,2023-03-27 02:51:32,2023-04-01 02:51:32,0,384.15,SAVE10,2.7,8%,891.17,paypal,Failed,Next Day,,Ring bell,True
76,ORD-131286,795,458,2023-01-03 06:30:11,2023-01-12 06:30:11,-1,229.64,SAVE10,30.89,0.1,470.64,Stripe,1,Next Day,No,Fragile,False
77,ORD-134232,967,180,2023-01-22 06:01:22,2023-01-29 06:01:22,4,316.99,,25.92,0.05,143.22,cash,1,Next Day,Yes,,True
78,ORD-577285,923,274,2023-01-26 21:34:59,2023-01-27 21:34:59,5,272.09,SAVE10,38.06,0.1,23.23,Stripe,Pending,Express,Yes,Leave at door,True
79,ORD-751095,473,181,2023-07-04 11:15:26,2023-07-05 11:15:26,,30.89,SAVE10,38.63,5%,444.08,cash,Paid,Express,Yes,Leave at door,False
80,ORD-123353,632,447,2023-12-08 12:12:00,2023-12-15 12:12:00,2,372.69,SUMMER,48.0,8%,49.56,CC,1,Next Day,Yes,,
81,ORD-564287,430,181,2023-09-03 18:47:30,2023-09-05 18:47:30,0,90.32,SAVE10,2.85,0.05,613.46,PayPal,Failed,Store Pickup,Yes,Leave at door,True
82,ORD-303740,937,283,2023-01-21 23:37:45,2023-01-21 23:37:45,4,20.74,SAVE10,1.95,5%,612.32,cash,1,Standard,Yes,,
83,ORD-322325,975,287,2023-09-09 13:19:37,2023-09-14 13:19:37,2,228.33,NULL,49.36,0.08,899.95,credit card,1,Store Pickup,No,,False
84,ORD-632129,537,475,2023-03-27 14:18:31,2023-03-31 14:18:31,-1,433.49,,32.24,0.08,198.15,paypal,1,Next Day,,,True
85,ORD-332222,854,106,2023-09-05 06:34:57,2023-09-07 06:34:57,2,79.66,NULL,35.77,0.08,377.68,Credit Card,1,Next Day,,Leave at door,False
86,ORD-460312,146,129,2023-09-15 22:06:56,2023-09-22 22:06:56,,11.36,SUMMER,4.82,0.05,860.95,cash,Failed,Store Pickup,,,
87,ORD-475657,524,262,2023-12-13 20:37:54,2023-12-13 20:37:54,2,59.44,NULL,3.49,0.1,479.55,Credit Card,Pending,Next Day,Yes,,False
88,ORD-911347,87,11,2023-07-04 19:34:23,2023-07-06 19:34:23,0,185.01,WELCOME20,8.01,0.05,69.13,paypal,Paid,Standard,,,True
89,ORD-419061,947,162,2023-10-23 15:19:16,2023-10-23 15:19:16,1,292.19,,21.36,0.05,119.68,PayPal,Failed,Express,No,,False
90,ORD-368054,109,487,2023-04-09 01:32:41,2023-04-16 01:32:41,0,100.54,SAVE10,5.51,0.05,815.32,Stripe,Failed,Standard,Yes,Ring bell,False
91,ORD-884760,423,468,2023-12-27 06:06:22,2023-12-29 06:06:22,,401.97,NULL,22.32,0.08,746.26,paypal,Refunded,Standard,No,Leave at door,False
92,ORD-819384,345,447,2023-09-09 19:10:50,2023-09-07 19:10:50,5,377.88,NULL,28.08,0.1,877.12,Credit Card,Paid,Standard,Yes,Ring bell,
93,ORD-460714,266,181,2023-12-15 14:13:20,2023-12-18 14:13:20,1,349.45,SAVE10,0.02,0.05,127.67,credit card,Pending,Store Pickup,Yes,,
94,ORD-986244,734,213,2023-11-01 07:17:22,2023-11-08 07:17:22,-1,246.3,SAVE10,5.71,0.1,762.81,PayPal,0,Store Pickup,,,
95,ORD-166956,586,469,2023-08-29 03:42:58,2023-08-30 03:42:58,0,185.78,SUMMER,18.76,8%,658.55,paypal,Pending,Standard,No,Fragile,
96,ORD-859254,994,274,2023-03-13 09:03:14,2023-03-14 09:03:14,1,190.92,NULL,2.67,0.05,239.97,cash,0,Store Pickup,,Fragile,True
97,ORD-395892,494,21,2023-02-18 06:54:20,2023-02-23 06:54:20,five,254.02,NULL,6.68,0.05,974.17,credit card,Refunded,Next Day,Yes,,
98,ORD-841564,333,275,2023-09-28 14:36:08,2023-09-27 14:36:08,0,43.27,WELCOME20,11.59,0.05,574.65,paypal,Refunded,Express,No,Fragile,
99,ORD-459620,822,260,2023-11-03 09:51:28,2023-11-04 09:51:28,1,342.74,WELCOME20,21.48,8%,907.81,PayPal,Failed,Store Pickup,No,,True
100,ORD-813766,413,333,2023-07-15 02:16:03,2023-07-14 02:16:03,3,179.0,NULL,35.74,8%,860.5,Credit Card,Pending,Store Pickup,Yes,Ring bell,
101,ORD-759749,614,466,2023-04-30 16:56:28,2023-04-28 16:56:28,5,116.26,WELCOME20,6.63,0.08,339.79,Stripe,0,Standard,,,False
102,ORD-696291,937,116,2023-10-04 23:10:20,2023-10-11 23:10:20,4,142.77,NULL,36.9,5%,540.6,cash,Pending,Express,Yes,,
103,ORD-420770,649,413,2023-11-17 15:36:25,2023-11-17 15:36:25,2,94.25,,42.75,0.1,437.05,Stripe,0,Next Day,No,Leave at door,True
104,ORD-973033,191,25,2023-04-05 04:08:57,2023-04-14 04:08:57,1,451.28,SUMMER,32.57,5%,711.99,PayPal,Pending,Next Day,No,Leave at door,False
105,ORD-355577,973,440,2023-08-29 02:57:07,2023-09-03 02:57:07,4,88.67,WELCOME20,2.19,0.05,592.16,CC,Failed,Express,No,Fragile,True
106,ORD-312621,933,333,2023-09-26 02:46:08,2023-09-29 02:46:08,0,442.05,NULL,22.03,0.05,787.0,Stripe,0,Next Day,Yes,Fragile,False
107,ORD-227682,142,254,2023-03-11 02:14:37,2023-03-20 02:14:37,4,288.26,WELCOME20,33.0,0.08,21.63,paypal,Pending,Express,No,,False
108,ORD-460959,869,447,2023-06-29 11:03:13,2023-07-03 11:03:13,five,434.39,SUMMER,48.93,5%,690.92,credit card,1,Standard,No,Leave at door,False
109,ORD-936425,73,411,2023-07-25 09:20:26,2023-07-24 09:20:26,two,239.66,,47.59,0.05,325.87,credit card,Refunded,Next Day,,,True
110,ORD-245297,840,444,2023-05-05 23:52:00,2023-05-08 23:52:00,two,464.18,SAVE10,19.79,5%,231.98,cash,Refunded,Next Day,,Ring bell,False
111,ORD-879552,167,211,2023-07-05 01:51:17,2023-07-10 01:51:17,5,109.69,SAVE10,30.8,0.08,803.23,Stripe,0,Express,No,Fragile,False
112,ORD-565824,168,305,2023-11-18 08:28:31,2023-11-23 08:28:31,1,279.57,WELCOME20,44.54,5%,98.33,PayPal,Refunded,Next Day,,,False
113,ORD-639880,566,321,2023-08-28 17:50:58,2023-08-29 17:50:58,five,67.29,NULL,41.55,0.1,236.18,cash,Refunded,Store Pickup,Yes,Fragile,False
114,ORD-969266,259,422,2023-11-16 19:51:50,2023-11-19 19:51:50,2,226.37,SUMMER,23.97,0.08,211.7,PayPal,1,Standard,,,False
115,ORD-569321,439,339,2023-05-17 01:39:32,2023-05-19 01:39:32,-1,287.1,,13.06,5%,425.63,PayPal,Paid,Next Day,,Leave at door,
116,ORD-923021,111,436,2023-05-19 21:28:08,2023-05-25 21:28:08,,304.81,,6.85,0.05,329.11,credit card,Pending,Next Day,,Fragile,True
117,ORD-984415,744,257,2023-10-27 07:32:38,2023-11-01 07:32:38,5,185.94,,24.4,8%,723.26,Credit Card,0,Next Day,,,False
118,ORD-389319,673,168,2023-07-26 05:27:31,2023-07-25 05:27:31,,42.79,SAVE10,36.14,8%,702.38,credit card,Refunded,Express,Yes,,False
119,ORD-129213,864,337,2023-04-29 19:55:00,2023-05-08 19:55:00,two,329.39,SUMMER,48.49,0.08,332.22,Credit Card,Pending,Standard,,Fragile,False
120,ORD-568495,839,21,2023-09-28 21:02:28,2023-10-02 21:02:28,3,246.77,SAVE10,43.09,8%,442.61,cash,Pending,Standard,No,Ring bell,False
121,ORD-736759,531,86,2023-12-09 22:26:50,2023-12-13 22:26:50,-1,72.76,WELCOME20,10.21,0.1,215.83,cash,1,Next Day,,,False
122,ORD-984329,290,15,2023-09-14 12:34:28,2023-09-22 12:34:28,-1,468.26,,35.99,0.08,674.13,cash,Pending,Next Day,,Leave at door,
123,ORD-399198,974,50,2023-04-09 17:47:05,2023-04-18 17:47:05,,478.06,SUMMER,14.46,0.05,402.26,PayPal,Refunded,Express,No,Fragile,
124,ORD-753046,562,487,2023-10-02 15:27:53,2023-09-30 15:27:53,3,429.02,,34.17,0.05,141.5,CC,0,Standard,Yes,Fragile,False
125,ORD-518118,510,304,2023-04-22 18:39:30,2023-04-20 18:39:30,0,422.71,SAVE10,33.29,0.08,135.99,credit card,Pending,Store Pickup,No,Ring bell,False
126,ORD-919933,175,487,2023-09-11 14:37:25,2023-09-20 14:37:25,4,53.84,SAVE10,13.62,8%,329.1,PayPal,1,Next Day,No,Leave at door,False
127,ORD-832665,302,416,2023-05-02 10:00:55,2023-05-03 10:00:55,5,496.74,SAVE10,11.72,8%,749.85,credit card,0,Store Pickup,No,Fragile,True
128,ORD-512349,696,305,2023-09-09 04:52:26,2023-09-11 04:52:26,five,203.19,,5.2,0.05,35.25,PayPal,0,Store Pickup,No,Ring bell,True
129,ORD-741106,185,196,2023-07-26 02:28:56,2023-07-27 02:28:56,-1,85.74,SUMMER,2.53,0.1,265.2,credit card,0,Standard,,,
130,ORD-648692,339,364,2023-01-12 23:26:20,2023-01-16 23:26:20,,406.99,SUMMER,42.92,8%,170.86,paypal,Refunded,Store Pickup,,,
131,ORD-655403,510,301,2023-11-30 21:55:58,2023-11-30 21:55:58,4,116.74,WELCOME20,2.49,0.1,956.91,credit card,1,Next Day,,,True
132,ORD-955633,819,288,2023-03-24 12:13:42,2023-03-28 12:13:42,two,265.46,,4.44,8%,708.23,paypal,Failed,Next Day,,,False
133,ORD-267434,310,388,2023-11-05 05:12:27,2023-11-10 05:12:27,five,68.37,WELCOME20,11.94,0.08,240.9,Credit Card,Paid,Express,Yes,,
134,ORD-939278,507,245,2023-12-23 09:22:10,2023-12-26 09:22:10,,239.95,WELCOME20,44.38,5%,215.39,credit card,Pending,Standard,,,False
135,ORD-820582,346,449,2023-11-08 14:27:12,2023-11-11 14:27:12,5,281.28,WELCOME20,16.65,0.05,859.45,Credit Card,Pending,Standard,,,False
136,ORD-720249,81,353,2023-11-17 23:37:32,2023-11-22 23:37:32,2,225.73,WELCOME20,9.59,0.08,198.32,CC,Pending,Store Pickup,Yes,Leave at door,
137,ORD-826187,374,455,2023-01-09 16:04:05,2023-01-14 16:04:05,-1,39.4,SAVE10,35.78,8%,997.09,Stripe,Failed,Next Day,No,Leave at door,True
138,ORD-137390,156,201,2023-12-19 17:57:38,2023-12-23 17:57:38,two,245.04,WELCOME20,15.95,0.05,289.48,Stripe,0,Next Day,,Ring bell,True
139,ORD-453534,787,193,2023-07-24 06:35:25,2023-07-27 06:35:25,5,237.13,SUMMER,16.67,5%,93.49,paypal,0,Express,,Ring bell,True
140,ORD-916823,795,336,2023-05-24 18:51:28,2023-05-27 18:51:28,1,134.5,WELCOME20,36.95,5%,694.03,credit card,Paid,Store Pickup,No,Fragile,False
141,ORD-256236,432,146,2023-03-31 12:54:45,2023-04-07 12:54:45,two,461.19,SAVE10,12.58,8%,613.55,Stripe,1,Next Day,,,False
142,ORD-380937,500,310,2023-01-05 11:36:45,2023-01-13 11:36:45,five,211.81,NULL,44.84,0.05,999.82,Credit Card,Failed,Standard,No,,False
143,ORD-373364,761,127,2023-03-20 18:22:40,2023-03-23 18:22:40,1,432.74,NULL,28.07,8%,804.06,Stripe,Failed,Express,No,,True
144,ORD-534947,147,175,2023-02-22 19:09:46,2023-02-27 19:09:46,two,59.28,NULL,26.89,5%,434.55,Stripe,Refunded,Standard,No,,False
145,ORD-680580,481,134,2023-02-25 01:51:09,2023-02-23 01:51:09,,162.84,,13.24,0.08,679.85,PayPal,0,Express,,,
146,ORD-286539,435,66,2023-05-30 14:16:11,2023-06-01 14:16:11,2,92.28,SUMMER,41.75,0.08,819.67,Stripe,Failed,Standard,No,Fragile,False
147,ORD-365540,519,393,2023-11-08 00:59:59,2023-11-08 00:59:59,4,207.16,SAVE10,28.64,0.1,518.59,Credit Card,Failed,Store Pickup,,Ring bell,
148,ORD-789294,669,452,2023-05-17 07:04:00,2023-05-26 07:04:00,2,60.26,NULL,7.78,5%,280.14,Stripe,Pending,Next Day,Yes,Ring bell,True
149,ORD-596874,683,365,2023-02-05 21:23:24,2023-02-10 21:23:24,2,223.31,SAVE10,10.31,5%,218.0,credit card,0,Standard,No,Fragile,False
150,ORD-778211,69,279,2023-03-06 01:24:53,2023-03-14 01:24:53,,180.17,SAVE10,23.41,8%,302.33,Stripe,Refunded,Store Pickup,,Fragile,False
151,ORD-747015,606,246,2023-02-03 22:30:08,2023-02-06 22:30:08,3,115.54,,38.98,0.1,849.59,CC,1,Standard,No,,True
152,ORD-593268,881,363,2023-11-10 09:06:19,2023-11-09 09:06:19,two,322.88,NULL,46.96,0.1,386.63,Stripe,Paid,Store Pickup,,Ring bell,False
153,ORD-545948,875,237,2023-04-27 20:38:14,2023-05-01 20:38:14,4,475.7,WELCOME20,33.17,0.05,293.8,paypal,1,Express,,Leave at door,
154,ORD-104877,888,171,2023-08-31 15:30:58,2023-09-04 15:30:58,0,107.52,SAVE10,25.31,8%,807.83,PayPal,Refunded,Store Pickup,Yes,Fragile,True
155,ORD-308303,186,51,2023-08-27 07:16:53,2023-08-29 07:16:53,,357.34,NULL,12.54,0.08,41.6,cash,Pending,Standard,No,Ring bell,
156,ORD-449488,904,328,2023-05-23 05:44:06,2023-05-28 05:44:06,3,372.48,SAVE10,33.64,0.05,598.02,Credit Card,Paid,Next Day,,Ring bell,True
157,ORD-537434,682,359,2023-10-27 03:46:40,2023-10-29 03:46:40,,251.57,,49.11,0.1,874.9,Stripe,1,Express,Yes,,
158,ORD-429205,204,153,2023-04-27 22:48:00,2023-04-25 22:48:00,3,449.35,,23.81,0.08,415.98,Stripe,0,Express,,Ring bell,
159,ORD-974212,554,80,2023-09-26 15:26:20,2023-10-02 15:26:20,2,483.36,WELCOME20,8.11,5%,276.62,credit card,0,Store Pickup,,Fragile,
160,ORD-579430,13,419,2023-01-12 01:45:40,2023-01-13 01:45:40,-1,184.31,,5.17,8%,496.79,cash,Paid,Standard,Yes,,False
161,ORD-612029,666,145,2023-12-20 15:09:57,2023-12-19 15:09:57,-1,327.26,NULL,13.46,0.1,720.3,credit card,Paid,Store Pickup,No,Ring bell,False
162,ORD-302469,274,274,2023-07-07 23:45:34,2023-07-08 23:45:34,1,332.8,,28.47,5%,521.44,paypal,Paid,Express,Yes,Leave at door,False
163,ORD-728752,298,155,2023-06-29 10:30:39,2023-07-05 10:30:39,0,204.8,WELCOME20,47.34,0.1,17.56,cash,Failed,Next Day,No,Fragile,False
164,ORD-305171,51,399,2023-08-08 18:27:42,2023-08-07 18:27:42,4,161.81,SUMMER,14.96,0.08,87.54,PayPal,Refunded,Store Pickup,,,False
165,ORD-733481,500,337,2023-09-03 10:32:56,2023-09-04 10:32:56,3,467.2,SAVE10,15.27,0.05,724.12,Credit Card,0,Standard,,,
166,ORD-989171,369,363,2023-08-09 21:47:27,2023-08-08 21:47:27,two,396.04,SAVE10,24.06,0.08,405.95,Credit Card,0,Store Pickup,Yes,Fragile,False
167,ORD-325300,724,325,2023-06-25 00:54:56,2023-06-27 00:54:56,2,61.66,NULL,45.93,8%,786.93,Credit Card,Refunded,Store Pickup,Yes,,
168,ORD-647194,656,336,2023-09-05 13:06:20,2023-09-05 13:06:20,five,64.34,WELCOME20,20.95,8%,653.0,paypal,Pending,Store Pickup,Yes,Leave at door,True
169,ORD-199858,357,143,2023-04-25 12:10:27,2023-05-02 12:10:27,two,461.66,WELCOME20,11.16,0.1,585.7,paypal,0,Next Day,,Ring bell,
170,ORD-491728,3,298,2023-06-16 16:19:21,2023-06-15 16:19:21,two,45.3,WELCOME20,8.16,0.08,902.36,Stripe,1,Standard,No,Fragile,False
171,ORD-316057,254,494,2023-09-04 05:04:09,2023-09-10 05:04:09,3,345.77,SAVE10,22.85,0.05,31.11,PayPal,Pending,Standard,Yes,Ring bell,True
172,ORD-706060,475,34,2023-09-12 13:10:00,2023-09-14 13:10:00,4,117.25,,40.03,8%,163.48,Credit Card,1,Express,No,Ring bell,False
173,ORD-870199,847,304,2023-08-05 22:53:18,2023-08-12 22:53:18,2,22.42,SAVE10,14.57,0.05,628.13,Credit Card,Paid,Express,Yes,,True
174,ORD-659453,506,467,2023-01-10 17:24:28,2023-01-12 17:24:28,2,34.52,SAVE10,25.63,5%,75.17,Stripe,0,Store Pickup,Yes,Fragile,
175,ORD-447330,256,392,2023-03-12 22:30:26,2023-03-10 22:30:26,4,189.89,SAVE10,30.15,0.1,648.52,PayPal,1,Express,Yes,Ring bell,True
176,ORD-366300,610,239,2023-03-08 19:02:18,2023-03-11 19:02:18,-1,43.41,,22.52,0.05,984.28,cash,1,Standard,Yes,,False
177,ORD-322932,685,138,2023-12-16 09:57:05,2023-12-20 09:57:05,5,300.34,SUMMER,9.58,0.1,880.02,PayPal,Paid,Store Pickup,,Leave at door,True
178,ORD-908030,150,254,2023-09-28 01:53:37,2023-09-26 01:53:37,1,325.39,NULL,46.09,5%,595.01,PayPal,Pending,Express,,,
179,ORD-535940,488,5,2023-12-01 10:51:28,2023-12-07 10:51:28,,189.87,SUMMER,28.27,0.05,895.04,credit card,1,Next Day,Yes,Fragile,True
180,ORD-485623,279,372,2023-04-08 16:47:23,2023-04-13 16:47:23,1,372.72,SUMMER,36.46,0.05,125.11,PayPal,0,Express,,Fragile,
181,ORD-758994,59,176,2023-05-26 21:04:18,2023-06-04 21:04:18,-1,247.57,SAVE10,31.8,5%,460.15,CC,Pending,Next Day,,,True
182,ORD-969604,446,373,2023-07-25 13:34:14,2023-07-30 13:34:14,3,217.96,SUMMER,49.9,0.08,434.39,paypal,Pending,Express,,Ring bell,
183,ORD-937085,113,410,2023-10-02 04:13:32,2023-10-06 04:13:32,3,206.46,SAVE10,22.82,0.05,343.08,PayPal,Refunded,Standard,,,
184,ORD-785829,836,214,2023-09-16 22:49:03,2023-09-18 22:49:03,0,218.4,SAVE10,21.25,0.05,10.2,credit card,0,Express,No,Fragile,
185,ORD-330918,755,364,2023-12-04 06:55:28,2023-12-04 06:55:28,1,484.1,NULL,18.01,8%,892.12,cash,0,Next Day,No,,
186,ORD-881846,822,23,2023-05-15 20:41:05,2023-05-24 20:41:05,1,342.3,WELCOME20,18.08,0.08,779.93,CC,Paid,Next Day,,Ring bell,False
187,ORD-241008,569,318,2023-12-06 17:18:24,2023-12-12 17:18:24,,161.03,SAVE10,13.79,0.05,656.33,credit card,Paid,Express,No,,
188,ORD-246269,489,13,2023-02-02 07:27:51,2023-02-06 07:27:51,3,368.26,SUMMER,49.03,5%,137.68,credit card,Failed,Store Pickup,Yes,Fragile,False
189,ORD-953715,407,393,2023-01-24 20:44:52,2023-02-01 20:44:52,two,168.48,NULL,43.54,0.1,384.42,Stripe,0,Next Day,No,Fragile,
190,ORD-669668,367,241,2023-08-22 21:32:39,2023-08-29 21:32:39,1,67.23,SUMMER,15.83,5%,925.08,credit card,Pending,Standard,Yes,Fragile,True
191,ORD-681768,60,276,2023-10-02 18:34:42,2023-10-09 18:34:42,,240.3,WELCOME20,15.26,0.08,620.76,credit card,Failed,Express,No,,True
192,ORD-862393,329,92,2023-02-17 04:49:00,2023-02-22 04:49:00,4,376.76,,5.18,8%,607.38,Credit Card,0,Next Day,No,Ring bell,False
193,ORD-247342,728,108,2023-05-19 17:07:07,2023-05-22 17:07:07,five,191.94,WELCOME20,43.85,8%,914.0,paypal,Paid,Express,Yes,,True
194,ORD-301941,469,441,2023-07-01 00:58:46,2023-07-10 00:58:46,4,435.24,NULL,18.59,8%,564.24,Stripe,Paid,Express,Yes,Ring bell,
195,ORD-147817,745,229,2023-12-23 21:57:18,2023-12-31 21:57:18,,196.54,WELCOME20,28.63,5%,601.65,Stripe,0,Store Pickup,,Fragile,True
196,ORD-963482,567,152,2023-11-28 09:11:49,2023-11-30 09:11:49,two,178.17,WELCOME20,45.02,0.1,352.26,Credit Card,Failed,Express,No,,False
197,ORD-766644,885,108,2023-10-20 09:22:52,2023-10-25 09:22:52,0,499.13,NULL,20.41,0.1,377.73,CC,Paid,Express,Yes,,True
198,ORD-203455,720,289,2023-02-15 05:55:08,2023-02-15 05:55:08,3,243.82,NULL,40.34,0.05,688.75,Credit Card,Paid,Express,,Fragile,False
199,ORD-538402,63,404,2023-11-05 00:53:42,2023-11-14 00:53:42,0,403.58,SUMMER,21.51,0.1,327.23,Stripe,Refunded,Standard,Yes,Ring bell,
200,ORD-194666,184,444,2023-12-14 02:19:09,2023-12-18 02:19:09,0,403.47,SAVE10,35.05,0.1,563.52,CC,1,Express,,Ring bell,
201,ORD-410918,311,176,2023-10-30 08:43:39,2023-10-29 08:43:39,,463.55,,21.56,0.05,286.4,Stripe,0,Standard,,,True
202,ORD-487594,793,320,2023-03-28 10:08:17,2023-03-28 10:08:17,3,47.02,,19.64,5%,174.46,PayPal,Refunded,Express,Yes,Leave at door,True
203,ORD-106720,538,286,2023-03-30 22:55:27,2023-04-08 22:55:27,2,139.25,,49.54,5%,459.86,CC,1,Store Pickup,Yes,,True
204,ORD-810250,177,364,2023-01-11 14:22:47,2023-01-10 14:22:47,five,385.04,WELCOME20,30.62,0.08,225.27,Stripe,0,Store Pickup,No,,
205,ORD-797529,575,329,2023-04-11 13:52:52,2023-04-13 13:52:52,1,283.49,NULL,18.37,5%,899.51,Credit Card,Refunded,Next Day,No,,True
206,ORD-102151,429,365,2023-04-23 11:01:26,2023-04-27 11:01:26,0,282.01,NULL,12.89,8%,310.58,Stripe,Refunded,Express,,,
207,ORD-390935,73,241,2023-06-29 22:44:48,2023-07-07 22:44:48,4,87.28,NULL,1.99,8%,601.43,Credit Card,0,Store Pickup,Yes,Leave at door,False
208,ORD-920321,847,145,2023-11-23 11:34:28,2023-11-30 11:34:28,2,144.17,SAVE10,35.33,0.08,270.81,CC,Pending,Store Pickup,No,,True
209,ORD-924859,167,356,2023-04-06 01:48:11,2023-04-14 01:48:11,2,263.06,NULL,18.61,0.1,265.44,Credit Card,Failed,Express,,Ring bell,True
210,ORD-701688,225,14,2023-08-22 04:17:11,2023-08-30 04:17:11,two,142.2,NULL,41.06,0.08,357.13,CC,0,Next Day,No,,False
211,ORD-379011,577,275,2023-11-16 06:12:30,2023-11-24 06:12:30,0,109.09,WELCOME20,18.19,0.05,916.72,credit card,Refunded,Standard,,,False
212,ORD-485992,581,71,2023-07-09 16:13:39,2023-07-16 16:13:39,0,48.44,SUMMER,18.67,0.08,397.58,paypal,Pending,Store Pickup,No,,False
213,ORD-485864,952,315,2023-11-12 16:29:55,2023-11-10 16:29:55,5,82.08,,38.96,0.08,823.05,cash,Refunded,Store Pickup,Yes,,False
214,ORD-366715,9,195,2023-08-26 01:08:49,2023-09-02 01:08:49,,385.59,WELCOME20,24.47,8%,205.33,CC,Failed,Standard,,,
215,ORD-414452,236,353,2023-05-18 12:23:32,2023-05-24 12:23:32,two,360.8,WELCOME20,44.24,0.05,57.69,cash,Pending,Store Pickup,,,True
216,ORD-605409,710,300,2023-01-05 10:04:16,2023-01-03 10:04:16,2,27.69,WELCOME20,29.51,0.05,783.86,cash,0,Standard,No,Leave at door,
217,ORD-947320,924,416,2023-05-20 06:15:20,2023-05-18 06:15:20,2,105.63,,12.03,0.08,546.46,credit card,1,Standard,No,,
218,ORD-396099,685,367,2023-08-26 18:17:40,2023-09-04 18:17:40,5,282.43,WELCOME20,28.41,0.05,508.69,credit card,Failed,Next Day,No,Ring bell,False
219,ORD-634028,794,11,2023-06-15 10:47:01,2023-06-22 10:47:01,1,164.7,SUMMER,0.2,0.05,279.48,credit card,Paid,Standard,Yes,Fragile,True
220,ORD-757245,28,106,2023-04-16 22:12:49,2023-04-21 22:12:49,-1,412.51,NULL,15.62,5%,81.59,cash,0,Standard,No,Leave at door,
221,ORD-898622,808,258,2023-11-19 14:45:13,2023-11-22 14:45:13,4,393.57,SUMMER,10.4,0.05,488.03,credit card,0,Standard,No,,
222,ORD-485132,911,474,2023-02-22 23:58:17,2023-02-25 23:58:17,-1,446.33,NULL,32.71,0.1,868.55,CC,0,Standard,Yes,Leave at door,False
223,ORD-906033,646,381,2023-03-30 02:48:32,2023-04-08 02:48:32,0,283.65,NULL,6.8,0.05,128.82,cash,Pending,Store Pickup,No,Fragile,True
224,ORD-391239,27,196,2023-02-16 11:48:19,2023-02-22 11:48:19,3,179.28,WELCOME20,14.5,8%,929.88,cash,Paid,Standard,Yes,,True
225,ORD-185618,550,145,2023-06-29 17:36:38,2023-06-30 17:36:38,two,305.0,WELCOME20,16.57,5%,281.98,Credit Card,Pending,Store Pickup,Yes,,True
226,ORD-939635,196,465,2023-11-26 13:25:09,2023-12-01 13:25:09,0,49.12,,0.16,8%,536.86,credit card,1,Express,No,Fragile,
227,ORD-616829,203,220,2023-02-15 18:39:59,2023-02-16 18:39:59,1,9.75,SAVE10,2.34,8%,75.84,PayPal,Pending,Express,Yes,,False
228,ORD-781827,85,350,2023-09-12 20:32:25,2023-09-11 20:32:25,-1,13.46,SUMMER,15.56,0.1,430.8,credit card,0,Standard,No,Leave at door,True
229,ORD-382987,832,424,2023-12-04 13:18:24,2023-12-12 13:18:24,0,206.73,,11.12,5%,134.64,Credit Card,Refunded,Next Day,Yes,,
230,ORD-779659,30,471,2023-02-07 20:01:36,2023-02-12 20:01:36,4,117.9,,5.85,0.08,57.49,Credit Card,Paid,Next Day,,Fragile,
231,ORD-337193,466,174,2023-11-07 11:55:51,2023-11-16 11:55:51,2,82.88,SUMMER,7.71,0.05,966.89,paypal,Paid,Store Pickup,No,Fragile,True
232,ORD-487652,99,216,2023-02-19 05:30:59,2023-02-23 05:30:59,,309.59,SUMMER,41.78,0.1,732.79,paypal,Pending,Store Pickup,,Fragile,False
233,ORD-116315,899,93,2023-10-07 07:55:59,2023-10-08 07:55:59,five,497.57,NULL,34.17,0.1,721.87,cash,Refunded,Express,,Ring bell,False
234,ORD-938141,190,260,2023-06-13 20:24:52,2023-06-19 20:24:52,0,92.99,SAVE10,24.21,0.08,99.64,credit card,Refunded,Store Pickup,,Leave at door,True
235,ORD-375821,12,422,2023-03-24 14:29:00,2023-03-30 14:29:00,1,275.48,WELCOME20,45.44,0.1,930.06,credit card,Pending,Next Day,,Fragile,
236,ORD-936281,603,63,2023-12-12 04:00:54,2023-12-17 04:00:54,two,64.27,SAVE10,1.48,0.08,474.77,Stripe,Failed,Express,No,Leave at door,False
237,ORD-460866,30,29,2023-02-03 00:48:55,2023-02-01 00:48:55,3,467.45,SAVE10,17.25,0.08,853.76,cash,1,Standard,Yes,Ring bell,
238,ORD-155242,725,275,2023-06-23 03:33:18,2023-06-27 03:33:18,4,149.42,WELCOME20,41.17,0.08,22.48,Stripe,Pending,Store Pickup,No,Leave at door,
239,ORD-154760,38,347,2023-07-19 16:39:53,2023-07-21 16:39:53,5,439.78,SAVE10,31.41,0.1,305.22,paypal,0,Standard,No,,False
240,ORD-893651,853,285,2023-01-05 14:40:22,2023-01-09 14:40:22,1,145.12,,49.08,0.08,996.09,credit card,Refunded,Store Pickup,Yes,Ring bell,
241,ORD-500471,572,484,2023-07-15 14:12:33,2023-07-24 14:12:33,-1,404.0,,47.23,0.1,433.56,Stripe,1,Next Day,,Ring bell,
242,ORD-202936,294,419,2023-01-14 02:53:49,2023-01-20 02:53:49,,108.64,WELCOME20,8.5,5%,889.61,PayPal,Pending,Store Pickup,Yes,,True
243,ORD-400296,360,372,2023-03-30 13:35:26,2023-03-29 13:35:26,-1,149.93,WELCOME20,48.6,0.08,334.72,CC,1,Next Day,,Fragile,False
244,ORD-326637,655,70,2023-07-18 13:26:11,2023-07-26 13:26:11,2,100.28,SUMMER,47.28,0.1,530.08,paypal,Failed,Next Day,No,Ring bell,
245,ORD-784947,914,379,2023-04-29 23:32:57,2023-04-30 23:32:57,,135.81,SUMMER,18.68,0.1,855.68,paypal,Refunded,Standard,Yes,Leave at door,False
246,ORD-243972,180,279,2023-08-29 09:40:27,2023-08-30 09:40:27,-1,418.26,SAVE10,49.14,0.1,609.76,Credit Card,Failed,Store Pickup,Yes,,False
247,ORD-739970,797,231,2023-11-03 21:04:00,2023-11-02 21:04:00,two,321.32,SAVE10,1.79,0.05,727.94,credit card,Failed,Standard,,Leave at door,
248,ORD-854247,112,302,2023-10-12 15:08:25,2023-10-12 15:08:25,-1,205.91,WELCOME20,33.04,0.05,236.54,paypal,Refunded,Next Day,Yes,Leave at door,False
249,ORD-449177,742,255,2023-05-14 03:40:56,2023-05-22 03:40:56,4,485.9,SAVE10,13.31,0.08,164.33,paypal,0,Next Day,No,,True
250,ORD-299007,444,172,2023-03-26 05:26:26,2023-03-31 05:26:26,4,235.11,NULL,6.47,5%,238.0,Stripe,Failed,Next Day,Yes,,True
251,ORD-460442,21,432,2023-08-02 13:41:15,2023-08-11 13:41:15,five,485.03,,28.88,0.08,498.12,PayPal,Pending,Next Day,Yes,Fragile,
252,ORD-577709,145,180,2023-04-20 02:54:42,2023-04-26 02:54:42,-1,102.31,SAVE10,15.32,8%,802.96,cash,Pending,Express,No,Ring bell,False
253,ORD-497150,499,264,2023-04-30 18:22:17,2023-05-03 18:22:17,two,452.8,SAVE10,33.34,8%,360.45,credit card,1,Next Day,,Fragile,
254,ORD-621144,146,183,2023-10-16 18:40:08,2023-10-23 18:40:08,two,11.84,SUMMER,27.0,5%,569.17,CC,Pending,Store Pickup,Yes,,False
255,ORD-347020,441,322,2023-03-18 11:50:01,2023-03-17 11:50:01,0,274.93,NULL,19.63,5%,806.76,PayPal,Pending,Next Day,,,
256,ORD-670715,887,205,2023-10-09 10:02:26,2023-10-08 10:02:26,3,214.41,SAVE10,9.09,5%,246.39,CC,1,Express,Yes,Fragile,
257,ORD-541399,421,424,2023-10-25 15:06:55,2023-10-29 15:06:55,,264.92,,30.06,0.05,884.15,Credit Card,Paid,Store Pickup,No,Leave at door,False
258,ORD-145321,316,249,2023-04-13 00:54:47,2023-04-18 00:54:47,1,278.96,SAVE10,41.46,0.05,953.55,paypal,Refunded,Express,,Ring bell,True
259,ORD-625831,166,213,2023-03-11 17:35:45,2023-03-16 17:35:45,5,197.57,WELCOME20,30.0,8%,48.58,Stripe,Pending,Express,Yes,Ring bell,
260,ORD-838477,652,159,2023-06-13 05:02:05,2023-06-16 05:02:05,,499.11,NULL,30.53,5%,68.52,PayPal,1,Store Pickup,,,True
261,ORD-211228,203,500,2023-01-16 17:59:24,2023-01-23 17:59:24,,488.37,SAVE10,25.59,0.1,100.05,CC,Failed,Express,Yes,,False
262,ORD-187666,496,432,2023-06-14 12:11:46,2023-06-19 12:11:46,2,481.06,NULL,19.41,8%,779.0,credit card,Failed,Next Day,No,,
263,ORD-465803,756,100,2023-08-19 21:19:29,2023-08-17 21:19:29,,489.65,SAVE10,22.87,5%,197.44,Credit Card,0,Standard,No,,False
264,ORD-730127,625,317,2023-12-27 10:05:20,2024-01-02 10:05:20,2,397.54,,49.48,0.1,728.44,cash,Pending,Standard,Yes,Fragile,True
265,ORD-575427,468,112,2023-01-31 00:42:25,2023-02-09 00:42:25,0,494.35,,37.48,5%,446.86,Credit Card,Refunded,Standard,Yes,Ring bell,False
266,ORD-818883,713,308,2023-02-06 20:09:59,2023-02-04 20:09:59,3,446.72,NULL,21.53,0.08,837.89,paypal,1,Store Pickup,,,
267,ORD-514914,385,166,2023-04-21 02:54:00,2023-04-21 02:54:00,two,210.89,SUMMER,22.86,0.1,810.47,paypal,0,Store Pickup,Yes,,True
268,ORD-993586,314,475,2023-10-07 21:41:21,2023-10-16 21:41:21,five,393.46,SUMMER,24.98,0.08,960.07,CC,0,Store Pickup,,Leave at door,
269,ORD-478769,771,36,2023-03-23 08:37:26,2023-03-29 08:37:26,two,456.47,WELCOME20,32.97,0.05,258.53,CC,1,Standard,Yes,Ring bell,True
270,ORD-973781,255,112,2023-11-25 20:39:11,2023-12-03 20:39:11,-1,357.74,SUMMER,23.3,8%,236.95,Credit Card,1,Standard,No,,False
271,ORD-540023,959,87,2023-11-21 07:08:46,2023-11-23 07:08:46,5,214.28,NULL,34.31,5%,41.19,CC,1,Store Pickup,,Ring bell,False
272,ORD-840275,917,183,2023-03-09 00:32:20,2023-03-15 00:32:20,3,37.57,SUMMER,16.46,8%,416.31,paypal,1,Standard,,Fragile,
273,ORD-859715,23,85,2023-04-14 14:30:42,2023-04-20 14:30:42,3,405.8,WELCOME20,20.53,5%,464.47,Credit Card,Refunded,Express,No,,
274,ORD-421158,905,269,2023-10-17 22:18:22,2023-10-20 22:18:22,0,476.61,SAVE10,43.2,0.08,964.87,Credit Card,1,Express,,,
275,ORD-408096,758,165,2023-01-10 17:29:57,2023-01-18 17:29:57,5,184.42,SUMMER,16.45,0.1,832.48,cash,Refunded,Standard,No,,True
276,ORD-613407,339,303,2023-01-10 20:08:42,2023-01-08 20:08:42,-1,80.19,NULL,48.22,0.1,175.12,credit card,Refunded,Store Pickup,No,Leave at door,True
277,ORD-305759,493,90,2023-05-31 19:23:12,2023-06-07 19:23:12,-1,166.62,NULL,8.63,5%,800.5,credit card,Refunded,Next Day,No,Fragile,
278,ORD-862658,823,488,2023-08-12 22:58:39,2023-08-16 22:58:39,five,293.4,WELCOME20,12.08,0.08,186.52,CC,Failed,Next Day,Yes,Leave at door,True
279,ORD-891283,511,455,2023-01-09 10:55:59,2023-01-12 10:55:59,1,161.88,WELCOME20,23.18,5%,86.99,CC,Paid,Standard,No,Fragile,True
280,ORD-667810,366,238,2023-10-25 07:25:51,2023-10-31 07:25:51,two,307.26,,39.87,5%,838.71,paypal,0,Next Day,,Fragile,False
281,ORD-945894,372,487,2023-09-25 10:13:40,2023-09-29 10:13:40,,483.59,,36.58,5%,976.2,paypal,Pending,Store Pickup,Yes,Fragile,False
282,ORD-712835,915,22,2023-01-22 13:13:35,2023-01-31 13:13:35,5,337.01,,8.72,0.1,97.24,credit card,Failed,Express,No,,False
283,ORD-305260,830,167,2023-12-26 04:30:11,2024-01-03 04:30:11,-1,184.52,SAVE10,11.83,5%,815.79,Credit Card,Paid,Express,No,,
284,ORD-227521,599,215,2023-11-16 15:12:07,2023-11-25 15:12:07,-1,468.2,NULL,28.76,0.1,860.62,PayPal,0,Store Pickup,No,,False
285,ORD-278613,219,58,2023-11-06 00:15:37,2023-11-07 00:15:37,1,284.99,,14.76,0.05,127.57,Stripe,Failed,Next Day,,Leave at door,False
286,ORD-504608,475,30,2023-05-12 08:29:24,2023-05-16 08:29:24,3,68.54,NULL,21.12,0.08,290.42,Stripe,0,Standard,Yes,,True
287,ORD-416915,423,402,2023-06-01 23:00:24,2023-05-31 23:00:24,-1,252.0,WELCOME20,24.33,0.05,736.32,cash,Refunded,Express,Yes,Fragile,False
288,ORD-566521,356,106,2023-06-16 15:47:36,2023-06-19 15:47:36,five,328.55,SAVE10,29.71,5%,809.65,PayPal,Refunded,Next Day,Yes,Leave at door,True
289,ORD-144833,460,402,2023-08-06 09:24:40,2023-08-09 09:24:40,-1,419.94,WELCOME20,12.55,0.1,360.43,cash,1,Next Day,,,False
290,ORD-731267,503,494,2023-11-21 13:34:57,2023-11-20 13:34:57,-1,468.56,NULL,8.16,0.08,168.33,CC,Refunded,Express,No,,
291,ORD-490763,27,330,2023-11-03 02:42:26,2023-11-04 02:42:26,1,162.12,,19.93,8%,651.86,Stripe,Failed,Express,Yes,,
292,ORD-986536,942,167,2023-09-05 11:41:33,2023-09-10 11:41:33,five,81.98,WELCOME20,4.1,0.08,704.95,cash,0,Standard,No,,False
293,ORD-465395,802,350,2023-07-11 03:14:27,2023-07-16 03:14:27,4,41.55,SUMMER,26.34,0.08,508.57,Stripe,Pending,Store Pickup,,Fragile,False
294,ORD-207907,801,154,2023-08-29 16:20:57,2023-09-03 16:20:57,2,370.49,SAVE10,41.98,5%,153.49,PayPal,0,Next Day,Yes,Ring bell,False
295,ORD-953555,860,327,2023-11-06 03:22:16,2023-11-11 03:22:16,1,398.6,NULL,5.95,0.05,846.04,cash,Refunded,Standard,,,
296,ORD-295574,223,7,2023-05-18 13:23:53,2023-05-16 13:23:53,3,207.64,,5.64,0.05,648.81,PayPal,0,Express,Yes,,True
297,ORD-509710,864,197,2023-01-20 17:48:12,2023-01-19 17:48:12,3,200.98,WELCOME20,4.01,8%,870.47,credit card,Paid,Store Pickup,Yes,Ring bell,True
298,ORD-582059,690,321,2023-10-18 13:01:04,2023-10-27 13:01:04,5,477.35,SAVE10,42.39,5%,933.64,Credit Card,0,Store Pickup,No,Fragile,False
299,ORD-270080,148,46,2023-10-30 22:38:51,2023-10-31 22:38:51,1,458.76,,4.04,0.08,807.64,paypal,Failed,Next Day,,Fragile,
300,ORD-895671,424,18,2023-07-21 10:26:32,2023-07-30 10:26:32,0,120.47,WELCOME20,49.17,0.05,959.07,credit card,Paid,Store Pickup,Yes,Fragile,True
301,ORD-926634,739,397,2023-05-09 13:13:09,2023-05-15 13:13:09,1,391.5,NULL,17.92,0.05,954.72,Stripe,1,Express,Yes,,False
302,ORD-760455,351,153,2023-08-03 13:46:43,2023-08-03 13:46:43,4,313.24,SUMMER,16.44,0.1,623.15,paypal,1,Express,,Ring bell,
303,ORD-352702,186,488,2023-03-17 12:00:29,2023-03-20 12:00:29,-1,81.34,SUMMER,4.58,0.08,730.89,credit card,0,Express,No,Fragile,
304,ORD-939855,415,264,2023-04-19 10:58:27,2023-04-23 10:58:27,1,181.6,NULL,29.28,5%,702.41,credit card,Pending,Standard,,,True
305,ORD-497378,806,74,2023-02-10 08:21:22,2023-02-15 08:21:22,0,92.85,SAVE10,29.29,0.05,624.92,PayPal,Failed,Express,Yes,Ring bell,
306,ORD-123545,982,416,2023-07-04 01:26:46,2023-07-08 01:26:46,,151.1,NULL,24.69,5%,29.16,paypal,Pending,Standard,,Fragile,False
307,ORD-574884,429,145,2023-01-18 22:44:02,2023-01-18 22:44:02,0,309.57,WELCOME20,15.55,0.08,362.35,credit card,Paid,Express,No,Ring bell,False
308,ORD-329808,41,102,2023-04-28 19:53:53,2023-05-01 19:53:53,3,190.76,SAVE10,18.43,0.08,109.08,PayPal,Pending,Express,No,,True
309,ORD-891182,905,335,2023-05-14 02:04:09,2023-05-16 02:04:09,4,200.06,SUMMER,16.03,0.05,307.26,CC,Paid,Store Pickup,No,Leave at door,
310,ORD-406489,393,335,2023-01-29 21:01:43,2023-02-07 21:01:43,-1,272.13,WELCOME20,21.31,8%,77.88,paypal,Pending,Next Day,No,Fragile,True
311,ORD-370652,703,121,2023-10-12 08:01:39,2023-10-19 08:01:39,0,48.18,,17.09,5%,920.83,cash,1,Express,No,,True
312,ORD-158530,79,176,2023-07-20 03:40:47,2023-07-21 03:40:47,4,370.7,,33.78,5%,456.82,credit card,Failed,Store Pickup,No,,
313,ORD-443865,717,63,2023-07-14 17:29:43,2023-07-12 17:29:43,,203.85,,14.79,0.1,197.47,Stripe,Pending,Store Pickup,No,Fragile,True
314,ORD-792829,896,296,2023-12-27 18:45:36,2023-12-31 18:45:36,five,242.8,SUMMER,17.54,0.08,588.93,CC,0,Next Day,Yes,Leave at door,
315,ORD-857097,790,499,2023-10-05 19:34:54,2023-10-10 19:34:54,five,487.28,NULL,21.77,0.08,204.49,PayPal,Paid,Store Pickup,,,False
316,ORD-252746,784,84,2023-09-18 02:32:04,2023-09-17 02:32:04,five,175.46,SAVE10,0.2,0.05,806.4,credit card,0,Store Pickup,No,,True
317,ORD-296447,544,15,2023-08-02 01:52:44,2023-08-06 01:52:44,,325.87,SUMMER,24.6,0.05,312.86,Stripe,Failed,Next Day,,Ring bell,
318,ORD-213877,450,355,2023-07-07 08:40:24,2023-07-10 08:40:24,-1,199.29,WELCOME20,12.79,0.05,321.75,PayPal,0,Standard,,Fragile,
319,ORD-557851,474,134,2023-02-26 06:49:04,2023-02-28 06:49:04,2,447.67,WELCOME20,2.81,0.1,871.25,PayPal,1,Next Day,Yes,Leave at door,
320,ORD-697819,142,478,2023-06-24 15:07:06,2023-06-25 15:07:06,2,424.14,,45.55,8%,563.61,cash,1,Next Day,,,True
321,ORD-941060,251,121,2023-01-05 05:18:36,2023-01-04 05:18:36,4,124.6,SAVE10,16.12,0.05,888.43,Stripe,Refunded,Express,,Ring bell,False
322,ORD-487611,294,319,2023-11-19 05:28:35,2023-11-26 05:28:35,five,347.41,,21.3,0.05,418.76,PayPal,Failed,Express,No,Fragile,True
323,ORD-898269,610,392,2023-09-13 20:15:17,2023-09-16 20:15:17,3,37.26,WELCOME20,41.37,0.05,350.49,paypal,Pending,Standard,No,Leave at door,False
324,ORD-538912,136,479,2023-06-14 19:22:39,2023-06-16 19:22:39,-1,481.78,WELCOME20,8.34,0.1,511.14,cash,1,Next Day,,Ring bell,True
325,ORD-508930,484,128,2023-10-22 02:28:41,2023-10-21 02:28:41,2,177.75,NULL,42.52,5%,70.88,CC,Pending,Next Day,No,Leave at door,True
326,ORD-959376,789,368,2023-03-02 19:11:27,2023-03-09 19:11:27,1,416.76,NULL,12.08,8%,162.66,cash,Pending,Standard,Yes,Leave at door,True
327,ORD-107135,312,367,2023-02-26 22:53:11,2023-03-02 22:53:11,5,162.62,NULL,29.45,5%,227.33,CC,Paid,Express,,Ring bell,False
328,ORD-340281,814,288,2023-09-13 04:24:13,2023-09-16 04:24:13,two,318.22,,34.28,0.08,818.51,Credit Card,0,Next Day,,Ring bell,
329,ORD-829632,555,301,2023-10-18 20:33:40,2023-10-27 20:33:40,,491.88,SAVE10,45.25,0.08,736.46,cash,Pending,Standard,Yes,Fragile,True
330,ORD-107241,632,378,2023-07-19 10:37:19,2023-07-27 10:37:19,,438.99,NULL,30.38,0.05,201.37,cash,Refunded,Express,Yes,Ring bell,True
331,ORD-428588,732,180,2023-10-18 01:39:18,2023-10-24 01:39:18,2,84.38,SUMMER,22.66,5%,283.98,credit card,Failed,Store Pickup,Yes,Fragile,False
332,ORD-376936,46,463,2023-04-03 18:34:08,2023-04-11 18:34:08,,276.01,NULL,28.61,0.1,944.82,cash,Failed,Standard,Yes,Leave at door,True
333,ORD-421342,236,82,2023-06-29 09:38:38,2023-07-06 09:38:38,five,177.52,,10.1,8%,94.94,PayPal,Paid,Standard,,Ring bell,
334,ORD-544642,48,13,2023-01-16 04:04:06,2023-01-18 04:04:06,two,220.0,SAVE10,34.45,5%,551.98,credit card,Refunded,Next Day,No,Fragile,
335,ORD-718359,198,24,2023-04-08 13:39:08,2023-04-14 13:39:08,3,170.92,NULL,9.34,5%,526.79,CC,0,Store Pickup,No,Fragile,False
336,ORD-866683,84,168,2023-06-22 17:16:59,2023-06-28 17:16:59,1,171.3,SAVE10,27.86,8%,728.45,CC,Refunded,Express,No,,False
337,ORD-252219,543,270,2023-10-30 11:52:42,2023-10-28 11:52:42,4,273.56,SUMMER,32.38,5%,268.82,PayPal,Failed,Store Pickup,No,Fragile,
338,ORD-176448,161,476,2023-10-16 17:43:51,2023-10-18 17:43:51,two,100.02,WELCOME20,44.93,5%,935.42,paypal,Refunded,Next Day,Yes,Fragile,
339,ORD-338184,428,459,2023-07-24 12:19:19,2023-07-30 12:19:19,3,271.01,SAVE10,22.51,8%,416.48,Stripe,0,Next Day,No,,
340,ORD-593337,71,70,2023-01-24 07:39:11,2023-01-28 07:39:11,,143.09,NULL,38.77,0.1,292.86,PayPal,1,Express,No,,False
341,ORD-815864,520,318,2023-03-09 14:54:48,2023-03-12 14:54:48,2,148.05,,8.38,8%,343.5,PayPal,Pending,Express,,Ring bell,
342,ORD-787996,969,376,2023-01-17 08:34:45,2023-01-20 08:34:45,0,370.68,,7.81,0.05,355.24,Credit Card,Pending,Express,,,
343,ORD-508159,898,89,2023-11-24 14:48:27,2023-12-02 14:48:27,4,19.65,,26.24,0.05,206.94,Stripe,Failed,Next Day,No,Fragile,
344,ORD-399644,913,189,2023-11-17 12:02:29,2023-11-21 12:02:29,-1,193.57,,29.82,0.05,928.77,cash,Failed,Express,Yes,Fragile,True
345,ORD-363285,52,257,2023-01-16 09:37:37,2023-01-14 09:37:37,5,206.73,SAVE10,31.62,0.05,183.13,paypal,0,Express,No,Ring bell,False
346,ORD-319008,45,217,2023-10-30 10:20:35,2023-10-31 10:20:35,2,245.13,,37.28,0.08,884.0,credit card,Refunded,Express,Yes,Leave at door,False
347,ORD-893060,293,450,2023-06-10 22:27:31,2023-06-08 22:27:31,,336.16,WELCOME20,14.75,0.1,410.88,Stripe,0,Standard,,,False
348,ORD-452609,938,382,2023-09-12 23:18:15,2023-09-15 23:18:15,2,187.99,SUMMER,31.13,0.08,276.58,paypal,Paid,Express,Yes,,False
349,ORD-729113,812,32,2023-06-28 15:17:52,2023-06-29 15:17:52,five,110.5,SAVE10,9.41,5%,206.52,PayPal,Failed,Next Day,No,Ring bell,True
350,ORD-604032,465,141,2023-07-25 02:52:57,2023-07-23 02:52:57,,443.01,SAVE10,10.95,5%,509.3,PayPal,Failed,Standard,,Ring bell,True
351,ORD-626374,885,161,2023-02-27 21:06:23,2023-03-05 21:06:23,2,490.61,,3.37,8%,672.57,PayPal,Failed,Next Day,No,,True
352,ORD-322546,550,32,2023-01-27 22:52:47,2023-02-05 22:52:47,two,14.91,,37.35,0.05,899.24,PayPal,0,Store Pickup,No,Fragile,True
353,ORD-256875,867,312,2023-10-18 15:14:07,2023-10-19 15:14:07,two,275.5,SAVE10,25.35,8%,655.92,PayPal,0,Standard,Yes,Fragile,True
354,ORD-852589,380,152,2023-08-14 12:19:09,2023-08-23 12:19:09,1,174.14,,11.91,5%,488.83,Stripe,Refunded,Express,No,,False
355,ORD-367124,743,347,2023-09-07 23:05:39,2023-09-10 23:05:39,1,142.11,,27.81,0.05,43.14,cash,1,Standard,No,,False
356,ORD-417671,478,260,2023-05-13 19:36:58,2023-05-17 19:36:58,4,171.17,,17.71,0.1,916.27,Stripe,Failed,Next Day,,Ring bell,False
357,ORD-484424,262,216,2023-05-22 14:29:47,2023-05-27 14:29:47,2,321.24,,41.86,5%,903.35,cash,1,Standard,Yes,,True
358,ORD-808899,580,279,2023-06-21 12:05:16,2023-06-30 12:05:16,1,99.4,,26.41,8%,384.93,Stripe,0,Store Pickup,Yes,Leave at door,
359,ORD-585800,179,285,2023-07-05 09:23:54,2023-07-13 09:23:54,five,456.87,NULL,1.49,8%,38.74,paypal,Refunded,Express,,Ring bell,False
360,ORD-184867,357,98,2023-05-09 06:46:39,2023-05-15 06:46:39,3,235.73,NULL,49.25,5%,736.04,PayPal,0,Express,,,False
361,ORD-446733,419,405,2023-09-28 19:51:22,2023-10-04 19:51:22,1,166.16,NULL,3.71,0.08,793.76,CC,Paid,Store Pickup,Yes,,
362,ORD-669686,698,30,2023-04-28 21:29:23,2023-05-03 21:29:23,2,383.94,SAVE10,34.8,0.1,547.04,Stripe,Pending,Next Day,,Ring bell,True
363,ORD-143239,953,90,2023-07-14 19:03:46,2023-07-21 19:03:46,two,13.09,SUMMER,21.86,5%,408.85,CC,Pending,Standard,Yes,Fragile,
364,ORD-880770,201,148,2023-07-04 17:32:04,2023-07-12 17:32:04,5,218.77,SAVE10,12.47,5%,852.62,Credit Card,0,Next Day,,Ring bell,
365,ORD-744601,902,144,2023-03-09 04:35:33,2023-03-18 04:35:33,0,180.88,NULL,33.82,8%,200.59,credit card,Pending,Next Day,Yes,Ring bell,False
366,ORD-323285,13,67,2023-03-05 20:22:32,2023-03-14 20:22:32,-1,172.41,SAVE10,6.29,0.05,445.16,Stripe,Pending,Next Day,Yes,Leave at door,False
367,ORD-862078,443,433,2023-07-24 16:21:28,2023-07-24 16:21:28,1,171.85,SUMMER,42.91,0.05,34.24,CC,Refunded,Express,,Ring bell,True
368,ORD-341350,726,357,2023-05-28 17:26:32,2023-06-06 17:26:32,-1,20.48,,12.53,0.05,172.37,Credit Card,Pending,Standard,No,,
369,ORD-609446,732,58,2023-05-06 23:34:50,2023-05-05 23:34:50,0,80.3,WELCOME20,18.07,8%,941.42,paypal,Refunded,Express,No,,True
370,ORD-220409,286,488,2023-06-14 06:28:32,2023-06-16 06:28:32,4,75.23,NULL,31.63,0.05,582.3,credit card,Paid,Express,,,
371,ORD-668189,756,428,2023-08-30 08:07:07,2023-08-28 08:07:07,two,494.36,NULL,0.05,5%,807.54,cash,Failed,Express,Yes,Fragile,False
372,ORD-192861,868,281,2023-06-11 19:14:00,2023-06-11 19:14:00,two,15.97,SUMMER,23.64,0.08,491.64,PayPal,Failed,Standard,,,
373,ORD-804864,258,279,2023-01-07 04:59:24,2023-01-05 04:59:24,0,87.7,,44.71,0.08,836.48,Stripe,Failed,Store Pickup,No,Leave at door,True
374,ORD-326683,570,236,2023-06-18 07:23:51,2023-06-18 07:23:51,2,487.22,,34.02,0.08,543.56,Stripe,Refunded,Express,Yes,Ring bell,
375,ORD-220042,548,443,2023-06-15 15:27:11,2023-06-16 15:27:11,-1,315.99,WELCOME20,19.4,0.05,14.49,PayPal,Refunded,Express,Yes,,True
376,ORD-605662,840,385,2023-07-24 15:11:13,2023-07-28 15:11:13,-1,228.08,,33.02,0.08,900.7,cash,Refunded,Express,Yes,Ring bell,
377,ORD-708268,941,353,2023-08-03 10:37:48,2023-08-12 10:37:48,0,43.99,SUMMER,46.83,0.05,157.08,paypal,Paid,Standard,No,,False
378,ORD-987363,490,399,2023-11-07 01:23:06,2023-11-16 01:23:06,-1,336.48,,9.39,5%,456.05,credit card,1,Standard,No,Ring bell,False
379,ORD-378188,498,128,2023-12-04 09:51:28,2023-12-06 09:51:28,2,73.21,SUMMER,26.59,5%,481.91,Stripe,Refunded,Next Day,Yes,,True
380,ORD-686900,905,337,2023-07-12 01:33:52,2023-07-14 01:33:52,two,337.24,NULL,11.74,8%,56.76,CC,Refunded,Express,Yes,,False
381,ORD-276158,894,482,2023-12-07 14:59:23,2023-12-05 14:59:23,4,489.69,NULL,42.71,8%,62.54,cash,Failed,Express,No,Leave at door,
382,ORD-701338,705,209,2023-08-13 12:05:25,2023-08-18 12:05:25,five,268.33,NULL,36.05,0.1,764.93,credit card,0,Standard,No,,
383,ORD-275205,333,436,2023-11-19 21:54:48,2023-11-20 21:54:48,two,110.97,SAVE10,40.05,5%,307.45,Credit Card,Pending,Standard,Yes,,False
384,ORD-946664,562,186,2023-07-21 20:38:14,2023-07-28 20:38:14,3,314.52,NULL,47.15,0.05,415.53,cash,Pending,Express,,Fragile,True
385,ORD-297193,975,169,2023-02-17 21:52:04,2023-02-19 21:52:04,3,258.9,SUMMER,11.62,0.1,568.47,Stripe,Paid,Store Pickup,,,
386,ORD-637048,32,172,2023-11-03 08:26:34,2023-11-02 08:26:34,two,268.9,WELCOME20,2.44,5%,379.65,paypal,Pending,Next Day,,Ring bell,True
387,ORD-439396,610,260,2023-11-16 05:40:31,2023-11-25 05:40:31,2,241.66,,14.55,0.05,777.29,cash,1,Next Day,No,Leave at door,
388,ORD-884639,43,205,2023-07-25 15:36:49,2023-07-23 15:36:49,five,338.5,NULL,19.96,5%,885.62,CC,Failed,Express,,,True
389,ORD-282248,893,452,2023-09-26 04:36:00,2023-10-02 04:36:00,4,288.11,SAVE10,31.26,5%,69.12,credit card,Paid,Next Day,,,True
390,ORD-455387,351,135,2023-01-19 09:07:29,2023-01-18 09:07:29,-1,493.56,SAVE10,39.89,0.05,639.05,cash,Pending,Next Day,No,Leave at door,
391,ORD-654852,334,46,2023-07-25 06:48:32,2023-07-28 06:48:32,3,413.8,SUMMER,17.49,5%,324.48,credit card,Pending,Express,,,
392,ORD-174101,822,9,2023-10-18 16:22:42,2023-10-16 16:22:42,3,136.03,WELCOME20,23.67,5%,587.44,CC,0,Next Day,Yes,Ring bell,True
393,ORD-627759,559,471,2023-10-13 18:55:49,2023-10-11 18:55:49,3,364.25,NULL,39.27,5%,489.07,Credit Card,Failed,Standard,No,Fragile,
394,ORD-901953,270,161,2023-11-09 06:22:52,2023-11-15 06:22:52,,111.08,NULL,11.27,8%,340.34,Credit Card,Paid,Express,Yes,,False
395,ORD-330681,944,289,2023-12-20 20:41:43,2023-12-21 20:41:43,2,392.26,SAVE10,10.86,0.08,103.87,cash,Failed,Standard,,Leave at door,
396,ORD-814032,823,340,2023-07-17 05:15:46,2023-07-23 05:15:46,two,78.04,SUMMER,29.46,5%,563.85,credit card,Paid,Express,Yes,,True
397,ORD-195320,413,388,2023-08-25 04:58:33,2023-09-02 04:58:33,five,239.41,SAVE10,21.8,0.05,121.66,PayPal,Pending,Standard,No,,
398,ORD-971430,943,321,2023-09-18 06:07:20,2023-09-20 06:07:20,two,396.35,SAVE10,47.44,5%,164.56,CC,Failed,Next Day,,Leave at door,
399,ORD-818769,575,106,2023-01-24 15:19:21,2023-01-28 15:19:21,,143.66,WELCOME20,17.85,8%,982.35,Stripe,Failed,Store Pickup,No,Leave at door,True
400,ORD-261420,19,290,2023-07-16 16:49:43,2023-07-14 16:49:43,3,419.37,SUMMER,37.98,8%,323.54,cash,1,Standard,,Fragile,
401,ORD-520502,347,475,2023-07-27 00:39:46,2023-07-30 00:39:46,0,323.85,WELCOME20,29.15,5%,588.59,Credit Card,0,Standard,No,Leave at door,True
402,ORD-105059,905,341,2023-08-27 23:20:49,2023-09-01 23:20:49,,201.77,SUMMER,2.73,0.1,279.51,Stripe,Failed,Store Pickup,No,Leave at door,True
403,ORD-115467,613,88,2023-09-20 06:22:41,2023-09-18 06:22:41,2,214.59,NULL,4.22,0.08,866.85,Credit Card,Paid,Store Pickup,Yes,Leave at door,True
404,ORD-914361,37,463,2023-04-15 13:36:52,2023-04-21 13:36:52,4,463.37,,10.16,0.05,290.51,Credit Card,1,Standard,No,,True
405,ORD-683313,619,483,2023-01-03 04:04:46,2023-01-03 04:04:46,-1,112.81,,7.16,0.05,373.22,paypal,Failed,Standard,No,Leave at door,False
406,ORD-765493,92,192,2023-10-06 06:03:12,2023-10-04 06:03:12,5,348.21,SUMMER,16.47,0.05,612.3,cash,Failed,Standard,Yes,Leave at door,False
407,ORD-921946,820,153,2023-01-19 20:26:22,2023-01-17 20:26:22,five,355.11,,28.95,0.05,871.29,Stripe,1,Express,,Leave at door,True
408,ORD-718740,185,311,2023-08-22 09:31:40,2023-08-30 09:31:40,,461.61,SAVE10,30.12,8%,818.05,PayPal,Pending,Standard,,Fragile,
409,ORD-408752,728,137,2023-11-04 18:43:04,2023-11-07 18:43:04,4,358.02,NULL,29.39,0.08,271.22,Credit Card,Failed,Standard,No,,False
410,ORD-421967,28,273,2023-07-13 09:20:38,2023-07-21 09:20:38,5,294.31,NULL,5.88,5%,831.26,PayPal,Refunded,Store Pickup,Yes,Leave at door,True
411,ORD-535185,548,149,2023-01-21 01:29:51,2023-01-24 01:29:51,4,451.75,,30.01,5%,704.18,credit card,0,Store Pickup,,Leave at door,False
412,ORD-137140,372,188,2023-10-23 12:20:14,2023-10-21 12:20:14,two,415.42,SUMMER,20.49,0.1,989.93,credit card,Pending,Express,Yes,Fragile,True
413,ORD-951404,832,141,2023-10-20 08:48:46,2023-10-20 08:48:46,two,359.8,SAVE10,45.15,5%,936.09,paypal,Failed,Express,No,,False
414,ORD-949111,530,131,2023-01-26 11:51:01,2023-01-30 11:51:01,3,21.13,SUMMER,45.6,0.08,537.81,PayPal,Pending,Next Day,Yes,Fragile,True
415,ORD-537728,345,452,2023-02-22 15:54:16,2023-03-01 15:54:16,1,189.89,,38.41,5%,752.43,CC,Paid,Standard,No,Ring bell,False
416,ORD-433485,419,4,2023-01-14 11:01:26,2023-01-14 11:01:26,-1,317.79,NULL,35.16,8%,574.48,paypal,Pending,Standard,,Ring bell,False
417,ORD-841303,196,491,2023-02-17 04:02:21,2023-02-17 04:02:21,2,263.51,NULL,5.75,5%,599.05,Credit Card,1,Store Pickup,,Ring bell,
418,ORD-874630,78,476,2023-02-03 21:43:06,2023-02-03 21:43:06,2,163.06,SUMMER,4.23,0.05,110.49,credit card,Failed,Next Day,,Leave at door,False
419,ORD-567587,167,263,2023-12-03 01:15:32,2023-12-12 01:15:32,3,76.49,WELCOME20,42.04,0.05,12.22,cash,Pending,Standard,,Fragile,
420,ORD-447212,90,26,2023-12-13 06:50:38,2023-12-17 06:50:38,two,278.73,SUMMER,21.35,0.05,57.7,credit card,Refunded,Next Day,Yes,Leave at door,False
421,ORD-692851,264,459,2023-09-26 06:30:07,2023-09-27 06:30:07,3,146.53,WELCOME20,22.57,0.05,966.96,CC,Paid,Express,Yes,Ring bell,True
422,ORD-793408,472,24,2023-06-22 22:08:24,2023-06-23 22:08:24,0,120.34,SUMMER,42.39,8%,135.01,paypal,Paid,Standard,Yes,,
423,ORD-582850,208,491,2023-08-20 22:54:23,2023-08-20 22:54:23,,202.48,WELCOME20,31.07,8%,53.95,PayPal,Pending,Standard,No,,False
424,ORD-899662,724,266,2023-11-23 04:37:57,2023-11-30 04:37:57,,393.82,WELCOME20,8.97,8%,316.55,cash,1,Express,,Fragile,
425,ORD-568858,271,229,2023-07-25 06:28:37,2023-08-02 06:28:37,five,246.49,WELCOME20,10.55,5%,592.3,credit card,Paid,Standard,,,True
426,ORD-721176,263,269,2023-06-03 16:40:26,2023-06-09 16:40:26,two,112.16,WELCOME20,0.32,0.05,948.98,Credit Card,Pending,Express,,Ring bell,True
427,ORD-259806,506,125,2023-01-01 19:18:39,2022-12-31 19:18:39,1,62.87,SAVE10,35.53,0.1,702.89,CC,Pending,Express,Yes,Fragile,True
428,ORD-590388,785,172,2023-06-03 20:53:07,2023-06-04 20:53:07,0,252.0,WELCOME20,24.28,0.1,283.59,CC,Paid,Next Day,Yes,Fragile,True
429,ORD-655168,512,234,2023-10-12 21:37:32,2023-10-17 21:37:32,0,398.21,WELCOME20,47.5,0.05,939.67,Stripe,Pending,Store Pickup,,Ring bell,True
430,ORD-678550,854,295,2023-01-12 02:50:55,2023-01-15 02:50:55,two,328.14,NULL,35.7,0.08,45.68,CC,Pending,Store Pickup,No,Ring bell,
431,ORD-407227,726,403,2023-07-05 00:20:27,2023-07-09 00:20:27,,119.91,SAVE10,5.16,5%,979.26,Credit Card,0,Express,Yes,Ring bell,
432,ORD-959480,886,435,2023-04-21 22:34:56,2023-04-25 22:34:56,5,221.17,WELCOME20,8.08,0.1,68.05,CC,Refunded,Next Day,,Ring bell,False
433,ORD-475718,576,275,2023-08-07 23:19:00,2023-08-06 23:19:00,,428.34,,25.09,8%,756.31,PayPal,Pending,Express,,Fragile,False
434,ORD-551008,524,76,2023-05-03 18:43:11,2023-05-04 18:43:11,five,92.94,SAVE10,46.24,0.08,54.84,Stripe,0,Next Day,,,True
435,ORD-260269,722,308,2023-02-04 11:41:14,2023-02-11 11:41:14,five,268.38,NULL,12.36,8%,932.25,PayPal,0,Next Day,No,Ring bell,True
436,ORD-640450,312,214,2023-01-27 12:40:56,2023-02-03 12:40:56,two,181.33,SUMMER,41.28,0.08,117.58,cash,Pending,Store Pickup,,,
437,ORD-347733,174,431,2023-04-09 22:19:56,2023-04-12 22:19:56,-1,66.47,NULL,15.61,0.08,59.97,paypal,1,Store Pickup,Yes,Fragile,True
438,ORD-930031,431,485,2023-03-24 10:32:39,2023-03-24 10:32:39,-1,29.7,NULL,13.49,5%,890.37,paypal,Paid,Next Day,No,Leave at door,True
439,ORD-679725,768,376,2023-08-13 09:51:51,2023-08-19 09:51:51,1,280.16,SAVE10,45.07,8%,104.84,cash,0,Store Pickup,No,,True
440,ORD-435844,463,158,2023-06-17 04:18:12,2023-06-18 04:18:12,-1,15.27,SAVE10,2.36,8%,799.95,cash,0,Next Day,,Fragile,False
441,ORD-824393,101,302,2023-11-11 17:46:51,2023-11-18 17:46:51,4,56.21,,33.04,0.1,749.56,PayPal,1,Standard,Yes,Ring bell,
442,ORD-622012,16,204,2023-02-18 23:56:24,2023-02-17 23:56:24,4,177.04,,2.16,0.05,602.89,Credit Card,Failed,Express,Yes,,False
443,ORD-455357,709,477,2023-05-27 20:45:54,2023-05-30 20:45:54,2,26.54,SAVE10,40.04,0.05,384.18,Stripe,1,Store Pickup,,Leave at door,True
444,ORD-807796,258,149,2023-06-05 05:34:26,2023-06-03 05:34:26,4,203.22,SAVE10,41.47,0.1,916.42,paypal,Failed,Express,,,True
445,ORD-854898,896,75,2023-06-25 20:35:44,2023-06-28 20:35:44,5,69.53,SAVE10,44.67,0.08,872.37,CC,Failed,Store Pickup,Yes,Ring bell,False
446,ORD-771731,244,380,2023-10-07 11:18:16,2023-10-16 11:18:16,5,178.19,SUMMER,9.3,0.1,431.98,cash,1,Express,No,Fragile,False
447,ORD-367252,348,229,2023-03-09 17:39:33,2023-03-16 17:39:33,5,396.62,NULL,6.22,0.1,239.41,PayPal,Refunded,Express,No,Fragile,
448,ORD-832359,249,304,2023-04-18 19:44:49,2023-04-16 19:44:49,4,315.05,,25.18,8%,279.85,credit card,1,Store Pickup,,,True
449,ORD-120812,105,62,2023-10-10 19:15:03,2023-10-15 19:15:03,1,225.47,,13.58,0.1,228.12,Credit Card,0,Store Pickup,,,True
450,ORD-278674,694,58,2023-12-08 18:05:31,2023-12-10 18:05:31,,50.46,WELCOME20,30.31,0.08,545.84,Credit Card,Paid,Store Pickup,Yes,Ring bell,False
451,ORD-544763,667,274,2023-09-03 16:38:32,2023-09-06 16:38:32,two,311.48,SUMMER,25.69,0.05,869.85,PayPal,1,Store Pickup,Yes,,
452,ORD-331009,287,108,2023-05-26 21:04:40,2023-05-25 21:04:40,3,86.04,SAVE10,7.24,5%,775.88,credit card,Refunded,Next Day,Yes,,
453,ORD-723532,169,187,2023-05-17 05:05:53,2023-05-16 05:05:53,2,42.91,SAVE10,36.96,0.1,797.56,Credit Card,1,Store Pickup,Yes,Fragile,True
454,ORD-109748,420,475,2023-06-13 23:17:48,2023-06-22 23:17:48,five,333.68,SUMMER,40.19,0.1,453.81,Stripe,Refunded,Store Pickup,,,True
455,ORD-452712,47,229,2023-02-03 06:09:42,2023-02-09 06:09:42,0,456.47,,48.15,8%,329.22,paypal,Paid,Store Pickup,,Leave at door,False
456,ORD-770275,43,48,2023-11-23 15:14:34,2023-11-23 15:14:34,five,232.99,SAVE10,19.78,8%,759.78,Stripe,Pending,Standard,Yes,Leave at door,True
457,ORD-263198,321,319,2023-07-30 06:29:55,2023-08-02 06:29:55,2,25.29,WELCOME20,16.89,0.1,795.37,credit card,Refunded,Express,,Ring bell,False
458,ORD-923369,818,268,2023-04-04 21:42:04,2023-04-11 21:42:04,five,440.75,,9.61,0.1,698.4,Stripe,Refunded,Store Pickup,,,True
459,ORD-185147,221,215,2023-03-24 12:01:20,2023-03-26 12:01:20,,38.15,NULL,9.04,0.08,41.79,CC,0,Store Pickup,Yes,Fragile,True
460,ORD-372471,513,290,2023-07-12 23:37:27,2023-07-21 23:37:27,five,434.42,SUMMER,16.05,0.05,593.79,cash,Refunded,Express,No,Ring bell,True
461,ORD-183922,712,254,2023-09-19 21:42:57,2023-09-20 21:42:57,five,198.95,,49.09,0.05,353.58,cash,Paid,Express,No,,
462,ORD-814735,441,445,2023-06-26 18:38:37,2023-07-03 18:38:37,,185.87,NULL,4.61,5%,204.23,paypal,Failed,Next Day,Yes,Fragile,True
463,ORD-867219,144,358,2023-12-16 16:50:10,2023-12-15 16:50:10,,273.68,WELCOME20,12.97,0.05,697.45,credit card,Refunded,Express,No,,True
464,ORD-319461,890,87,2023-04-07 05:27:32,2023-04-12 05:27:32,4,478.76,SUMMER,4.3,5%,275.84,PayPal,Paid,Express,,Ring bell,
465,ORD-609725,28,181,2023-06-13 11:31:25,2023-06-20 11:31:25,,449.88,SAVE10,13.68,8%,913.71,Credit Card,0,Standard,No,Leave at door,
466,ORD-192145,854,25,2023-08-26 19:57:10,2023-08-30 19:57:10,3,237.81,SAVE10,4.62,5%,305.1,paypal,0,Next Day,Yes,Fragile,True
467,ORD-774461,850,446,2023-01-09 15:21:10,2023-01-17 15:21:10,-1,349.43,NULL,25.42,5%,559.63,PayPal,Pending,Standard,Yes,Fragile,
468,ORD-418722,790,388,2023-11-10 15:25:17,2023-11-09 15:25:17,3,292.31,,21.92,0.05,829.48,credit card,Refunded,Express,No,Ring bell,
469,ORD-838405,553,222,2023-05-28 09:50:41,2023-05-31 09:50:41,five,348.26,WELCOME20,8.7,0.1,408.1,CC,Failed,Store Pickup,No,Fragile,
470,ORD-843739,844,478,2023-11-01 13:43:08,2023-11-06 13:43:08,3,415.52,NULL,8.74,8%,830.37,Credit Card,Paid,Next Day,,Fragile,
471,ORD-646498,659,397,2023-07-06 06:35:40,2023-07-10 06:35:40,2,22.07,WELCOME20,31.31,0.08,726.46,Credit Card,Pending,Express,No,Ring bell,False
472,ORD-136668,857,426,2023-03-23 19:29:26,2023-03-21 19:29:26,two,166.25,WELCOME20,19.36,5%,921.66,paypal,Failed,Express,No,,True
473,ORD-585381,690,49,2023-04-26 07:02:50,2023-04-28 07:02:50,-1,479.87,WELCOME20,2.81,5%,332.58,PayPal,Pending,Store Pickup,No,Ring bell,False
474,ORD-918532,827,334,2023-01-23 04:55:17,2023-01-22 04:55:17,two,474.92,SUMMER,46.01,5%,113.98,cash,Failed,Store Pickup,,Fragile,True
475,ORD-883909,837,440,2023-06-16 09:55:21,2023-06-19 09:55:21,0,10.55,NULL,20.25,0.1,436.05,credit card,1,Store Pickup,No,Ring bell,
476,ORD-864434,930,175,2023-08-23 05:19:20,2023-08-27 05:19:20,3,104.71,SUMMER,29.55,0.08,787.96,credit card,1,Next Day,,Fragile,False
477,ORD-518623,167,392,2023-10-06 08:24:44,2023-10-10 08:24:44,two,496.92,,44.27,0.05,455.93,PayPal,1,Standard,,,
478,ORD-787183,635,311,2023-08-15 22:28:31,2023-08-15 22:28:31,,248.95,,20.11,8%,269.37,Credit Card,Pending,Next Day,Yes,,
479,ORD-721173,586,472,2023-12-24 21:14:16,2023-12-28 21:14:16,1,288.57,SAVE10,41.03,0.1,37.33,PayPal,1,Store Pickup,Yes,Leave at door,
480,ORD-868086,751,274,2023-02-09 16:46:25,2023-02-11 16:46:25,1,87.38,SAVE10,45.74,0.08,319.89,Stripe,Paid,Next Day,,Ring bell,True
481,ORD-789857,249,35,2023-07-29 08:37:10,2023-08-03 08:37:10,,447.7,SAVE10,8.7,8%,716.25,cash,Paid,Store Pickup,,Ring bell,
482,ORD-331187,775,217,2023-08-31 15:02:23,2023-09-09 15:02:23,two,119.48,,44.62,0.05,156.14,credit card,1,Standard,,,True
483,ORD-814607,764,209,2023-04-08 06:29:56,2023-04-13 06:29:56,five,98.88,WELCOME20,5.99,8%,347.47,PayPal,Failed,Next Day,Yes,,True
484,ORD-580382,357,160,2023-02-02 13:44:28,2023-02-06 13:44:28,,117.92,WELCOME20,13.76,5%,30.03,Credit Card,Failed,Standard,,,
485,ORD-282069,111,408,2023-10-24 13:32:05,2023-10-27 13:32:05,-1,460.21,NULL,40.41,5%,724.54,paypal,Pending,Standard,Yes,Leave at door,True
486,ORD-598336,692,7,2023-03-23 16:36:15,2023-03-22 16:36:15,5,352.91,,45.03,0.1,881.88,Stripe,Failed,Store Pickup,Yes,Leave at door,False
487,ORD-296919,700,269,2023-12-02 23:20:54,2023-12-05 23:20:54,2,385.46,SAVE10,34.21,8%,572.84,Credit Card,Refunded,Next Day,,,True
488,ORD-134238,820,126,2023-05-15 05:51:49,2023-05-24 05:51:49,five,191.63,,5.24,5%,35.61,CC,Failed,Next Day,,Ring bell,
489,ORD-334118,719,475,2023-08-29 16:22:59,2023-09-06 16:22:59,-1,455.04,WELCOME20,26.15,0.1,225.45,CC,Paid,Standard,,Leave at door,
490,ORD-938631,234,368,2023-12-12 23:05:20,2023-12-18 23:05:20,two,395.76,WELCOME20,28.63,0.1,444.08,PayPal,0,Store Pickup,Yes,Fragile,False
491,ORD-913509,24,325,2023-12-19 10:00:40,2023-12-18 10:00:40,five,376.55,SUMMER,14.09,0.1,591.71,cash,Failed,Standard,No,Ring bell,False
492,ORD-728559,26,356,2023-10-13 23:37:23,2023-10-11 23:37:23,five,485.62,SUMMER,49.56,0.05,501.31,cash,Pending,Standard,,,True
493,ORD-256966,381,90,2023-10-19 19:39:45,2023-10-27 19:39:45,two,186.27,NULL,16.78,5%,916.71,Credit Card,Failed,Standard,No,,True
494,ORD-527005,730,42,2023-10-04 18:45:51,2023-10-06 18:45:51,,307.43,,10.51,5%,939.25,Credit Card,Pending,Standard,No,,False
495,ORD-253240,346,365,2023-04-06 06:53:43,2023-04-14 06:53:43,two,455.42,SUMMER,5.51,0.08,116.08,credit card,Refunded,Next Day,No,Ring bell,
496,ORD-831228,378,159,2023-08-09 02:28:01,2023-08-12 02:28:01,3,396.49,SUMMER,18.93,0.05,147.01,paypal,1,Express,No,,
497,ORD-713818,522,202,2023-12-06 10:07:48,2023-12-06 10:07:48,3,283.87,,34.63,5%,364.47,Stripe,Refunded,Next Day,No,,False
498,ORD-941689,17,366,2023-05-26 19:19:49,2023-05-31 19:19:49,2,42.73,WELCOME20,11.57,5%,427.02,Credit Card,Paid,Store Pickup,Yes,,False
499,ORD-607913,245,282,2023-12-04 02:30:02,2023-12-08 02:30:02,1,328.1,NULL,38.48,0.08,590.21,Stripe,0,Express,Yes,Ring bell,
500,ORD-419944,718,470,2023-12-25 23:43:03,2023-12-24 23:43:03,4,265.65,NULL,6.77,8%,775.43,PayPal,Refunded,Standard,Yes,Leave at door,
501,ORD-457470,770,332,2023-04-30 18:19:38,2023-05-09 18:19:38,2,96.17,NULL,22.02,8%,144.41,credit card,Refunded,Next Day,No,Fragile,True
502,ORD-883898,624,288,2023-06-11 14:01:36,2023-06-15 14:01:36,2,441.72,SUMMER,35.12,0.05,804.61,cash,Paid,Express,Yes,,False
503,ORD-334491,717,91,2023-06-14 16:29:04,2023-06-12 16:29:04,5,174.91,WELCOME20,6.77,0.1,613.93,Stripe,Paid,Standard,,Fragile,False
504,ORD-776489,539,481,2023-04-27 22:49:47,2023-05-03 22:49:47,4,196.8,NULL,29.89,0.08,981.08,Stripe,1,Next Day,No,Ring bell,False
505,ORD-892720,969,125,2023-09-25 19:56:51,2023-09-29 19:56:51,1,337.84,,39.95,0.08,654.66,Stripe,1,Express,,Ring bell,
506,ORD-130451,583,126,2023-02-09 15:00:04,2023-02-12 15:00:04,five,246.96,NULL,29.78,5%,718.93,Stripe,Failed,Next Day,No,Leave at door,True
507,ORD-959594,688,52,2023-09-22 14:29:32,2023-09-21 14:29:32,4,49.19,SAVE10,25.57,5%,203.26,Stripe,Pending,Express,No,,
508,ORD-224675,202,404,2023-05-07 03:05:02,2023-05-07 03:05:02,5,196.78,WELCOME20,41.91,0.08,771.17,cash,Paid,Store Pickup,No,Fragile,False
509,ORD-171166,248,103,2023-01-22 08:19:08,2023-01-20 08:19:08,0,51.76,SAVE10,49.27,0.1,88.47,credit card,Refunded,Next Day,No,,False
510,ORD-449951,118,361,2023-01-09 19:04:08,2023-01-16 19:04:08,2,99.42,WELCOME20,9.07,8%,659.97,PayPal,Refunded,Next Day,,,False
511,ORD-206808,9,424,2023-03-24 04:18:02,2023-03-26 04:18:02,two,8.55,,34.57,0.05,65.02,Stripe,1,Express,No,Fragile,False
512,ORD-810051,598,187,2023-11-04 13:58:21,2023-11-10 13:58:21,2,94.75,SUMMER,4.03,8%,124.07,Stripe,Pending,Store Pickup,No,Fragile,False
513,ORD-110357,23,205,2023-12-20 12:24:38,2023-12-23 12:24:38,,168.57,SUMMER,2.14,0.05,116.79,PayPal,Paid,Next Day,Yes,,
514,ORD-328195,967,14,2023-08-01 14:33:59,2023-08-03 14:33:59,5,271.42,WELCOME20,14.04,0.1,61.96,Credit Card,1,Store Pickup,No,,True
515,ORD-228081,240,428,2023-10-20 16:29:50,2023-10-29 16:29:50,2,460.04,NULL,48.55,0.08,327.93,Credit Card,Pending,Store Pickup,No,Leave at door,False
516,ORD-223288,585,104,2023-08-09 17:22:12,2023-08-09 17:22:12,2,272.46,SAVE10,27.61,0.1,994.41,cash,Paid,Next Day,No,,False
517,ORD-808597,27,117,2023-04-17 06:20:52,2023-04-19 06:20:52,4,354.27,,13.41,0.08,354.74,credit card,Refunded,Standard,No,,False
518,ORD-644031,984,470,2023-01-18 19:32:32,2023-01-23 19:32:32,4,182.05,NULL,6.63,5%,763.17,credit card,Refunded,Express,No,,
519,ORD-604300,861,466,2023-07-23 17:10:53,2023-08-01 17:10:53,two,377.06,SUMMER,46.01,0.05,140.99,paypal,1,Next Day,No,,
520,ORD-479569,81,304,2023-10-23 19:36:40,2023-10-22 19:36:40,-1,312.13,NULL,18.12,5%,459.95,credit card,Pending,Store Pickup,,Leave at door,False
521,ORD-559743,596,93,2023-12-22 21:05:09,2023-12-24 21:05:09,,232.6,SAVE10,15.33,0.08,193.26,cash,Refunded,Express,,Ring bell,False
522,ORD-511307,199,427,2023-07-18 07:20:56,2023-07-21 07:20:56,two,100.92,SUMMER,42.9,0.05,200.18,PayPal,Pending,Next Day,No,Leave at door,False
523,ORD-422691,555,144,2023-01-10 17:46:58,2023-01-17 17:46:58,0,155.25,WELCOME20,30.22,0.05,108.69,Stripe,1,Express,,,False
524,ORD-793576,1000,110,2023-04-19 05:19:11,2023-04-24 05:19:11,,312.37,,8.43,5%,437.72,PayPal,Failed,Express,Yes,Leave at door,False
525,ORD-637783,775,163,2023-09-21 12:34:09,2023-09-26 12:34:09,4,215.9,,21.08,0.05,84.78,cash,Pending,Store Pickup,Yes,,
526,ORD-188231,92,53,2023-07-07 21:50:07,2023-07-09 21:50:07,2,445.25,SUMMER,46.41,0.08,910.71,paypal,0,Standard,No,Fragile,False
527,ORD-252044,851,418,2023-02-24 17:38:44,2023-03-02 17:38:44,five,121.25,WELCOME20,45.06,0.08,453.42,CC,Pending,Standard,No,Fragile,False
528,ORD-539634,959,3,2023-11-14 23:25:02,2023-11-15 23:25:02,2,41.17,SAVE10,3.51,5%,840.18,cash,1,Express,,Ring bell,False
529,ORD-777073,84,68,2023-12-18 06:27:24,2023-12-27 06:27:24,1,296.73,,13.43,0.1,979.67,cash,0,Store Pickup,Yes,Fragile,
530,ORD-825376,300,246,2023-07-26 03:55:56,2023-08-01 03:55:56,two,443.6,SUMMER,7.73,0.08,681.0,CC,Failed,Store Pickup,No,Ring bell,False
531,ORD-978614,935,389,2023-05-17 00:04:47,2023-05-25 00:04:47,,185.55,,26.69,0.08,902.5,PayPal,Refunded,Next Day,Yes,,
532,ORD-946344,296,138,2023-11-28 11:37:16,2023-12-02 11:37:16,five,325.62,WELCOME20,37.5,0.05,144.01,CC,Paid,Express,,,True
533,ORD-779767,647,308,2023-04-07 19:55:26,2023-04-10 19:55:26,1,119.55,SAVE10,14.78,0.05,831.69,cash,1,Next Day,No,,
534,ORD-824891,454,413,2023-01-02 04:37:01,2023-01-03 04:37:01,0,281.44,WELCOME20,37.9,0.08,278.51,cash,Paid,Store Pickup,No,,False
535,ORD-802704,281,352,2023-10-04 03:19:35,2023-10-03 03:19:35,2,394.46,NULL,33.44,5%,477.87,CC,Failed,Express,No,Ring bell,
536,ORD-884430,59,287,2023-08-06 11:06:18,2023-08-11 11:06:18,-1,434.18,WELCOME20,36.41,0.1,650.12,cash,0,Standard,Yes,,False
537,ORD-594092,909,66,2023-04-08 02:13:37,2023-04-11 02:13:37,5,57.03,WELCOME20,47.41,0.05,904.51,paypal,Failed,Standard,,Ring bell,
538,ORD-117147,871,460,2023-04-10 15:51:19,2023-04-19 15:51:19,1,181.41,,21.23,0.05,911.88,cash,Pending,Next Day,Yes,Leave at door,
539,ORD-848550,1000,347,2023-08-27 05:44:03,2023-08-27 05:44:03,2,321.62,WELCOME20,17.13,0.1,101.18,cash,Paid,Express,Yes,,True
540,ORD-406767,342,325,2023-08-16 18:52:57,2023-08-20 18:52:57,2,22.19,SUMMER,34.19,0.05,370.91,Stripe,Paid,Store Pickup,No,,
541,ORD-934316,753,421,2023-12-21 07:51:58,2023-12-28 07:51:58,,346.85,,40.38,5%,795.24,credit card,Failed,Next Day,,,True
542,ORD-362969,465,155,2023-12-20 05:23:44,2023-12-24 05:23:44,,266.38,,9.57,0.05,706.13,credit card,0,Standard,,Leave at door,True
543,ORD-735385,880,87,2023-07-06 13:29:00,2023-07-09 13:29:00,-1,147.84,NULL,42.34,0.05,36.09,CC,Paid,Store Pickup,No,Leave at door,
544,ORD-453497,342,33,2023-05-06 13:11:32,2023-05-05 13:11:32,1,408.25,SUMMER,2.89,0.08,455.39,Credit Card,Refunded,Express,,,
545,ORD-487395,610,68,2023-06-11 14:25:16,2023-06-16 14:25:16,4,148.58,WELCOME20,0.32,5%,830.96,paypal,Failed,Standard,No,,
546,ORD-419217,62,187,2023-03-05 08:17:04,2023-03-03 08:17:04,,495.75,NULL,7.92,5%,740.31,Stripe,Pending,Store Pickup,No,Leave at door,True
547,ORD-246784,776,192,2023-11-23 01:54:30,2023-11-21 01:54:30,5,409.1,SUMMER,48.93,0.08,417.73,Stripe,Pending,Standard,,,False
548,ORD-874081,625,213,2023-01-03 12:03:14,2023-01-06 12:03:14,2,355.45,NULL,26.18,8%,737.81,CC,Pending,Express,,Fragile,False
549,ORD-986249,429,88,2023-01-29 09:41:22,2023-01-31 09:41:22,2,35.37,SAVE10,2.33,0.1,555.7,Credit Card,Paid,Next Day,,,True
550,ORD-920080,658,428,2023-11-17 00:58:46,2023-11-23 00:58:46,0,452.63,WELCOME20,49.86,5%,913.5,Credit Card,Failed,Store Pickup,,Fragile,True
551,ORD-855193,728,351,2023-03-16 22:27:47,2023-03-25 22:27:47,0,396.08,NULL,37.25,8%,591.26,Stripe,Pending,Store Pickup,Yes,Ring bell,
552,ORD-112521,256,108,2023-10-02 19:10:26,2023-10-06 19:10:26,-1,118.37,SAVE10,41.9,0.1,406.73,paypal,Failed,Express,No,,
553,ORD-326975,828,240,2023-02-11 15:15:26,2023-02-10 15:15:26,1,199.16,WELCOME20,10.65,5%,864.29,credit card,Paid,Standard,No,Leave at door,False
554,ORD-853635,828,216,2023-10-19 08:33:43,2023-10-28 08:33:43,3,137.97,NULL,5.27,0.05,59.37,Stripe,Refunded,Standard,No,Ring bell,False
555,ORD-957751,874,177,2023-09-18 19:32:18,2023-09-22 19:32:18,five,492.29,NULL,25.75,5%,901.51,cash,Refunded,Standard,No,,False
556,ORD-263619,770,53,2023-12-17 17:25:49,2023-12-17 17:25:49,,427.83,NULL,38.61,0.1,699.38,Stripe,Refunded,Store Pickup,Yes,Fragile,
557,ORD-431148,706,330,2023-05-03 12:07:02,2023-05-01 12:07:02,1,465.46,NULL,31.89,8%,941.2,cash,Paid,Store Pickup,,,
558,ORD-674494,347,49,2023-11-28 02:28:33,2023-12-06 02:28:33,2,395.44,,31.55,0.05,258.0,PayPal,Pending,Standard,,Fragile,True
559,ORD-154748,526,369,2023-09-08 09:32:58,2023-09-13 09:32:58,two,230.89,NULL,37.85,0.1,697.97,Credit Card,Paid,Store Pickup,,,
560,ORD-312005,304,114,2023-09-23 03:42:34,2023-10-02 03:42:34,0,106.69,,11.35,0.1,811.37,PayPal,Failed,Next Day,No,,False
561,ORD-751553,615,450,2023-12-15 18:12:00,2023-12-15 18:12:00,five,108.0,,33.08,5%,705.08,PayPal,Refunded,Express,Yes,Leave at door,True
562,ORD-501494,245,95,2023-06-30 12:19:07,2023-07-08 12:19:07,,80.08,SAVE10,19.61,0.08,218.23,paypal,Failed,Express,Yes,Ring bell,
563,ORD-795021,757,447,2023-03-19 03:17:57,2023-03-24 03:17:57,4,275.59,WELCOME20,3.49,0.08,282.83,Stripe,Paid,Store Pickup,,,False
564,ORD-992694,824,25,2023-01-12 23:13:43,2023-01-16 23:13:43,4,460.38,,10.11,0.05,571.07,credit card,1,Next Day,No,Leave at door,
565,ORD-254507,780,132,2023-04-05 15:24:48,2023-04-14 15:24:48,0,495.94,SUMMER,39.7,0.1,452.28,cash,1,Next Day,,Fragile,True
566,ORD-973757,736,179,2023-12-16 00:43:08,2023-12-15 00:43:08,1,147.21,,44.8,8%,737.77,cash,Paid,Standard,No,Ring bell,
567,ORD-435551,732,395,2023-04-12 15:29:13,2023-04-10 15:29:13,,350.17,SUMMER,14.14,0.05,384.89,paypal,Pending,Express,,,False
568,ORD-265045,823,145,2023-07-17 15:52:59,2023-07-21 15:52:59,five,300.56,SAVE10,9.52,0.05,860.89,Credit Card,0,Express,,Fragile,True
569,ORD-402931,412,364,2023-10-31 11:43:52,2023-10-29 11:43:52,2,247.02,SUMMER,1.34,5%,437.6,credit card,Failed,Express,Yes,,False
570,ORD-696789,878,450,2023-02-14 13:13:02,2023-02-17 13:13:02,1,334.56,SAVE10,47.38,8%,49.64,Stripe,Paid,Store Pickup,No,,True
571,ORD-645499,217,198,2023-11-28 03:42:10,2023-12-06 03:42:10,0,188.82,SAVE10,34.19,0.1,27.19,CC,Paid,Next Day,Yes,Ring bell,
572,ORD-872049,516,457,2023-12-17 07:41:23,2023-12-24 07:41:23,-1,472.52,SAVE10,47.85,0.1,650.28,credit card,1,Standard,Yes,Fragile,
573,ORD-725313,474,325,2023-08-01 06:54:34,2023-08-09 06:54:34,3,354.2,SUMMER,43.19,0.1,545.15,cash,Refunded,Store Pickup,,Leave at door,False
574,ORD-102442,36,84,2023-11-10 12:09:50,2023-11-17 12:09:50,1,378.33,SUMMER,17.02,0.05,547.32,paypal,Refunded,Standard,No,Leave at door,
575,ORD-851744,178,157,2023-04-02 15:53:04,2023-04-07 15:53:04,5,125.0,SAVE10,5.63,5%,792.11,paypal,0,Store Pickup,No,Leave at door,True
576,ORD-246841,387,85,2023-11-07 13:33:28,2023-11-11 13:33:28,,88.45,SAVE10,24.95,0.05,381.96,PayPal,Pending,Express,,,
577,ORD-279787,769,457,2023-02-19 02:22:34,2023-02-20 02:22:34,4,200.2,WELCOME20,1.34,0.08,995.49,Stripe,Pending,Standard,,,
578,ORD-429790,17,476,2023-01-19 06:13:06,2023-01-17 06:13:06,5,384.5,SAVE10,7.5,0.08,946.07,CC,0,Next Day,,Ring bell,
579,ORD-480761,711,253,2023-02-21 18:50:20,2023-02-19 18:50:20,1,469.7,NULL,11.67,0.1,22.83,Stripe,Pending,Next Day,No,Leave at door,
580,ORD-410274,830,375,2023-04-12 02:54:17,2023-04-13 02:54:17,1,216.53,WELCOME20,33.28,5%,896.79,credit card,1,Store Pickup,,Ring bell,
581,ORD-902203,48,72,2023-12-11 20:23:43,2023-12-13 20:23:43,5,388.21,WELCOME20,25.49,0.1,683.74,CC,Paid,Express,,,
582,ORD-920356,62,223,2023-01-12 09:57:55,2023-01-21 09:57:55,-1,237.85,WELCOME20,15.12,0.1,507.07,Stripe,Pending,Store Pickup,Yes,Ring bell,
583,ORD-568664,69,276,2023-12-06 20:51:44,2023-12-10 20:51:44,5,151.14,NULL,28.24,0.05,586.92,PayPal,1,Standard,,Leave at door,
584,ORD-155653,659,283,2023-07-09 22:31:47,2023-07-10 22:31:47,2,370.94,WELCOME20,6.26,0.1,843.44,CC,Failed,Next Day,,Leave at door,False
585,ORD-491978,871,264,2023-01-17 07:42:04,2023-01-24 07:42:04,five,400.11,WELCOME20,37.79,0.1,951.53,CC,Paid,Next Day,No,,False
586,ORD-154927,366,246,2023-08-12 11:40:16,2023-08-21 11:40:16,5,105.41,SUMMER,35.6,5%,564.73,credit card,0,Next Day,,,
587,ORD-328429,162,341,2023-11-06 22:56:04,2023-11-04 22:56:04,5,156.06,SUMMER,10.83,5%,189.48,CC,Failed,Next Day,No,Fragile,False
588,ORD-523843,739,61,2023-02-09 06:47:00,2023-02-17 06:47:00,,249.91,SAVE10,30.32,5%,643.36,PayPal,Refunded,Standard,Yes,,
589,ORD-915036,945,412,2023-04-25 03:04:45,2023-05-02 03:04:45,five,97.33,SAVE10,25.17,0.1,85.46,Credit Card,Refunded,Next Day,Yes,,
590,ORD-936742,976,471,2023-07-23 13:30:02,2023-07-27 13:30:02,3,464.77,,3.04,5%,638.79,Credit Card,Paid,Store Pickup,No,,
591,ORD-354009,488,454,2023-10-11 22:01:58,2023-10-10 22:01:58,5,297.71,NULL,13.91,5%,810.53,paypal,Pending,Next Day,,Leave at door,False
592,ORD-540202,431,259,2023-07-05 06:39:09,2023-07-13 06:39:09,5,65.0,SUMMER,49.97,8%,359.8,Credit Card,Paid,Standard,No,,True
593,ORD-295486,999,453,2023-04-24 15:05:39,2023-04-23 15:05:39,2,96.09,SAVE10,4.98,8%,80.47,credit card,Pending,Express,,,
594,ORD-572680,859,457,2023-12-01 06:19:18,2023-12-06 06:19:18,4,477.41,NULL,25.32,0.08,695.3,paypal,0,Express,,,
595,ORD-894280,489,7,2023-08-01 16:44:02,2023-08-10 16:44:02,2,370.39,WELCOME20,42.47,0.05,345.94,Credit Card,Refunded,Next Day,,Fragile,True
596,ORD-413586,230,188,2023-12-30 04:42:22,2024-01-06 04:42:22,5,368.53,NULL,15.03,0.05,256.61,Credit Card,Paid,Express,No,,False
597,ORD-139750,370,4,2023-11-21 09:07:01,2023-11-28 09:07:01,,40.89,SUMMER,13.04,5%,692.29,paypal,Paid,Standard,Yes,Fragile,True
598,ORD-476735,178,231,2023-07-29 18:54:59,2023-08-05 18:54:59,2,448.17,,44.54,0.08,969.89,credit card,0,Next Day,No,Ring bell,
599,ORD-388342,857,133,2023-05-27 23:31:41,2023-05-29 23:31:41,,224.65,SUMMER,15.24,0.08,747.87,paypal,Pending,Standard,,Fragile,True
600,ORD-232595,410,395,2023-11-01 16:24:50,2023-11-08 16:24:50,five,331.56,SAVE10,32.57,8%,496.44,cash,Refunded,Express,No,Ring bell,
601,ORD-402787,568,125,2023-01-12 08:39:58,2023-01-11 08:39:58,,480.05,SAVE10,37.02,0.08,604.51,cash,Refunded,Express,Yes,Ring bell,False
602,ORD-883087,590,15,2023-08-29 23:23:10,2023-08-31 23:23:10,-1,54.51,NULL,39.43,0.1,150.86,credit card,Pending,Next Day,No,,False
603,ORD-740094,270,448,2023-10-28 14:22:00,2023-11-02 14:22:00,two,243.73,SUMMER,49.74,5%,815.08,credit card,0,Express,Yes,Ring bell,False
604,ORD-408430,206,482,2023-04-19 04:42:28,2023-04-22 04:42:28,five,29.56,SAVE10,40.16,0.1,608.25,Stripe,Pending,Next Day,Yes,Ring bell,
605,ORD-493295,793,13,2023-11-13 23:29:16,2023-11-13 23:29:16,two,252.27,WELCOME20,32.85,0.05,966.17,PayPal,0,Next Day,,Fragile,False
606,ORD-459304,740,118,2023-05-14 23:43:55,2023-05-19 23:43:55,5,129.87,WELCOME20,44.77,8%,979.69,Credit Card,Pending,Store Pickup,Yes,,True
607,ORD-895211,900,240,2023-10-27 20:23:09,2023-11-02 20:23:09,5,455.98,,45.29,0.1,361.04,Stripe,Refunded,Store Pickup,No,,False
608,ORD-151761,751,263,2023-04-08 10:55:49,2023-04-10 10:55:49,-1,202.25,NULL,48.66,5%,988.66,Credit Card,Refunded,Store Pickup,No,Ring bell,
609,ORD-146119,975,360,2023-07-05 22:18:49,2023-07-04 22:18:49,1,318.77,SAVE10,38.82,0.1,957.27,Stripe,Paid,Standard,,Fragile,True
610,ORD-413539,800,6,2023-04-13 14:19:27,2023-04-12 14:19:27,two,430.84,,9.75,0.1,643.43,CC,0,Express,No,Fragile,True
611,ORD-950161,82,440,2023-02-02 22:08:30,2023-02-06 22:08:30,2,491.93,WELCOME20,35.49,0.08,340.13,cash,Refunded,Express,,Fragile,True
612,ORD-892146,846,320,2023-02-20 00:58:12,2023-02-18 00:58:12,-1,254.39,,3.76,8%,755.81,paypal,0,Store Pickup,No,Fragile,True
613,ORD-790454,762,231,2023-07-16 14:09:26,2023-07-23 14:09:26,five,230.6,,15.9,0.05,278.52,Stripe,0,Next Day,No,Leave at door,
614,ORD-745911,193,434,2023-08-12 23:09:14,2023-08-21 23:09:14,3,42.49,SAVE10,5.79,5%,633.55,cash,Failed,Next Day,Yes,Ring bell,False
615,ORD-882715,618,30,2023-01-22 12:19:37,2023-01-21 12:19:37,2,11.31,SAVE10,47.5,5%,34.34,PayPal,Failed,Next Day,Yes,Ring bell,True
616,ORD-164829,189,22,2023-03-17 08:28:49,2023-03-24 08:28:49,,306.36,SAVE10,16.94,0.05,632.3,Credit Card,Pending,Next Day,Yes,Ring bell,False
617,ORD-630163,276,409,2023-07-19 17:50:36,2023-07-20 17:50:36,5,37.4,NULL,35.66,5%,952.09,CC,0,Standard,No,,False
618,ORD-193550,74,156,2023-12-13 02:49:32,2023-12-11 02:49:32,five,193.29,,28.57,0.08,242.79,PayPal,Pending,Express,,,False
619,ORD-301252,10,118,2023-02-27 02:58:20,2023-02-28 02:58:20,-1,6.79,,5.38,0.1,780.4,credit card,Pending,Store Pickup,,Fragile,False
620,ORD-316090,635,340,2023-12-24 02:06:41,2024-01-02 02:06:41,two,309.54,NULL,28.07,0.08,300.49,Credit Card,Paid,Standard,,,
621,ORD-828186,216,423,2023-02-26 06:51:39,2023-03-06 06:51:39,two,215.58,WELCOME20,33.05,0.08,710.77,cash,Failed,Express,Yes,,True
622,ORD-423057,290,451,2023-02-26 22:28:34,2023-03-05 22:28:34,0,67.88,SUMMER,44.08,0.08,702.97,Stripe,Failed,Standard,No,Ring bell,True
623,ORD-847235,445,389,2023-10-03 02:52:48,2023-10-05 02:52:48,5,151.7,WELCOME20,3.5,0.05,192.89,paypal,Refunded,Next Day,Yes,Ring bell,False
624,ORD-564113,988,193,2023-09-23 21:35:35,2023-09-29 21:35:35,2,286.98,NULL,14.78,8%,601.16,PayPal,Failed,Standard,No,Leave at door,True
625,ORD-239698,923,399,2023-01-13 23:43:27,2023-01-11 23:43:27,,330.07,,34.62,0.05,860.58,cash,Refunded,Standard,No,Leave at door,False
626,ORD-587204,552,346,2023-10-28 19:29:25,2023-11-06 19:29:25,,233.86,,1.72,0.05,388.71,CC,0,Next Day,No,,
627,ORD-155541,193,195,2023-08-14 07:49:03,2023-08-16 07:49:03,5,402.96,SAVE10,10.18,0.08,713.17,paypal,Paid,Next Day,Yes,Leave at door,True
628,ORD-751062,639,168,2023-08-18 07:42:20,2023-08-17 07:42:20,0,60.66,SAVE10,10.93,8%,677.69,credit card,Pending,Store Pickup,No,Fragile,False
629,ORD-133186,289,377,2023-11-18 04:00:01,2023-11-24 04:00:01,0,46.85,,33.47,0.05,264.94,paypal,Pending,Store Pickup,Yes,Fragile,True
630,ORD-374910,964,489,2023-12-10 09:38:47,2023-12-13 09:38:47,2,26.9,,14.3,8%,919.46,cash,0,Express,Yes,Ring bell,False
631,ORD-969339,583,239,2023-01-05 22:45:57,2023-01-04 22:45:57,0,270.23,SAVE10,29.98,0.08,567.88,cash,Refunded,Store Pickup,No,Fragile,True
632,ORD-763281,649,362,2023-04-29 02:30:07,2023-04-29 02:30:07,-1,354.58,SAVE10,48.27,0.05,361.74,CC,1,Store Pickup,No,Leave at door,
633,ORD-430805,144,482,2023-05-15 02:22:02,2023-05-20 02:22:02,0,69.61,WELCOME20,39.66,8%,172.71,credit card,0,Express,No,,True
634,ORD-496664,389,244,2023-08-08 05:51:12,2023-08-06 05:51:12,two,321.28,,16.65,5%,478.72,CC,Refunded,Standard,Yes,Fragile,
635,ORD-513880,866,69,2023-07-18 09:56:06,2023-07-27 09:56:06,4,241.09,,23.62,0.05,732.81,cash,0,Standard,No,Ring bell,
636,ORD-785272,892,95,2023-03-29 00:13:38,2023-03-29 00:13:38,1,493.74,NULL,10.03,0.05,627.4,Credit Card,Paid,Standard,No,Ring bell,False
637,ORD-539510,407,499,2023-06-15 05:45:14,2023-06-22 05:45:14,two,360.15,WELCOME20,0.79,0.05,729.78,CC,0,Next Day,,Leave at door,False
638,ORD-345611,811,77,2023-03-31 21:33:47,2023-03-29 21:33:47,two,330.45,SUMMER,14.49,8%,793.84,paypal,0,Express,,Fragile,True
639,ORD-848429,370,171,2023-07-19 18:48:39,2023-07-27 18:48:39,3,287.37,SUMMER,18.47,0.1,446.59,cash,Failed,Standard,,Leave at door,
640,ORD-205229,857,1,2023-01-25 21:50:59,2023-02-02 21:50:59,3,498.7,SUMMER,28.22,0.05,524.96,Credit Card,Refunded,Store Pickup,No,Ring bell,False
641,ORD-928009,441,406,2023-11-18 14:03:54,2023-11-23 14:03:54,5,490.33,SAVE10,47.2,5%,986.56,Credit Card,Paid,Store Pickup,Yes,,
642,ORD-833866,947,62,2023-02-09 05:55:19,2023-02-07 05:55:19,3,271.37,SUMMER,47.39,5%,968.37,PayPal,Pending,Store Pickup,,Fragile,
643,ORD-741866,781,207,2023-04-27 19:48:24,2023-04-29 19:48:24,5,230.32,NULL,3.5,0.08,420.67,paypal,1,Express,Yes,,
644,ORD-872627,896,154,2023-09-29 01:11:53,2023-09-30 01:11:53,two,233.75,SAVE10,30.73,0.1,688.33,paypal,1,Express,,Fragile,True
645,ORD-779049,920,274,2023-10-07 23:23:45,2023-10-11 23:23:45,1,217.03,SAVE10,2.12,0.1,274.91,credit card,Refunded,Store Pickup,,Ring bell,
646,ORD-286413,651,48,2023-03-23 09:05:19,2023-03-25 09:05:19,2,268.04,SUMMER,32.4,8%,161.17,CC,0,Next Day,Yes,Fragile,
647,ORD-511128,564,137,2023-02-21 13:33:57,2023-02-26 13:33:57,2,140.42,SAVE10,5.89,0.08,770.72,Stripe,Failed,Next Day,,Ring bell,True
648,ORD-706803,529,1,2023-03-09 22:55:48,2023-03-18 22:55:48,4,463.76,WELCOME20,47.32,8%,441.82,CC,0,Standard,Yes,,True
649,ORD-672535,677,235,2023-01-28 12:53:40,2023-02-05 12:53:40,five,247.66,WELCOME20,43.22,0.08,185.28,paypal,Refunded,Standard,No,Ring bell,False
650,ORD-883250,13,393,2023-02-10 17:31:05,2023-02-08 17:31:05,2,421.79,SUMMER,1.12,0.1,761.26,CC,1,Standard,No,Ring bell,
651,ORD-857695,702,256,2023-10-02 17:51:54,2023-10-04 17:51:54,five,240.28,NULL,39.11,8%,916.02,paypal,1,Standard,Yes,Fragile,
652,ORD-721833,987,407,2023-01-21 15:36:50,2023-01-22 15:36:50,0,360.55,SAVE10,31.79,0.08,933.94,cash,0,Standard,Yes,,True
653,ORD-994523,340,107,2023-03-02 03:59:23,2023-03-02 03:59:23,,171.76,,24.77,0.1,600.37,Credit Card,0,Express,No,Ring bell,True
654,ORD-374041,865,173,2023-03-26 23:12:07,2023-03-28 23:12:07,two,314.28,SUMMER,30.13,0.1,484.84,CC,0,Express,Yes,Fragile,False
655,ORD-150467,874,130,2023-01-29 12:18:21,2023-02-05 12:18:21,1,251.69,SAVE10,33.91,0.05,150.45,cash,Pending,Next Day,No,Ring bell,True
656,ORD-373742,864,398,2023-11-08 11:12:23,2023-11-08 11:12:23,5,186.72,SUMMER,44.22,8%,794.86,CC,Failed,Next Day,No,Leave at door,True
657,ORD-773664,776,294,2023-04-19 23:55:27,2023-04-24 23:55:27,five,441.37,SUMMER,38.37,0.05,945.87,paypal,Failed,Express,Yes,Leave at door,True
658,ORD-187137,312,40,2023-04-26 10:59:55,2023-04-26 10:59:55,4,60.79,NULL,28.77,0.1,890.57,cash,1,Next Day,,Leave at door,True
659,ORD-536328,733,447,2023-02-02 15:05:27,2023-01-31 15:05:27,2,246.03,,41.23,8%,754.27,paypal,1,Store Pickup,Yes,Leave at door,False
660,ORD-735086,104,338,2023-03-20 11:17:45,2023-03-26 11:17:45,-1,101.21,SAVE10,49.35,8%,14.52,credit card,Refunded,Next Day,No,,
661,ORD-914425,339,16,2023-02-28 04:06:54,2023-03-06 04:06:54,2,431.22,SUMMER,15.01,5%,413.67,CC,Refunded,Store Pickup,,Ring bell,
662,ORD-815114,198,127,2023-08-05 13:15:35,2023-08-08 13:15:35,3,130.47,SUMMER,5.92,0.08,416.61,PayPal,Pending,Store Pickup,,Leave at door,
663,ORD-236750,300,373,2023-09-24 12:38:10,2023-10-01 12:38:10,two,318.55,SAVE10,36.57,5%,895.42,paypal,1,Standard,No,Fragile,
664,ORD-298711,444,349,2023-05-02 23:09:19,2023-04-30 23:09:19,3,86.95,SUMMER,48.93,5%,74.99,PayPal,Refunded,Next Day,,Leave at door,
665,ORD-800749,359,492,2023-04-29 16:32:49,2023-05-04 16:32:49,2,205.43,SUMMER,5.84,0.1,535.91,Credit Card,Pending,Store Pickup,,,True
666,ORD-453663,368,203,2023-10-10 09:08:56,2023-10-09 09:08:56,-1,450.18,SUMMER,21.59,0.08,144.77,Credit Card,Failed,Next Day,Yes,,
667,ORD-103025,169,134,2023-12-27 16:37:21,2024-01-02 16:37:21,3,87.2,WELCOME20,3.11,5%,665.67,PayPal,1,Next Day,No,,True
668,ORD-737168,149,259,2023-12-25 10:57:28,2023-12-30 10:57:28,1,333.28,WELCOME20,38.83,5%,794.33,Stripe,Paid,Express,,,
669,ORD-280040,761,14,2023-12-28 00:52:59,2023-12-28 00:52:59,3,106.23,,47.44,8%,645.54,Credit Card,1,Express,No,Fragile,
670,ORD-287072,768,66,2023-10-22 07:39:40,2023-10-24 07:39:40,-1,210.8,NULL,24.95,0.1,796.64,PayPal,Refunded,Standard,Yes,Leave at door,True
671,ORD-293658,982,480,2023-10-14 14:18:41,2023-10-20 14:18:41,3,272.61,SAVE10,20.48,5%,611.42,credit card,1,Next Day,Yes,,
672,ORD-529950,42,351,2023-11-01 07:39:44,2023-10-30 07:39:44,five,290.77,NULL,45.39,0.08,197.94,credit card,Paid,Express,Yes,,True
673,ORD-468241,202,459,2023-06-30 03:40:19,2023-07-06 03:40:19,0,303.24,NULL,6.67,0.05,388.84,Credit Card,1,Store Pickup,,,False
674,ORD-928289,970,342,2023-04-12 01:31:36,2023-04-13 01:31:36,5,321.87,WELCOME20,44.58,0.05,957.3,cash,Refunded,Store Pickup,Yes,,False
675,ORD-474289,244,195,2023-01-24 04:15:07,2023-01-25 04:15:07,2,139.53,,19.61,0.1,295.29,PayPal,Failed,Standard,No,Leave at door,False
676,ORD-551575,669,114,2023-01-31 16:53:28,2023-02-01 16:53:28,five,203.68,NULL,27.97,0.05,72.23,PayPal,Refunded,Store Pickup,Yes,Ring bell,
677,ORD-492692,464,159,2023-05-22 21:41:55,2023-05-29 21:41:55,5,23.47,NULL,26.41,8%,390.98,PayPal,Pending,Next Day,,Leave at door,
678,ORD-521837,449,161,2023-06-08 11:30:48,2023-06-17 11:30:48,0,385.53,SUMMER,30.8,8%,372.64,Stripe,Refunded,Store Pickup,Yes,,
679,ORD-652959,913,254,2023-11-20 10:16:30,2023-11-26 10:16:30,five,419.36,SAVE10,47.11,0.08,475.61,Credit Card,Pending,Standard,,,
680,ORD-803535,798,472,2023-06-23 01:35:23,2023-06-26 01:35:23,4,103.62,,47.56,0.1,564.7,Stripe,1,Standard,No,,True
681,ORD-841330,794,385,2023-07-07 12:59:17,2023-07-15 12:59:17,five,104.71,SAVE10,41.56,0.1,992.5,PayPal,Pending,Store Pickup,Yes,,False
682,ORD-646691,437,428,2023-09-07 11:23:12,2023-09-12 11:23:12,1,25.81,WELCOME20,9.58,0.05,758.67,paypal,0,Next Day,Yes,Fragile,True
683,ORD-170230,893,15,2023-05-06 21:24:57,2023-05-15 21:24:57,-1,485.34,NULL,16.68,5%,45.53,PayPal,1,Express,No,Leave at door,False
684,ORD-949628,750,37,2023-11-04 14:16:28,2023-11-05 14:16:28,2,404.56,NULL,24.39,5%,715.59,paypal,Pending,Next Day,No,,False
685,ORD-152939,531,155,2023-10-07 10:40:45,2023-10-07 10:40:45,two,183.55,SAVE10,45.27,5%,825.99,credit card,Refunded,Next Day,,Ring bell,True
686,ORD-788667,565,486,2023-07-29 21:38:29,2023-07-27 21:38:29,5,243.54,WELCOME20,26.04,0.08,896.67,paypal,Paid,Next Day,Yes,,True
687,ORD-601553,597,432,2023-01-23 02:52:08,2023-01-30 02:52:08,3,149.52,SUMMER,48.87,0.1,429.77,credit card,1,Store Pickup,Yes,Fragile,True
688,ORD-735484,273,27,2023-11-30 22:03:40,2023-12-04 22:03:40,2,300.64,SUMMER,49.19,0.05,320.49,Credit Card,Pending,Express,Yes,,False
689,ORD-785945,430,492,2023-02-25 01:14:57,2023-02-26 01:14:57,two,360.07,NULL,29.93,0.08,840.93,cash,Paid,Next Day,Yes,Leave at door,True
690,ORD-246102,872,12,2023-03-01 09:56:21,2023-03-06 09:56:21,0,226.45,NULL,43.87,8%,779.84,cash,Pending,Express,No,Ring bell,
691,ORD-855261,213,67,2023-08-27 00:01:21,2023-08-27 00:01:21,five,437.43,,49.96,8%,540.68,Stripe,Pending,Standard,Yes,,True
692,ORD-463009,949,30,2023-02-26 02:44:03,2023-02-24 02:44:03,two,260.93,SAVE10,42.49,8%,126.7,Stripe,Pending,Express,Yes,Leave at door,False
693,ORD-181072,873,96,2023-12-01 03:13:19,2023-12-03 03:13:19,4,76.41,NULL,32.85,0.1,655.24,credit card,Refunded,Store Pickup,Yes,Leave at door,False
694,ORD-533697,104,215,2023-08-11 06:02:54,2023-08-10 06:02:54,2,313.03,WELCOME20,42.26,8%,75.01,credit card,Pending,Standard,,,True
695,ORD-189299,192,194,2023-05-21 10:00:15,2023-05-21 10:00:15,2,233.8,SAVE10,4.13,5%,109.36,PayPal,Paid,Standard,,Leave at door,True
696,ORD-450170,941,135,2023-03-30 11:47:19,2023-04-02 11:47:19,2,468.16,,31.74,8%,337.83,CC,0,Next Day,,Ring bell,False
697,ORD-140089,689,290,2023-12-07 23:15:24,2023-12-07 23:15:24,-1,198.99,SUMMER,10.83,0.08,377.46,credit card,Pending,Express,No,Ring bell,False
698,ORD-703050,659,32,2023-02-15 08:10:30,2023-02-15 08:10:30,0,204.42,,5.8,8%,467.35,paypal,0,Standard,No,Leave at door,True
699,ORD-626138,380,373,2023-11-22 17:53:46,2023-12-01 17:53:46,-1,327.13,SAVE10,44.64,5%,345.75,Credit Card,Failed,Standard,No,,
700,ORD-520904,967,39,2023-04-29 12:29:47,2023-05-02 12:29:47,2,265.86,SUMMER,31.98,8%,43.45,Stripe,1,Express,Yes,Leave at door,
701,ORD-202274,81,352,2023-12-30 16:44:44,2024-01-01 16:44:44,4,190.35,WELCOME20,12.18,0.05,165.84,paypal,Refunded,Express,Yes,,
702,ORD-990649,705,427,2023-06-07 17:49:44,2023-06-14 17:49:44,3,494.94,SUMMER,19.34,5%,123.96,Stripe,Failed,Standard,No,Leave at door,False
703,ORD-548906,549,427,2023-10-27 01:52:06,2023-11-02 01:52:06,4,154.58,SUMMER,48.66,0.1,436.87,Credit Card,Failed,Standard,,Fragile,
704,ORD-167480,377,206,2023-08-07 13:16:33,2023-08-05 13:16:33,5,142.38,WELCOME20,43.11,8%,220.01,paypal,Paid,Express,Yes,Ring bell,
705,ORD-345269,838,387,2023-03-06 04:03:43,2023-03-06 04:03:43,0,432.89,NULL,0.78,0.08,300.61,Stripe,Paid,Store Pickup,,Leave at door,True
706,ORD-672220,154,430,2023-11-29 02:40:21,2023-11-29 02:40:21,five,6.67,NULL,48.99,8%,476.85,credit card,0,Express,Yes,Ring bell,True
707,ORD-403142,642,416,2023-05-31 08:54:14,2023-06-08 08:54:14,2,104.62,SUMMER,18.43,0.08,243.21,CC,0,Store Pickup,Yes,,
708,ORD-772327,571,43,2023-08-10 20:22:10,2023-08-13 20:22:10,two,297.27,SUMMER,34.77,0.05,253.47,credit card,Refunded,Standard,,Fragile,False
709,ORD-349848,736,484,2023-03-10 18:45:12,2023-03-15 18:45:12,3,85.41,,35.63,0.1,834.81,cash,Refunded,Next Day,No,,
710,ORD-521974,761,337,2023-01-14 13:29:18,2023-01-14 13:29:18,five,492.97,NULL,45.58,5%,552.61,Stripe,1,Express,,,True
711,ORD-170350,240,496,2023-05-20 19:19:50,2023-05-20 19:19:50,,234.78,WELCOME20,44.25,5%,858.19,PayPal,Pending,Standard,No,Fragile,True
712,ORD-489849,374,259,2023-07-13 07:31:09,2023-07-16 07:31:09,4,300.7,SUMMER,14.09,0.1,519.38,paypal,Refunded,Standard,No,,True
713,ORD-820548,901,249,2023-03-03 01:34:45,2023-03-08 01:34:45,3,84.38,SUMMER,32.18,0.05,910.17,CC,Refunded,Next Day,Yes,Ring bell,
714,ORD-672946,805,74,2023-10-08 09:32:12,2023-10-11 09:32:12,,148.24,,19.69,0.05,262.19,paypal,0,Express,Yes,Fragile,False
715,ORD-670955,799,373,2023-11-12 21:18:13,2023-11-21 21:18:13,-1,309.24,,26.28,8%,620.5,PayPal,Pending,Standard,Yes,,
716,ORD-834766,204,319,2023-12-02 20:14:56,2023-12-09 20:14:56,,277.03,,27.73,0.05,508.2,PayPal,1,Store Pickup,No,,True
717,ORD-795569,611,367,2023-03-25 03:53:00,2023-03-25 03:53:00,five,393.26,SAVE10,19.82,8%,919.5,PayPal,Paid,Next Day,No,Fragile,True
718,ORD-210080,350,296,2023-07-25 02:10:55,2023-07-26 02:10:55,0,138.27,WELCOME20,23.19,0.08,424.29,Stripe,1,Store Pickup,,Fragile,True
719,ORD-417127,688,274,2023-04-03 20:45:56,2023-04-01 20:45:56,4,328.5,SAVE10,10.42,0.1,856.28,credit card,Pending,Express,Yes,,True
720,ORD-323194,774,323,2023-10-30 18:03:37,2023-11-04 18:03:37,3,149.03,SUMMER,30.38,0.08,568.27,Stripe,Paid,Store Pickup,Yes,Leave at door,
721,ORD-147265,783,359,2023-06-11 06:03:14,2023-06-12 06:03:14,,295.44,,37.95,0.08,711.46,credit card,Paid,Next Day,No,,
722,ORD-771585,143,190,2023-04-25 13:51:50,2023-04-28 13:51:50,4,304.49,,21.49,0.08,888.02,CC,Paid,Standard,Yes,,False
723,ORD-234431,189,138,2023-09-12 00:54:42,2023-09-20 00:54:42,3,65.31,,48.88,0.08,996.94,PayPal,1,Next Day,No,,True
724,ORD-993593,272,436,2023-10-04 08:25:08,2023-10-04 08:25:08,3,276.57,NULL,2.86,5%,733.83,cash,0,Standard,,Ring bell,
725,ORD-627933,532,457,2023-11-16 14:46:30,2023-11-24 14:46:30,five,10.91,WELCOME20,29.46,0.05,321.38,credit card,Pending,Standard,,Ring bell,
726,ORD-444084,845,302,2023-11-28 17:47:14,2023-12-07 17:47:14,4,253.1,SAVE10,29.18,0.1,306.02,Credit Card,1,Store Pickup,Yes,Leave at door,True
727,ORD-517354,300,311,2023-05-09 21:56:28,2023-05-17 21:56:28,five,350.27,WELCOME20,1.81,0.1,316.01,cash,1,Next Day,,Leave at door,
728,ORD-481707,426,430,2023-05-27 19:44:09,2023-05-30 19:44:09,,41.05,,11.23,0.08,106.93,Credit Card,Failed,Next Day,Yes,,True
729,ORD-852201,46,331,2023-04-29 03:30:09,2023-05-08 03:30:09,5,469.66,SUMMER,45.28,0.1,63.06,credit card,Refunded,Standard,Yes,Ring bell,False
730,ORD-365645,95,444,2023-12-17 05:57:55,2023-12-25 05:57:55,0,232.08,NULL,27.23,8%,585.03,cash,1,Next Day,No,,True
731,ORD-302694,930,353,2023-07-28 23:58:16,2023-08-03 23:58:16,5,469.52,WELCOME20,21.82,0.1,812.48,cash,Failed,Express,No,Ring bell,True
732,ORD-405462,64,484,2023-10-08 11:51:07,2023-10-14 11:51:07,1,58.16,SUMMER,20.77,0.08,45.77,CC,0,Express,Yes,,
733,ORD-991735,413,282,2023-09-16 09:07:07,2023-09-23 09:07:07,2,475.2,,44.41,0.1,570.97,paypal,0,Store Pickup,,Ring bell,False
734,ORD-227477,643,411,2023-10-04 16:11:26,2023-10-04 16:11:26,5,59.05,,18.35,0.05,378.04,Stripe,Pending,Store Pickup,,Fragile,False
735,ORD-398906,9,166,2023-12-27 09:40:55,2023-12-27 09:40:55,-1,233.44,,42.96,0.08,893.56,PayPal,Failed,Next Day,Yes,,
736,ORD-767488,459,278,2023-08-16 04:05:26,2023-08-17 04:05:26,0,469.31,,15.46,5%,153.93,credit card,1,Store Pickup,Yes,Fragile,False
737,ORD-161724,715,26,2023-08-29 15:50:05,2023-09-07 15:50:05,2,120.19,NULL,26.58,0.05,567.8,CC,Pending,Next Day,,,False
738,ORD-491336,409,470,2023-02-27 17:08:38,2023-03-03 17:08:38,,22.22,NULL,7.19,0.1,971.21,cash,Failed,Store Pickup,,,True
739,ORD-583082,470,453,2023-10-26 02:41:22,2023-10-26 02:41:22,five,397.59,WELCOME20,41.25,5%,351.58,Stripe,1,Express,No,,
740,ORD-342957,810,419,2023-02-13 03:27:41,2023-02-20 03:27:41,-1,299.96,,36.8,0.05,744.36,paypal,Pending,Standard,No,,False
741,ORD-986945,506,450,2023-04-27 11:49:41,2023-05-02 11:49:41,2,259.39,NULL,26.5,8%,883.63,CC,Pending,Standard,,,False
742,ORD-260789,686,483,2023-01-15 19:22:52,2023-01-23 19:22:52,2,22.0,SUMMER,1.3,0.05,194.35,paypal,Refunded,Express,No,,False
743,ORD-382054,73,73,2023-02-17 09:33:48,2023-02-22 09:33:48,3,328.35,NULL,24.06,5%,992.6,Credit Card,0,Standard,No,Leave at door,True
744,ORD-422964,84,115,2023-12-16 06:09:24,2023-12-19 06:09:24,1,89.95,NULL,11.26,8%,811.29,Stripe,1,Next Day,Yes,Fragile,True
745,ORD-260149,59,51,2023-06-14 00:55:28,2023-06-15 00:55:28,five,465.94,WELCOME20,20.67,0.1,146.19,Stripe,Refunded,Next Day,No,,
746,ORD-925451,21,369,2023-03-08 17:57:14,2023-03-16 17:57:14,,344.43,NULL,42.82,0.08,317.78,paypal,Pending,Express,No,,
747,ORD-412194,458,402,2023-04-13 06:43:30,2023-04-22 06:43:30,4,354.98,SUMMER,38.48,0.1,628.72,Credit Card,Pending,Express,Yes,Leave at door,True
748,ORD-137558,918,171,2023-10-15 23:15:08,2023-10-23 23:15:08,5,120.13,,12.1,0.08,886.07,PayPal,Failed,Express,,Ring bell,
749,ORD-344700,157,268,2023-01-29 08:30:51,2023-01-31 08:30:51,0,440.97,SAVE10,49.25,0.08,202.89,credit card,Refunded,Express,No,Leave at door,
750,ORD-253165,831,3,2023-03-17 07:39:12,2023-03-26 07:39:12,1,271.18,WELCOME20,45.16,5%,733.89,cash,Paid,Standard,No,Leave at door,
751,ORD-302577,329,210,2023-12-15 14:09:07,2023-12-14 14:09:07,3,429.26,SUMMER,26.43,8%,277.94,Credit Card,1,Standard,,Leave at door,True
752,ORD-366334,573,376,2023-04-11 08:27:21,2023-04-14 08:27:21,3,139.12,WELCOME20,26.51,8%,807.36,CC,0,Standard,No,,True
753,ORD-603248,576,486,2023-07-10 05:11:30,2023-07-10 05:11:30,2,378.95,,45.06,0.05,686.61,paypal,Refunded,Next Day,,Leave at door,False
754,ORD-793224,837,391,2023-07-31 22:57:30,2023-08-03 22:57:30,two,289.41,NULL,31.81,0.1,527.68,Stripe,Pending,Store Pickup,Yes,Leave at door,False
755,ORD-276606,680,481,2023-01-29 06:29:07,2023-02-07 06:29:07,5,28.97,NULL,26.83,5%,653.37,CC,Failed,Next Day,,Leave at door,False
756,ORD-163612,203,390,2023-01-15 07:36:08,2023-01-17 07:36:08,1,205.64,SUMMER,37.46,0.1,877.68,Stripe,1,Store Pickup,,,False
757,ORD-238826,641,338,2023-02-05 15:14:42,2023-02-04 15:14:42,2,96.04,,11.75,0.05,392.56,Credit Card,0,Express,,,
758,ORD-435272,757,301,2023-11-08 15:24:11,2023-11-17 15:24:11,1,182.79,SAVE10,43.92,0.05,771.56,Stripe,1,Express,Yes,,
759,ORD-538399,106,383,2023-12-23 05:16:53,2023-12-25 05:16:53,-1,194.76,SAVE10,26.57,5%,167.32,cash,Failed,Standard,,Ring bell,True
760,ORD-495947,833,342,2023-07-31 18:51:49,2023-08-02 18:51:49,five,240.09,NULL,30.17,0.05,704.17,Stripe,Pending,Standard,,,
761,ORD-682441,122,115,2023-01-24 00:13:42,2023-01-30 00:13:42,0,302.14,,4.5,5%,753.15,cash,0,Store Pickup,Yes,Leave at door,
762,ORD-811296,318,167,2023-03-03 03:06:32,2023-03-11 03:06:32,5,287.63,,15.48,0.05,448.57,Stripe,Paid,Store Pickup,No,Leave at door,
763,ORD-511468,182,435,2023-12-15 20:43:23,2023-12-20 20:43:23,3,24.3,SUMMER,21.34,8%,795.69,Stripe,Failed,Standard,No,Leave at door,False
764,ORD-613277,615,265,2023-12-09 13:17:10,2023-12-18 13:17:10,two,376.59,SAVE10,20.7,5%,561.53,cash,Paid,Express,,,True
765,ORD-850870,316,227,2023-10-09 09:46:37,2023-10-18 09:46:37,,474.85,SUMMER,38.91,8%,936.91,cash,Refunded,Standard,Yes,Leave at door,False
766,ORD-984504,814,151,2023-07-05 15:40:16,2023-07-09 15:40:16,4,177.6,WELCOME20,14.12,8%,121.34,CC,1,Express,Yes,Leave at door,
767,ORD-633325,773,268,2023-11-23 14:28:31,2023-12-02 14:28:31,five,93.97,,9.11,5%,139.51,paypal,0,Express,,,
768,ORD-507340,625,116,2023-07-08 08:23:26,2023-07-08 08:23:26,5,272.3,SAVE10,29.13,0.1,844.0,credit card,Pending,Next Day,,Leave at door,True
769,ORD-211718,406,88,2023-10-19 12:46:15,2023-10-26 12:46:15,-1,353.93,SUMMER,30.75,0.08,843.94,CC,Paid,Next Day,No,Ring bell,False
770,ORD-996922,986,318,2023-02-06 23:09:56,2023-02-07 23:09:56,5,341.06,NULL,6.08,0.05,476.51,PayPal,Pending,Store Pickup,No,Fragile,
771,ORD-624612,949,242,2023-04-09 04:10:16,2023-04-12 04:10:16,,307.99,WELCOME20,0.12,0.05,964.32,paypal,Refunded,Express,,Ring bell,True
772,ORD-126006,70,360,2023-11-19 00:33:45,2023-11-19 00:33:45,0,77.38,SUMMER,45.88,0.1,682.6,paypal,Paid,Standard,Yes,,
773,ORD-445796,160,329,2023-05-16 01:11:40,2023-05-24 01:11:40,0,419.23,NULL,3.98,0.08,983.02,cash,Pending,Express,,Ring bell,
774,ORD-527669,240,333,2023-10-18 21:44:14,2023-10-24 21:44:14,1,215.68,SAVE10,44.89,0.1,537.07,PayPal,Pending,Store Pickup,Yes,Ring bell,True
775,ORD-844796,523,40,2023-10-22 14:06:03,2023-10-27 14:06:03,2,114.63,SAVE10,19.96,0.08,209.6,cash,Refunded,Express,No,,True
776,ORD-457503,138,182,2023-11-06 16:37:24,2023-11-09 16:37:24,0,47.7,WELCOME20,32.65,5%,449.95,cash,Failed,Express,,,
777,ORD-868517,495,490,2023-09-27 20:45:24,2023-09-28 20:45:24,two,211.28,NULL,9.28,5%,980.68,Credit Card,0,Store Pickup,Yes,Ring bell,True
778,ORD-305469,679,209,2023-11-12 01:00:14,2023-11-16 01:00:14,4,310.9,,41.2,8%,376.71,PayPal,Refunded,Express,No,Fragile,
779,ORD-953007,247,391,2023-02-05 07:01:47,2023-02-13 07:01:47,-1,334.36,SAVE10,9.01,8%,957.45,Credit Card,Paid,Next Day,,Ring bell,False
780,ORD-980190,866,273,2023-09-27 21:44:59,2023-09-27 21:44:59,,481.55,,19.33,5%,799.05,credit card,Paid,Store Pickup,,Leave at door,
781,ORD-591809,543,119,2023-05-30 10:29:49,2023-06-06 10:29:49,3,80.81,,11.9,8%,447.69,Credit Card,1,Next Day,No,,True
782,ORD-984412,524,382,2023-11-17 22:45:37,2023-11-22 22:45:37,0,492.96,SUMMER,41.88,5%,546.45,cash,Pending,Store Pickup,,Leave at door,False
783,ORD-989605,243,434,2023-12-12 14:24:43,2023-12-10 14:24:43,3,329.06,SUMMER,42.92,0.1,611.36,credit card,0,Express,No,,True
784,ORD-751926,620,24,2023-02-02 10:16:58,2023-02-02 10:16:58,0,229.84,SAVE10,18.6,0.05,669.11,credit card,Paid,Next Day,Yes,,
785,ORD-200582,336,258,2023-09-20 16:40:02,2023-09-28 16:40:02,two,444.66,,15.37,5%,85.93,Stripe,Failed,Next Day,,,True
786,ORD-135007,422,483,2023-08-30 00:08:57,2023-09-01 00:08:57,3,348.77,SUMMER,38.68,5%,934.25,Stripe,Failed,Standard,No,Ring bell,
787,ORD-685594,835,92,2023-08-04 17:50:48,2023-08-06 17:50:48,2,177.62,NULL,43.93,5%,601.03,PayPal,Refunded,Next Day,No,,True
788,ORD-322979,194,467,2023-02-27 05:30:14,2023-03-06 05:30:14,-1,442.62,NULL,31.2,8%,931.84,cash,Paid,Next Day,Yes,Fragile,True
789,ORD-247539,308,161,2023-04-01 21:06:56,2023-03-31 21:06:56,4,334.97,NULL,46.37,8%,635.58,credit card,0,Express,,,
790,ORD-440073,645,149,2023-10-12 03:48:02,2023-10-19 03:48:02,two,350.92,NULL,19.15,8%,436.71,cash,0,Next Day,No,Leave at door,False
791,ORD-496945,907,117,2023-04-02 02:11:07,2023-04-07 02:11:07,2,448.71,,7.59,8%,571.26,Credit Card,Paid,Next Day,No,Fragile,
792,ORD-845820,506,458,2023-08-18 22:37:05,2023-08-20 22:37:05,4,226.97,NULL,8.98,0.1,831.21,CC,1,Next Day,No,,False
793,ORD-592038,281,53,2023-04-01 12:04:48,2023-04-05 12:04:48,2,330.17,,33.49,5%,332.86,Stripe,1,Express,,Fragile,False
794,ORD-833030,803,302,2023-11-14 00:22:48,2023-11-18 00:22:48,2,373.62,SAVE10,20.38,0.1,956.9,paypal,1,Store Pickup,,,False
795,ORD-468350,675,45,2023-06-16 19:42:47,2023-06-18 19:42:47,2,229.7,SAVE10,7.82,8%,471.3,paypal,Paid,Express,Yes,Leave at door,False
796,ORD-660668,790,265,2023-06-05 19:53:02,2023-06-10 19:53:02,1,46.31,NULL,14.61,0.1,956.67,Credit Card,Refunded,Next Day,Yes,Ring bell,
797,ORD-125512,933,486,2023-01-16 22:49:08,2023-01-22 22:49:08,4,386.86,NULL,26.53,5%,881.95,Stripe,0,Store Pickup,Yes,,
798,ORD-869786,982,262,2023-02-05 05:40:10,2023-02-06 05:40:10,2,28.67,NULL,6.07,5%,769.99,CC,Refunded,Express,,,False
799,ORD-649428,439,307,2023-06-23 16:12:43,2023-06-24 16:12:43,five,360.37,SAVE10,0.17,8%,472.76,cash,Refunded,Express,No,Leave at door,False
800,ORD-451827,715,234,2023-12-24 04:16:01,2023-12-29 04:16:01,five,455.88,SUMMER,45.86,5%,591.08,credit card,Refunded,Store Pickup,,Leave at door,False
801,ORD-792496,608,375,2023-05-31 23:38:08,2023-05-29 23:38:08,0,176.75,SAVE10,15.24,0.1,839.65,Stripe,Failed,Standard,,Fragile,False
802,ORD-579742,483,35,2023-08-30 04:42:14,2023-08-31 04:42:14,-1,55.52,NULL,11.07,0.08,548.62,Credit Card,Paid,Next Day,,,False
803,ORD-138567,223,338,2023-01-03 18:20:26,2023-01-06 18:20:26,3,120.27,SUMMER,34.92,5%,740.81,cash,Pending,Standard,Yes,Fragile,False
804,ORD-604754,749,437,2023-08-03 01:22:50,2023-08-04 01:22:50,0,283.33,SUMMER,42.67,0.1,792.75,credit card,Paid,Next Day,No,Leave at door,True
805,ORD-950196,117,403,2023-10-27 23:03:26,2023-10-30 23:03:26,1,471.62,WELCOME20,31.61,0.1,517.96,Stripe,Refunded,Next Day,,,False
806,ORD-641098,968,197,2023-05-23 05:53:35,2023-05-25 05:53:35,five,258.58,,12.72,0.1,540.89,PayPal,Failed,Standard,Yes,,True
807,ORD-743931,192,25,2023-01-06 13:50:09,2023-01-12 13:50:09,4,60.8,NULL,43.08,5%,205.86,CC,Failed,Standard,,Leave at door,
808,ORD-924674,788,395,2023-11-02 13:30:56,2023-11-09 13:30:56,-1,315.75,,25.52,0.08,252.29,paypal,Paid,Next Day,No,,
809,ORD-601273,618,202,2023-04-06 15:06:09,2023-04-12 15:06:09,-1,367.76,WELCOME20,19.06,8%,905.89,Credit Card,Pending,Store Pickup,Yes,,False
810,ORD-420486,994,273,2023-10-06 11:46:46,2023-10-07 11:46:46,3,199.68,,30.24,8%,841.93,paypal,Refunded,Store Pickup,,Ring bell,
811,ORD-761446,516,36,2023-08-04 05:23:18,2023-08-05 05:23:18,4,362.15,NULL,35.03,5%,20.02,cash,Failed,Standard,Yes,Fragile,
812,ORD-502777,530,474,2023-02-20 13:06:49,2023-03-01 13:06:49,,165.79,WELCOME20,29.69,5%,870.69,credit card,Refunded,Standard,No,Fragile,False
813,ORD-401628,307,223,2023-04-12 15:33:09,2023-04-17 15:33:09,3,395.6,,46.01,0.05,34.98,credit card,Refunded,Express,No,Leave at door,
814,ORD-240633,964,352,2023-11-11 11:48:04,2023-11-18 11:48:04,-1,173.83,SAVE10,31.4,0.08,463.7,PayPal,0,Store Pickup,Yes,Leave at door,
815,ORD-628218,532,277,2023-06-07 23:38:10,2023-06-08 23:38:10,1,131.77,SUMMER,43.93,0.1,76.76,credit card,Refunded,Store Pickup,,,False
816,ORD-220185,122,18,2023-09-14 21:00:13,2023-09-13 21:00:13,two,440.19,WELCOME20,29.35,0.1,969.13,credit card,1,Next Day,No,Leave at door,False
817,ORD-709541,649,188,2023-11-24 19:53:06,2023-11-23 19:53:06,two,276.49,SAVE10,16.48,8%,972.6,cash,0,Express,No,Leave at door,False
818,ORD-999705,592,402,2023-08-14 07:21:46,2023-08-12 07:21:46,five,146.15,NULL,26.61,5%,614.76,paypal,Refunded,Next Day,,Leave at door,True
819,ORD-754259,154,257,2023-01-01 10:19:40,2023-01-03 10:19:40,-1,467.87,SUMMER,4.32,0.08,398.28,paypal,Refunded,Express,Yes,,False
820,ORD-362104,870,142,2023-12-23 13:10:03,2023-12-26 13:10:03,1,346.97,WELCOME20,11.51,8%,516.87,Credit Card,Pending,Store Pickup,Yes,,
821,ORD-963416,537,136,2023-10-26 14:36:40,2023-11-01 14:36:40,3,114.25,SUMMER,38.31,0.08,764.68,Credit Card,0,Next Day,,Ring bell,False
822,ORD-901557,452,450,2023-03-29 08:18:11,2023-03-31 08:18:11,1,309.25,WELCOME20,33.07,5%,230.96,credit card,0,Express,No,,True
823,ORD-149063,169,307,2023-03-06 22:45:44,2023-03-09 22:45:44,5,435.83,WELCOME20,8.33,0.1,447.31,Stripe,Pending,Next Day,No,Fragile,
824,ORD-921468,59,79,2023-12-03 22:01:19,2023-12-06 22:01:19,3,349.6,,21.9,0.05,739.9,CC,1,Express,,Ring bell,True
825,ORD-127684,301,444,2023-09-14 08:00:31,2023-09-14 08:00:31,2,126.16,SUMMER,7.1,0.08,401.44,Credit Card,0,Standard,,Leave at door,
826,ORD-547711,553,418,2023-01-27 01:22:27,2023-02-05 01:22:27,3,326.18,SUMMER,42.79,0.1,41.68,credit card,1,Next Day,Yes,Fragile,False
827,ORD-660452,550,292,2023-12-25 16:44:33,2023-12-26 16:44:33,five,311.48,SAVE10,5.46,0.08,512.32,Stripe,Refunded,Standard,Yes,Ring bell,True
828,ORD-450347,117,62,2023-02-25 11:07:10,2023-02-23 11:07:10,two,411.32,NULL,32.71,0.08,740.04,Stripe,Failed,Express,,Ring bell,False
829,ORD-122844,787,129,2023-06-02 23:51:31,2023-06-03 23:51:31,3,93.18,SAVE10,30.35,0.08,977.05,paypal,Failed,Next Day,No,Fragile,
830,ORD-826346,782,499,2023-08-13 12:05:09,2023-08-11 12:05:09,2,351.32,,23.64,5%,46.68,Stripe,Paid,Express,Yes,Ring bell,False
831,ORD-239785,127,341,2023-03-19 13:44:05,2023-03-21 13:44:05,5,18.55,WELCOME20,13.91,8%,544.52,PayPal,Failed,Express,,Fragile,False
832,ORD-269101,405,298,2023-08-27 01:37:56,2023-09-04 01:37:56,1,349.61,,20.2,0.08,455.44,paypal,Failed,Standard,No,Ring bell,
833,ORD-691569,399,257,2023-04-12 05:21:02,2023-04-20 05:21:02,4,480.42,,40.32,5%,250.02,paypal,Pending,Next Day,Yes,Ring bell,True
834,ORD-767209,515,480,2023-10-07 18:55:42,2023-10-12 18:55:42,two,91.32,SAVE10,38.08,0.05,641.39,PayPal,Paid,Store Pickup,,Ring bell,
835,ORD-476338,805,212,2023-05-07 01:21:04,2023-05-12 01:21:04,1,159.09,WELCOME20,36.94,8%,171.99,cash,Paid,Express,,Fragile,
836,ORD-878683,885,54,2023-08-04 23:06:42,2023-08-06 23:06:42,5,293.52,NULL,37.49,5%,291.03,cash,Pending,Standard,No,Ring bell,False
837,ORD-187708,498,175,2023-07-25 15:19:00,2023-08-01 15:19:00,4,367.54,,7.19,0.05,783.94,paypal,Failed,Store Pickup,No,,
838,ORD-100719,942,100,2023-08-05 22:20:45,2023-08-04 22:20:45,-1,175.46,NULL,4.95,8%,465.81,Credit Card,Failed,Standard,,,True
839,ORD-673475,528,39,2023-05-10 19:53:35,2023-05-19 19:53:35,0,333.81,WELCOME20,43.07,5%,993.73,paypal,Paid,Standard,No,,
840,ORD-167730,398,414,2023-01-13 18:27:28,2023-01-16 18:27:28,five,450.14,WELCOME20,41.86,0.05,392.6,PayPal,Failed,Standard,,,
841,ORD-362816,265,263,2023-04-27 00:14:53,2023-04-25 00:14:53,1,364.65,SAVE10,34.07,5%,468.63,credit card,Paid,Express,No,,False
842,ORD-999663,751,150,2023-04-06 00:35:25,2023-04-10 00:35:25,,356.96,SUMMER,30.3,0.05,307.26,credit card,Failed,Store Pickup,No,Leave at door,True
843,ORD-282956,263,121,2023-09-01 12:39:04,2023-09-09 12:39:04,4,194.08,SAVE10,18.34,0.08,243.93,credit card,Refunded,Express,Yes,Ring bell,False
844,ORD-717275,398,178,2023-10-17 06:31:25,2023-10-18 06:31:25,-1,456.16,NULL,11.2,0.08,923.06,cash,Pending,Express,Yes,,False
845,ORD-884770,646,301,2023-04-20 00:15:30,2023-04-22 00:15:30,,142.27,SAVE10,33.38,8%,751.34,PayPal,0,Next Day,No,Leave at door,True
846,ORD-512754,725,330,2023-04-10 19:22:33,2023-04-13 19:22:33,0,106.61,WELCOME20,45.65,0.05,340.07,PayPal,1,Store Pickup,,Fragile,True
847,ORD-436091,527,120,2023-06-20 13:01:00,2023-06-28 13:01:00,0,185.29,,21.85,0.08,703.15,Credit Card,Refunded,Next Day,No,Leave at door,
848,ORD-965244,436,72,2023-08-24 15:47:46,2023-08-22 15:47:46,two,326.83,SUMMER,15.16,8%,966.13,PayPal,Failed,Standard,Yes,,True
849,ORD-640135,840,219,2023-12-02 05:39:54,2023-12-08 05:39:54,,431.53,WELCOME20,13.54,0.1,83.31,Stripe,1,Store Pickup,,Leave at door,False
850,ORD-420692,930,394,2023-07-06 12:16:01,2023-07-13 12:16:01,two,70.38,,1.19,0.08,271.86,credit card,0,Store Pickup,No,Ring bell,True
851,ORD-739131,360,398,2023-01-28 08:28:39,2023-01-29 08:28:39,two,407.83,NULL,26.02,0.08,208.57,PayPal,Refunded,Express,No,,True
852,ORD-856540,129,302,2023-01-22 01:03:42,2023-01-27 01:03:42,two,407.35,NULL,49.41,5%,871.09,CC,0,Standard,No,Ring bell,True
853,ORD-205373,864,123,2023-11-21 02:02:52,2023-11-23 02:02:52,two,295.53,NULL,40.76,0.1,187.4,cash,Pending,Express,No,Leave at door,False
854,ORD-476118,634,244,2023-09-14 19:18:23,2023-09-22 19:18:23,-1,381.52,SAVE10,44.87,0.05,315.0,paypal,1,Next Day,Yes,,
855,ORD-857537,241,374,2023-04-05 21:37:03,2023-04-10 21:37:03,five,95.03,NULL,31.06,8%,548.42,Credit Card,0,Standard,Yes,Fragile,
856,ORD-739610,627,75,2023-07-20 16:52:02,2023-07-18 16:52:02,3,88.95,NULL,24.07,0.1,624.88,credit card,1,Express,Yes,Ring bell,False
857,ORD-104068,709,6,2023-12-17 13:50:45,2023-12-22 13:50:45,-1,432.09,SAVE10,49.52,0.05,810.1,Stripe,Pending,Express,Yes,,
858,ORD-153419,222,21,2023-04-01 16:19:27,2023-04-09 16:19:27,5,251.58,,22.36,0.08,413.25,Stripe,0,Express,,Fragile,
859,ORD-430140,214,190,2023-04-14 01:25:37,2023-04-22 01:25:37,two,126.74,WELCOME20,45.84,8%,538.9,credit card,Refunded,Standard,,,False
860,ORD-470334,916,225,2023-03-05 08:10:46,2023-03-06 08:10:46,4,345.92,SUMMER,38.09,8%,965.81,Stripe,1,Next Day,,Ring bell,False
861,ORD-632869,592,403,2023-11-21 23:24:28,2023-11-20 23:24:28,4,446.48,NULL,16.55,0.1,304.39,CC,0,Store Pickup,No,Ring bell,
862,ORD-890467,775,103,2023-10-17 16:17:39,2023-10-25 16:17:39,,318.0,NULL,25.15,5%,255.61,Credit Card,Pending,Express,,,True
863,ORD-793587,135,344,2023-02-28 09:30:16,2023-03-03 09:30:16,,176.94,NULL,19.22,0.05,713.49,cash,0,Standard,Yes,,
864,ORD-321731,818,466,2023-11-12 09:20:29,2023-11-11 09:20:29,5,244.2,SAVE10,6.81,0.1,773.42,paypal,0,Store Pickup,Yes,Leave at door,True
865,ORD-960669,754,99,2023-09-13 05:18:33,2023-09-15 05:18:33,-1,377.37,SAVE10,17.84,5%,420.63,Credit Card,Refunded,Express,No,Fragile,False
866,ORD-822904,386,500,2023-05-14 02:56:40,2023-05-13 02:56:40,4,38.41,SAVE10,44.45,5%,220.85,Credit Card,Failed,Standard,,,True
867,ORD-663788,303,318,2023-01-05 02:23:02,2023-01-05 02:23:02,2,112.5,SUMMER,37.63,5%,781.13,cash,Paid,Next Day,No,,True
868,ORD-999514,782,363,2023-03-01 12:33:18,2023-03-09 12:33:18,2,233.98,WELCOME20,13.88,8%,673.79,credit card,Failed,Express,No,Leave at door,True
869,ORD-937757,287,485,2023-01-31 13:35:55,2023-02-03 13:35:55,3,304.1,NULL,18.4,0.05,877.47,PayPal,Failed,Standard,,Fragile,False
870,ORD-395632,562,83,2023-11-29 13:52:39,2023-11-27 13:52:39,2,172.89,,30.82,0.05,845.88,paypal,Paid,Express,No,Fragile,
871,ORD-186180,189,181,2023-08-12 02:13:38,2023-08-15 02:13:38,1,152.7,NULL,20.81,0.1,213.14,Credit Card,0,Standard,,Ring bell,
872,ORD-770475,297,152,2023-06-22 07:36:10,2023-06-22 07:36:10,two,25.49,NULL,25.15,0.08,834.02,CC,Failed,Next Day,,Leave at door,True
873,ORD-953819,526,56,2023-05-01 17:32:20,2023-05-05 17:32:20,5,21.14,NULL,34.91,0.1,183.42,cash,Failed,Next Day,No,Leave at door,
874,ORD-700308,389,190,2023-12-17 18:36:49,2023-12-16 18:36:49,,142.95,NULL,23.36,0.05,865.07,credit card,Pending,Standard,Yes,Ring bell,False
875,ORD-963676,459,418,2023-02-03 18:09:45,2023-02-06 18:09:45,1,267.6,WELCOME20,9.55,8%,772.62,PayPal,Pending,Store Pickup,,,False
876,ORD-696148,744,22,2023-08-01 09:37:51,2023-08-06 09:37:51,five,280.4,,26.03,0.1,574.16,PayPal,Refunded,Next Day,Yes,,False
877,ORD-993259,261,68,2023-03-23 03:47:02,2023-03-21 03:47:02,two,249.54,SAVE10,17.81,0.08,645.8,credit card,1,Express,Yes,Ring bell,False
878,ORD-456657,704,185,2023-08-26 22:10:20,2023-09-03 22:10:20,4,207.89,,14.54,0.1,113.04,Credit Card,0,Next Day,,,
879,ORD-587553,925,10,2023-09-16 09:14:15,2023-09-24 09:14:15,two,129.88,NULL,16.41,5%,49.49,cash,Refunded,Express,Yes,Leave at door,True
880,ORD-319215,715,66,2023-06-26 21:34:32,2023-07-02 21:34:32,,203.34,,21.95,0.08,337.34,Stripe,Pending,Next Day,No,Ring bell,True
881,ORD-226585,773,264,2023-12-10 03:56:26,2023-12-12 03:56:26,0,73.69,NULL,44.33,5%,823.19,credit card,Pending,Next Day,No,,True
882,ORD-700738,113,225,2023-03-10 09:42:02,2023-03-12 09:42:02,0,62.05,,36.7,8%,471.13,Stripe,Paid,Express,Yes,,False
883,ORD-489314,886,123,2023-06-06 01:08:06,2023-06-15 01:08:06,1,153.47,SUMMER,33.39,0.05,231.16,PayPal,Paid,Next Day,No,,
884,ORD-321781,864,38,2023-02-02 01:23:05,2023-02-04 01:23:05,-1,497.7,,23.56,0.1,836.2,PayPal,Pending,Express,,,
885,ORD-838349,36,491,2023-02-10 16:07:58,2023-02-13 16:07:58,4,166.62,SAVE10,0.09,0.1,236.34,CC,Failed,Express,,Leave at door,
886,ORD-196707,79,123,2023-05-21 02:17:51,2023-05-20 02:17:51,,468.55,SAVE10,17.03,5%,817.34,CC,Refunded,Next Day,Yes,,
887,ORD-479848,275,318,2023-11-30 04:30:33,2023-12-03 04:30:33,,199.17,,40.66,5%,458.45,PayPal,Pending,Next Day,No,Fragile,
888,ORD-354353,960,156,2023-03-11 00:25:32,2023-03-19 00:25:32,,222.31,,19.41,0.05,468.86,CC,0,Express,Yes,,
889,ORD-920126,278,394,2023-08-14 00:22:15,2023-08-15 00:22:15,2,399.55,WELCOME20,28.19,0.1,279.99,CC,Pending,Standard,No,Leave at door,True
890,ORD-763094,674,301,2023-04-23 06:22:35,2023-04-28 06:22:35,,51.35,,10.24,0.05,901.17,CC,Paid,Next Day,,Ring bell,False
891,ORD-101798,312,321,2023-07-10 18:02:32,2023-07-18 18:02:32,0,95.25,SAVE10,45.79,5%,97.9,PayPal,Refunded,Store Pickup,No,,True
892,ORD-942914,529,482,2023-07-12 15:32:21,2023-07-18 15:32:21,five,487.05,SUMMER,46.16,5%,152.96,Credit Card,Refunded,Next Day,No,,
893,ORD-718494,204,67,2023-08-07 11:06:07,2023-08-13 11:06:07,5,255.43,SAVE10,7.3,0.08,639.53,Credit Card,1,Standard,Yes,Ring bell,False
894,ORD-527214,985,393,2023-06-11 10:48:11,2023-06-16 10:48:11,two,26.93,WELCOME20,36.21,5%,851.61,cash,Pending,Standard,,Fragile,False
895,ORD-906331,952,133,2023-11-06 01:13:45,2023-11-06 01:13:45,5,28.45,,3.76,5%,104.5,paypal,1,Next Day,No,Leave at door,False
896,ORD-543190,17,362,2023-01-19 06:51:29,2023-01-26 06:51:29,0,454.08,SUMMER,29.93,0.05,736.41,CC,Paid,Next Day,,Ring bell,False
897,ORD-404240,714,394,2023-04-14 07:49:37,2023-04-22 07:49:37,0,437.32,SAVE10,8.93,0.08,745.09,Credit Card,1,Store Pickup,No,Leave at door,
898,ORD-740584,476,140,2023-01-04 07:52:35,2023-01-12 07:52:35,five,231.91,SUMMER,7.29,0.08,585.71,paypal,Failed,Next Day,,Ring bell,
899,ORD-490300,511,82,2023-11-09 02:44:14,2023-11-10 02:44:14,3,85.79,NULL,0.21,0.1,491.86,credit card,Pending,Standard,No,,False
900,ORD-569323,210,58,2023-02-13 16:52:24,2023-02-11 16:52:24,1,415.99,SAVE10,47.04,8%,327.88,CC,Pending,Store Pickup,,Fragile,
901,ORD-253564,499,149,2023-02-01 18:20:54,2023-02-07 18:20:54,2,165.68,NULL,41.46,0.1,357.95,Credit Card,Refunded,Next Day,No,,False
902,ORD-190672,402,405,2023-10-23 23:53:21,2023-10-25 23:53:21,-1,212.43,SUMMER,3.87,0.1,677.69,Credit Card,1,Store Pickup,,Ring bell,
903,ORD-294452,429,449,2023-06-12 13:47:51,2023-06-15 13:47:51,,342.83,,29.97,0.1,74.63,Stripe,Refunded,Store Pickup,No,Ring bell,False
904,ORD-560260,992,131,2023-06-01 14:03:43,2023-06-01 14:03:43,,179.93,,11.64,0.08,589.09,Credit Card,0,Standard,No,Leave at door,
905,ORD-232973,78,69,2023-02-07 00:10:18,2023-02-15 00:10:18,five,316.19,,13.2,0.05,285.94,Stripe,1,Standard,,Ring bell,True
906,ORD-815925,568,345,2023-12-13 11:54:46,2023-12-20 11:54:46,3,443.21,NULL,43.71,5%,471.94,paypal,1,Express,Yes,Leave at door,True
907,ORD-272897,80,250,2023-05-14 05:10:00,2023-05-19 05:10:00,,399.7,,5.72,0.08,563.39,Stripe,Paid,Standard,No,Leave at door,
908,ORD-956336,306,320,2023-02-02 06:37:27,2023-02-06 06:37:27,2,193.9,WELCOME20,30.07,5%,886.8,credit card,1,Express,No,Ring bell,
909,ORD-670195,58,177,2023-03-14 01:08:18,2023-03-12 01:08:18,1,147.53,SAVE10,20.06,5%,583.28,cash,Refunded,Standard,Yes,Leave at door,True
910,ORD-601762,530,72,2023-03-15 19:46:24,2023-03-22 19:46:24,2,146.33,SAVE10,9.54,8%,234.89,CC,0,Standard,No,Fragile,
911,ORD-954213,208,17,2023-08-01 08:35:13,2023-08-10 08:35:13,3,177.55,SUMMER,22.6,0.1,88.66,Credit Card,1,Express,,,False
912,ORD-641642,511,329,2023-07-22 16:16:14,2023-07-24 16:16:14,0,249.29,NULL,47.02,8%,630.72,cash,1,Express,Yes,Ring bell,
913,ORD-224977,977,160,2023-08-14 08:10:21,2023-08-21 08:10:21,2,211.22,SAVE10,39.08,0.1,549.6,PayPal,Pending,Express,No,Leave at door,
914,ORD-970093,135,70,2023-09-23 11:22:25,2023-09-29 11:22:25,5,70.84,NULL,6.61,0.08,675.08,CC,Pending,Store Pickup,,Leave at door,True
915,ORD-930533,844,113,2023-10-28 14:10:55,2023-11-06 14:10:55,2,85.91,SUMMER,42.47,5%,464.8,PayPal,0,Express,,Leave at door,True
916,ORD-200893,994,232,2023-07-30 15:33:07,2023-08-07 15:33:07,0,174.75,,46.87,8%,826.87,cash,Pending,Store Pickup,Yes,Leave at door,
917,ORD-628586,522,21,2023-10-02 13:41:41,2023-10-11 13:41:41,,283.22,SUMMER,13.85,0.08,920.98,paypal,Failed,Store Pickup,Yes,Fragile,False
918,ORD-460021,581,135,2023-11-24 22:51:47,2023-11-27 22:51:47,two,298.37,WELCOME20,16.67,0.08,49.6,Credit Card,Pending,Express,Yes,Ring bell,
919,ORD-411716,853,263,2023-10-17 07:17:12,2023-10-22 07:17:12,two,245.67,,6.32,0.1,746.65,CC,Failed,Express,,Ring bell,False
920,ORD-104903,899,111,2023-10-11 15:23:31,2023-10-18 15:23:31,two,370.69,,17.25,5%,44.81,CC,0,Express,No,Fragile,False
921,ORD-159165,83,487,2023-04-06 19:07:49,2023-04-04 19:07:49,,369.94,,33.66,0.1,450.65,Credit Card,Failed,Standard,,Fragile,
922,ORD-912025,621,246,2023-12-23 13:16:21,2023-12-30 13:16:21,five,216.68,SUMMER,13.61,0.1,466.99,cash,0,Standard,,Fragile,False
923,ORD-141274,44,283,2023-08-11 20:59:05,2023-08-19 20:59:05,1,66.6,WELCOME20,0.34,0.08,699.26,credit card,Refunded,Express,Yes,Ring bell,True
924,ORD-266843,483,8,2023-07-24 01:57:30,2023-07-28 01:57:30,1,267.44,NULL,16.93,0.1,358.88,paypal,Pending,Next Day,No,,False
925,ORD-203880,966,457,2023-01-04 13:44:57,2023-01-04 13:44:57,,193.83,SUMMER,22.66,0.05,822.69,Credit Card,1,Express,,,False
926,ORD-249834,910,284,2023-05-17 13:39:28,2023-05-23 13:39:28,2,73.27,SAVE10,28.32,5%,349.44,Stripe,Paid,Next Day,Yes,Fragile,False
927,ORD-903729,644,207,2023-08-26 04:30:15,2023-08-29 04:30:15,-1,491.0,SAVE10,34.19,0.1,349.09,CC,1,Standard,Yes,Fragile,True
928,ORD-334065,493,194,2023-09-06 19:22:03,2023-09-08 19:22:03,1,188.03,SUMMER,3.09,0.1,230.53,credit card,Pending,Standard,No,Ring bell,True
929,ORD-761567,499,455,2023-03-26 05:57:54,2023-03-31 05:57:54,5,314.77,NULL,23.49,8%,687.03,CC,1,Next Day,No,Ring bell,
930,ORD-112611,18,47,2023-06-04 00:13:18,2023-06-09 00:13:18,5,247.61,SAVE10,13.32,5%,85.82,PayPal,Pending,Standard,Yes,,False
931,ORD-251030,605,466,2023-04-08 22:25:16,2023-04-17 22:25:16,4,75.7,NULL,47.4,5%,369.42,CC,Pending,Express,No,Leave at door,True
932,ORD-331126,995,342,2023-04-27 02:16:21,2023-05-06 02:16:21,5,32.49,,17.99,0.1,274.22,paypal,1,Next Day,No,Ring bell,False
933,ORD-587807,948,242,2023-09-21 23:58:26,2023-09-21 23:58:26,1,314.76,SUMMER,5.01,0.05,237.04,Credit Card,Failed,Next Day,,,False
934,ORD-539542,294,10,2023-12-11 02:40:15,2023-12-10 02:40:15,-1,127.28,,2.07,8%,70.37,CC,Refunded,Store Pickup,No,Ring bell,
935,ORD-747494,976,370,2023-02-18 15:42:06,2023-02-17 15:42:06,0,125.61,SAVE10,13.27,0.05,198.48,Stripe,Refunded,Standard,Yes,Ring bell,False
936,ORD-152284,148,289,2023-06-21 22:19:22,2023-06-23 22:19:22,two,478.7,NULL,8.94,0.1,451.78,PayPal,Refunded,Next Day,No,Ring bell,True
937,ORD-325084,472,391,2023-07-23 22:23:42,2023-07-30 22:23:42,2,233.58,,32.49,5%,508.7,PayPal,Refunded,Next Day,,,
938,ORD-531417,995,131,2023-09-18 12:41:08,2023-09-27 12:41:08,0,19.57,SAVE10,42.35,5%,276.81,Credit Card,Paid,Next Day,No,,
939,ORD-944107,172,270,2023-03-27 09:22:55,2023-03-31 09:22:55,-1,173.22,WELCOME20,15.63,0.05,653.74,PayPal,0,Standard,,Fragile,False
940,ORD-511760,563,428,2023-02-14 19:25:49,2023-02-19 19:25:49,five,294.32,,28.89,0.08,342.44,cash,Pending,Next Day,No,,False
941,ORD-563970,531,302,2023-04-13 07:17:03,2023-04-20 07:17:03,two,167.64,WELCOME20,36.52,0.1,373.57,Credit Card,Paid,Next Day,No,,True
942,ORD-167557,120,61,2023-09-17 09:42:08,2023-09-22 09:42:08,4,18.29,WELCOME20,19.92,5%,784.8,paypal,Refunded,Express,Yes,Ring bell,False
943,ORD-578503,836,164,2023-06-27 11:15:52,2023-07-06 11:15:52,five,224.93,SAVE10,3.32,0.08,556.45,Credit Card,Refunded,Express,Yes,,True
944,ORD-708985,737,13,2023-03-31 09:49:14,2023-04-05 09:49:14,1,57.42,SUMMER,11.46,5%,953.64,credit card,1,Store Pickup,No,Ring bell,False
945,ORD-934770,66,272,2023-08-25 23:57:42,2023-09-01 23:57:42,-1,311.48,NULL,44.15,5%,365.71,PayPal,Refunded,Next Day,No,Leave at door,True
946,ORD-449461,141,208,2023-09-01 01:25:54,2023-09-10 01:25:54,two,311.7,SAVE10,41.22,0.08,829.56,PayPal,Pending,Standard,,Fragile,False
947,ORD-361281,446,246,2023-07-20 12:45:39,2023-07-28 12:45:39,4,23.69,,4.33,0.05,740.95,Stripe,Refunded,Store Pickup,,,
948,ORD-198591,506,133,2023-08-20 14:22:36,2023-08-20 14:22:36,2,148.88,NULL,11.2,0.1,891.29,CC,Refunded,Store Pickup,Yes,Ring bell,True
949,ORD-285399,189,244,2023-11-07 02:54:45,2023-11-15 02:54:45,2,209.77,SUMMER,38.46,0.08,957.22,credit card,Paid,Store Pickup,No,Leave at door,
950,ORD-945715,158,473,2023-11-17 14:22:26,2023-11-16 14:22:26,,277.38,SAVE10,24.29,0.08,17.6,cash,Pending,Next Day,No,Fragile,
951,ORD-720065,610,294,2023-09-07 10:12:43,2023-09-08 10:12:43,1,151.55,SUMMER,38.0,5%,97.41,CC,Failed,Store Pickup,,Fragile,
952,ORD-158676,670,486,2023-10-20 06:12:54,2023-10-18 06:12:54,5,147.43,,10.55,0.08,677.6,Credit Card,1,Standard,No,Leave at door,
953,ORD-128045,947,434,2023-05-26 19:20:28,2023-05-26 19:20:28,-1,491.59,SAVE10,47.63,0.1,396.3,paypal,Failed,Express,No,,True
954,ORD-174773,246,38,2023-11-01 02:31:01,2023-11-09 02:31:01,4,25.72,,39.18,0.05,820.93,Stripe,0,Express,No,,False
955,ORD-209836,856,359,2023-10-30 05:00:56,2023-11-05 05:00:56,4,494.58,NULL,9.87,0.05,21.86,PayPal,Paid,Next Day,,Ring bell,
956,ORD-825735,944,56,2023-02-03 09:32:59,2023-02-07 09:32:59,5,28.64,NULL,27.92,0.05,808.91,cash,Refunded,Standard,,,False
957,ORD-514754,748,319,2023-03-10 10:14:44,2023-03-14 10:14:44,5,147.73,SUMMER,5.65,0.1,143.89,cash,1,Standard,,Ring bell,True
958,ORD-673036,33,376,2023-04-16 02:23:47,2023-04-14 02:23:47,five,249.38,SUMMER,18.07,5%,297.35,paypal,0,Standard,No,Ring bell,False
959,ORD-568546,361,48,2023-03-27 03:12:34,2023-03-31 03:12:34,two,75.93,NULL,32.98,0.1,969.39,Credit Card,0,Next Day,,Ring bell,True
960,ORD-925579,753,105,2023-11-30 10:50:17,2023-12-07 10:50:17,five,71.75,WELCOME20,16.51,0.08,61.08,Credit Card,Pending,Standard,Yes,Leave at door,False
961,ORD-370342,330,474,2023-07-30 20:26:08,2023-08-03 20:26:08,3,131.87,NULL,32.84,8%,355.55,credit card,1,Express,Yes,Fragile,True
962,ORD-126395,512,59,2023-04-30 04:27:30,2023-05-01 04:27:30,3,486.89,SAVE10,12.24,8%,93.68,CC,0,Standard,,Fragile,True
963,ORD-278808,850,77,2023-01-22 17:28:50,2023-01-26 17:28:50,1,193.16,,36.06,8%,855.07,PayPal,Paid,Standard,,,False
964,ORD-496543,787,428,2023-06-23 17:24:06,2023-06-28 17:24:06,,285.17,NULL,17.98,0.05,705.99,cash,Refunded,Next Day,No,,
965,ORD-964907,71,499,2023-02-28 19:41:10,2023-02-28 19:41:10,-1,353.62,NULL,39.52,0.1,802.33,PayPal,Paid,Store Pickup,,Ring bell,
966,ORD-332794,313,218,2023-11-08 02:11:24,2023-11-15 02:11:24,4,372.4,,6.83,0.1,532.01,cash,0,Store Pickup,,Leave at door,False
967,ORD-254350,915,383,2023-04-14 12:22:22,2023-04-13 12:22:22,two,345.58,,18.1,0.05,364.14,paypal,Pending,Next Day,Yes,Leave at door,
968,ORD-175602,728,55,2023-09-10 16:19:55,2023-09-14 16:19:55,2,171.78,SAVE10,23.2,0.08,12.25,credit card,Failed,Next Day,Yes,Ring bell,
969,ORD-872399,79,55,2023-10-06 07:31:12,2023-10-08 07:31:12,2,60.31,,21.19,8%,285.15,Stripe,Refunded,Next Day,Yes,Leave at door,True
970,ORD-608745,169,129,2023-08-31 04:17:32,2023-09-02 04:17:32,0,144.45,SUMMER,21.65,8%,519.41,Credit Card,Refunded,Next Day,Yes,Leave at door,False
971,ORD-159284,810,392,2023-09-24 00:48:23,2023-09-26 00:48:23,5,109.1,NULL,22.24,0.05,667.72,credit card,Paid,Standard,,Ring bell,
972,ORD-192624,983,383,2023-06-11 02:07:11,2023-06-15 02:07:11,1,72.46,,49.44,8%,236.65,PayPal,Paid,Standard,Yes,,
973,ORD-158214,180,388,2023-12-15 06:30:48,2023-12-21 06:30:48,0,17.13,SAVE10,9.66,5%,147.51,Stripe,Paid,Store Pickup,No,Leave at door,
974,ORD-227740,628,85,2023-11-15 03:11:50,2023-11-23 03:11:50,0,468.18,,38.43,0.1,209.6,CC,0,Next Day,No,Fragile,False
975,ORD-171761,260,214,2023-07-26 07:31:34,2023-07-31 07:31:34,,460.91,NULL,27.59,8%,360.54,paypal,Refunded,Next Day,,Fragile,
976,ORD-392215,486,115,2023-03-23 10:18:03,2023-03-26 10:18:03,-1,29.96,WELCOME20,20.68,8%,156.89,Credit Card,Paid,Standard,No,Fragile,
977,ORD-583390,772,437,2023-01-02 10:13:02,2023-01-06 10:13:02,4,90.68,,31.68,5%,165.25,Credit Card,1,Next Day,Yes,Ring bell,
978,ORD-524312,5,314,2023-02-19 02:34:55,2023-02-25 02:34:55,two,74.05,SUMMER,42.68,0.08,53.31,Credit Card,0,Express,Yes,Fragile,True
979,ORD-321051,297,293,2023-10-08 21:23:54,2023-10-16 21:23:54,2,144.21,NULL,23.33,0.08,858.16,CC,0,Standard,No,,False
980,ORD-860481,620,49,2023-09-12 13:46:31,2023-09-15 13:46:31,2,106.01,SAVE10,43.24,5%,227.56,PayPal,1,Express,,Leave at door,
981,ORD-275029,855,67,2023-11-28 03:06:13,2023-11-26 03:06:13,2,473.2,NULL,4.69,0.08,823.68,PayPal,1,Standard,Yes,,True
982,ORD-111137,360,275,2023-10-20 05:52:10,2023-10-21 05:52:10,3,46.66,WELCOME20,32.65,0.05,443.93,credit card,0,Standard,Yes,Fragile,False
983,ORD-626958,117,129,2023-11-07 09:05:06,2023-11-12 09:05:06,-1,109.78,SAVE10,16.66,5%,636.11,Stripe,Refunded,Standard,No,Ring bell,True
984,ORD-889181,357,29,2023-05-06 13:15:58,2023-05-10 13:15:58,1,44.96,WELCOME20,19.34,0.1,84.95,cash,Paid,Store Pickup,,,True
985,ORD-800482,957,343,2023-05-01 12:43:44,2023-05-01 12:43:44,2,490.29,WELCOME20,28.55,0.1,587.74,credit card,Pending,Store Pickup,,Ring bell,False
986,ORD-476288,843,33,2023-01-02 21:41:26,2023-01-09 21:41:26,,459.61,SUMMER,24.0,0.1,297.1,PayPal,Paid,Standard,No,,
987,ORD-244538,439,119,2023-04-27 16:38:24,2023-04-27 16:38:24,2,359.73,,19.09,8%,104.26,Credit Card,Refunded,Standard,Yes,,
988,ORD-827034,331,180,2023-05-10 20:41:03,2023-05-18 20:41:03,1,215.86,SUMMER,15.42,5%,909.15,CC,1,Standard,No,Leave at door,True
989,ORD-635495,525,425,2023-06-16 18:54:00,2023-06-16 18:54:00,3,99.14,SUMMER,30.92,5%,607.59,PayPal,Refunded,Standard,No,,False
990,ORD-353180,654,151,2023-02-14 12:29:16,2023-02-23 12:29:16,,114.64,SUMMER,25.28,0.08,249.29,CC,Paid,Next Day,No,,False
991,ORD-244194,188,133,2023-03-14 10:40:25,2023-03-12 10:40:25,0,224.3,SAVE10,16.17,5%,425.45,paypal,Refunded,Next Day,Yes,,
992,ORD-106845,968,327,2023-07-22 16:31:18,2023-07-29 16:31:18,1,385.27,,10.25,5%,363.33,Credit Card,Pending,Next Day,Yes,,True
993,ORD-308838,281,185,2023-07-22 14:24:44,2023-07-20 14:24:44,0,136.04,,38.72,0.08,703.57,paypal,Refunded,Store Pickup,No,Ring bell,
994,ORD-596123,511,134,2023-08-07 01:50:34,2023-08-10 01:50:34,5,158.84,SAVE10,39.99,5%,611.36,PayPal,Failed,Express,,Leave at door,False
995,ORD-289237,466,177,2023-05-27 16:57:00,2023-05-25 16:57:00,five,301.97,SUMMER,10.69,5%,29.58,credit card,Refunded,Standard,No,Ring bell,False
996,ORD-448071,115,22,2023-08-23 03:58:43,2023-08-25 03:58:43,2,122.68,SUMMER,13.08,0.05,205.85,PayPal,Paid,Next Day,Yes,Fragile,
997,ORD-522352,940,241,2023-11-20 20:41:09,2023-11-21 20:41:09,1,294.19,WELCOME20,11.96,0.08,483.35,paypal,Failed,Next Day,,,
998,ORD-847432,236,77,2023-12-25 12:17:36,2023-12-27 12:17:36,five,196.63,WELCOME20,44.23,0.05,451.03,CC,1,Next Day,,Leave at door,False
999,ORD-400256,338,204,2023-11-22 22:44:22,2023-11-26 22:44:22,two,22.01,NULL,38.71,8%,521.51,Stripe,Paid,Standard,Yes,,True
1000,ORD-644020,522,4,2023-02-26 09:29:47,2023-03-01 09:29:47,,204.34,WELCOME20,3.73,0.08,717.66,Stripe,0,Standard,Yes,Leave at door,False
1001,ORD-390938,199,328,2023-06-09 02:45:50,2023-06-18 02:45:50,-1,460.17,,41.63,5%,685.19,PayPal,Pending,Express,No,Ring bell,True
1002,ORD-501348,764,448,2023-11-23 21:05:35,2023-11-29 21:05:35,5,150.09,SAVE10,1.84,5%,379.09,cash,Refunded,Store Pickup,Yes,Ring bell,
1003,ORD-636431,50,165,2023-11-10 06:57:57,2023-11-13 06:57:57,two,164.8,SUMMER,12.66,0.05,878.81,credit card,Refunded,Express,,,
1004,ORD-242133,940,415,2023-03-14 17:36:19,2023-03-20 17:36:19,two,37.64,NULL,45.95,0.05,72.3,paypal,Paid,Standard,No,,True
1005,ORD-491349,142,421,2023-06-24 05:17:42,2023-06-25 05:17:42,5,309.45,WELCOME20,43.22,8%,588.66,PayPal,Refunded,Express,No,Leave at door,False
1006,ORD-906811,783,128,2023-05-25 00:17:54,2023-05-23 00:17:54,0,425.37,NULL,39.07,8%,950.19,paypal,Refunded,Next Day,,Fragile,False
1007,ORD-729519,528,45,2023-03-22 00:35:28,2023-03-20 00:35:28,1,179.7,SAVE10,22.88,5%,553.59,paypal,1,Express,Yes,,True
1008,ORD-268625,514,218,2023-05-22 20:48:35,2023-05-29 20:48:35,4,123.92,SAVE10,16.07,0.1,460.56,Credit Card,Refunded,Next Day,No,Ring bell,True
1009,ORD-423272,670,235,2023-02-02 09:24:18,2023-02-06 09:24:18,2,478.52,NULL,44.08,8%,142.58,Stripe,Refunded,Express,,Leave at door,True
1010,ORD-843230,30,136,2023-03-30 16:23:28,2023-03-30 16:23:28,,373.81,NULL,32.85,5%,812.09,cash,1,Next Day,,,True
1011,ORD-689781,82,168,2023-07-30 15:57:37,2023-07-29 15:57:37,3,285.75,NULL,14.78,8%,380.06,Stripe,0,Express,,Fragile,False
1012,ORD-735135,31,481,2023-07-24 15:07:06,2023-07-27 15:07:06,1,156.24,SUMMER,23.16,0.08,704.23,CC,Refunded,Store Pickup,Yes,,
1013,ORD-703164,748,237,2023-06-26 04:11:32,2023-06-29 04:11:32,2,114.3,,44.08,0.05,205.57,cash,0,Express,Yes,Fragile,False
1014,ORD-806556,333,93,2023-12-09 21:09:02,2023-12-13 21:09:02,1,359.29,WELCOME20,45.17,5%,51.44,Credit Card,1,Standard,Yes,Ring bell,True
1015,ORD-132461,660,5,2023-03-06 03:19:03,2023-03-08 03:19:03,two,263.29,WELCOME20,32.97,8%,312.41,Stripe,Pending,Standard,Yes,Leave at door,False
1016,ORD-943618,177,156,2023-08-26 04:09:04,2023-08-31 04:09:04,4,262.7,WELCOME20,36.63,0.05,288.6,paypal,Refunded,Next Day,,Ring bell,True
1017,ORD-919970,370,245,2023-03-01 20:00:19,2023-03-05 20:00:19,3,41.49,NULL,1.96,0.1,874.74,credit card,Paid,Standard,No,Leave at door,True
1018,ORD-101077,547,360,2023-03-16 00:23:41,2023-03-15 00:23:41,1,258.54,NULL,30.23,8%,866.03,credit card,Failed,Next Day,,,True
1019,ORD-612014,535,81,2023-03-22 13:45:07,2023-03-20 13:45:07,2,412.26,NULL,34.45,5%,538.56,Credit Card,Pending,Store Pickup,No,Ring bell,True
1020,ORD-155047,106,247,2023-06-30 05:27:32,2023-07-06 05:27:32,3,473.67,SUMMER,1.02,0.08,28.81,credit card,Refunded,Standard,No,Leave at door,False
1021,ORD-467840,97,343,2023-07-10 00:37:42,2023-07-12 00:37:42,3,57.81,SUMMER,42.19,0.05,236.04,paypal,Paid,Standard,No,Fragile,True
1022,ORD-929807,230,493,2023-05-28 18:54:36,2023-06-06 18:54:36,-1,317.43,SUMMER,46.41,0.05,642.62,cash,Failed,Next Day,Yes,Leave at door,False
1023,ORD-481651,227,137,2023-02-12 18:33:31,2023-02-20 18:33:31,,286.33,SUMMER,11.9,0.08,110.39,PayPal,1,Store Pickup,,Ring bell,False
1024,ORD-789489,371,386,2023-03-04 20:39:19,2023-03-06 20:39:19,two,445.7,SAVE10,42.29,5%,703.62,paypal,Refunded,Store Pickup,No,Ring bell,
1025,ORD-983082,100,63,2023-10-31 09:05:18,2023-11-09 09:05:18,-1,376.87,SUMMER,33.28,0.1,21.84,Stripe,0,Express,,,False
1026,ORD-554117,445,480,2023-08-22 10:40:05,2023-08-29 10:40:05,2,482.8,SUMMER,29.03,0.08,685.71,PayPal,0,Next Day,Yes,Fragile,
1027,ORD-548322,468,307,2023-08-22 17:21:58,2023-08-23 17:21:58,2,480.22,SUMMER,42.16,0.1,846.09,credit card,1,Next Day,No,Leave at door,
1028,ORD-474845,55,116,2023-07-06 22:58:26,2023-07-05 22:58:26,0,116.71,WELCOME20,14.28,5%,474.53,cash,Pending,Store Pickup,Yes,Ring bell,
1029,ORD-281896,195,113,2023-04-07 15:57:50,2023-04-09 15:57:50,1,364.05,WELCOME20,39.54,8%,830.79,CC,0,Next Day,Yes,Leave at door,False
1030,ORD-535103,520,31,2023-12-21 17:25:48,2023-12-20 17:25:48,1,267.61,WELCOME20,15.73,8%,783.71,CC,Failed,Standard,,,
1031,ORD-675403,424,7,2023-10-27 23:58:52,2023-11-05 23:58:52,0,111.23,,39.37,5%,674.7,paypal,0,Standard,No,Fragile,True
1032,ORD-353089,315,414,2023-10-27 18:05:02,2023-10-31 18:05:02,five,101.46,SAVE10,22.55,0.1,450.7,paypal,Failed,Standard,Yes,Fragile,False
1033,ORD-445105,128,442,2023-11-25 12:55:43,2023-12-03 12:55:43,5,45.14,NULL,5.85,0.08,279.19,credit card,0,Next Day,,,True
1034,ORD-432055,32,3,2023-03-14 01:12:55,2023-03-20 01:12:55,1,398.79,SUMMER,19.08,5%,862.26,CC,1,Express,No,Fragile,False
1035,ORD-146104,93,307,2023-07-25 18:33:58,2023-07-31 18:33:58,5,165.63,WELCOME20,11.67,5%,652.1,CC,1,Express,No,,
1036,ORD-821596,519,243,2023-02-07 13:45:19,2023-02-15 13:45:19,1,429.2,SAVE10,5.03,8%,800.04,paypal,0,Store Pickup,Yes,Leave at door,
1037,ORD-509993,258,56,2023-01-19 22:36:57,2023-01-22 22:36:57,,306.12,SUMMER,5.51,0.08,556.45,Stripe,Pending,Next Day,Yes,,False
1038,ORD-233177,853,73,2023-12-24 18:43:01,2023-12-22 18:43:01,five,338.45,,39.0,8%,180.15,CC,Paid,Store Pickup,Yes,,
1039,ORD-999471,902,10,2023-05-21 06:25:44,2023-05-24 06:25:44,4,149.38,NULL,44.07,0.1,979.64,paypal,0,Next Day,Yes,,True
1040,ORD-820652,220,61,2023-11-15 14:58:48,2023-11-17 14:58:48,five,231.36,SUMMER,46.36,0.1,190.91,Credit Card,Refunded,Express,No,Leave at door,True
1041,ORD-992547,752,494,2023-08-11 17:32:00,2023-08-12 17:32:00,2,209.1,NULL,42.7,0.05,912.13,CC,Paid,Standard,Yes,Fragile,
1042,ORD-512022,106,50,2023-11-15 14:00:16,2023-11-24 14:00:16,0,121.67,SUMMER,41.51,5%,216.06,PayPal,0,Next Day,Yes,,False
1043,ORD-339602,548,122,2023-10-23 11:02:15,2023-10-26 11:02:15,2,417.09,,3.44,0.08,380.01,cash,Failed,Express,Yes,,False
1044,ORD-991434,416,175,2023-01-13 02:37:31,2023-01-16 02:37:31,4,312.93,SAVE10,39.51,0.08,445.68,credit card,Refunded,Express,No,Leave at door,True
1045,ORD-918266,557,474,2023-01-04 07:15:56,2023-01-07 07:15:56,-1,23.53,NULL,39.16,8%,922.16,cash,Pending,Express,,,
1046,ORD-606547,810,1,2023-04-25 17:33:33,2023-04-24 17:33:33,2,410.86,NULL,6.56,8%,889.32,paypal,Paid,Standard,,,
1047,ORD-226872,309,478,2023-02-04 18:15:37,2023-02-08 18:15:37,2,57.49,SAVE10,33.1,0.08,824.99,CC,Paid,Express,No,,True
1048,ORD-190244,366,441,2023-04-21 14:48:22,2023-04-22 14:48:22,2,204.83,NULL,22.63,8%,382.91,CC,Refunded,Store Pickup,,,False
1049,ORD-278339,521,38,2023-12-27 12:03:30,2024-01-05 12:03:30,3,287.77,WELCOME20,45.0,0.05,14.45,Stripe,Pending,Express,No,Leave at door,
1050,ORD-256884,459,190,2023-09-28 03:31:40,2023-10-04 03:31:40,5,8.79,SAVE10,34.77,5%,684.77,paypal,0,Express,Yes,Leave at door,False
1051,ORD-529063,599,79,2023-04-09 10:31:29,2023-04-16 10:31:29,five,328.19,,47.55,0.05,416.84,PayPal,Pending,Next Day,,Leave at door,False
1052,ORD-307951,370,345,2023-09-01 12:22:59,2023-08-31 12:22:59,-1,331.55,SUMMER,5.25,0.1,759.49,CC,0,Next Day,No,Ring bell,True
1053,ORD-449254,331,454,2023-02-07 21:54:14,2023-02-09 21:54:14,five,328.0,SUMMER,2.03,0.08,796.9,Credit Card,Paid,Next Day,No,Fragile,False
1054,ORD-848563,689,338,2023-02-12 12:46:17,2023-02-13 12:46:17,,85.92,SAVE10,48.68,0.05,445.33,credit card,0,Express,Yes,Leave at door,True
1055,ORD-778771,642,449,2023-03-14 03:32:30,2023-03-20 03:32:30,5,131.59,WELCOME20,4.01,0.05,750.62,paypal,Paid,Express,No,Ring bell,
1056,ORD-780017,707,190,2023-10-16 04:39:10,2023-10-17 04:39:10,-1,127.45,,19.31,8%,841.54,CC,1,Store Pickup,,Ring bell,False
1057,ORD-286209,11,184,2023-05-02 13:15:35,2023-05-07 13:15:35,,480.23,SUMMER,32.5,8%,929.19,cash,Refunded,Standard,Yes,,True
1058,ORD-232330,818,67,2023-06-22 15:56:21,2023-06-27 15:56:21,two,38.43,SUMMER,44.0,8%,586.63,Stripe,Pending,Express,No,Fragile,True
1059,ORD-350858,507,17,2023-06-06 13:07:14,2023-06-09 13:07:14,3,217.24,WELCOME20,12.73,0.1,780.69,Stripe,Failed,Standard,Yes,,False
1060,ORD-621889,419,383,2023-11-02 06:40:37,2023-11-05 06:40:37,2,436.27,NULL,1.45,0.05,499.62,credit card,Refunded,Express,No,Fragile,True
1061,ORD-760130,122,368,2023-11-13 17:33:50,2023-11-21 17:33:50,3,385.89,SAVE10,26.06,5%,51.25,paypal,0,Standard,,,
1062,ORD-384266,911,392,2023-09-20 18:15:29,2023-09-25 18:15:29,five,412.11,WELCOME20,23.56,8%,163.67,paypal,1,Next Day,,,False
1063,ORD-715129,235,316,2023-09-03 01:11:58,2023-09-12 01:11:58,-1,486.29,WELCOME20,15.34,0.1,136.94,paypal,Refunded,Express,Yes,Fragile,
1064,ORD-662602,331,497,2023-06-21 10:43:39,2023-06-30 10:43:39,,196.69,WELCOME20,43.69,0.1,180.05,PayPal,Paid,Store Pickup,No,Ring bell,True
1065,ORD-405529,543,296,2023-04-04 02:43:41,2023-04-11 02:43:41,4,158.28,WELCOME20,37.47,8%,20.11,Credit Card,Refunded,Standard,Yes,Ring bell,
1066,ORD-542179,348,209,2023-04-04 06:46:02,2023-04-10 06:46:02,,20.18,NULL,42.91,0.08,860.12,Stripe,0,Next Day,Yes,Fragile,True
1067,ORD-124394,958,345,2023-10-01 03:55:41,2023-10-03 03:55:41,3,79.26,,8.09,0.05,564.55,paypal,Refunded,Store Pickup,,,True
1068,ORD-986622,412,446,2023-07-12 22:23:02,2023-07-20 22:23:02,2,283.2,WELCOME20,34.62,8%,389.32,PayPal,Refunded,Next Day,Yes,,
1069,ORD-877287,224,41,2023-01-26 22:46:59,2023-01-24 22:46:59,4,83.04,WELCOME20,48.76,5%,415.68,paypal,0,Express,No,,False
1070,ORD-398707,153,396,2023-05-01 22:57:32,2023-04-29 22:57:32,five,369.47,SAVE10,30.6,0.05,468.72,paypal,Failed,Store Pickup,,Leave at door,False
1071,ORD-618914,212,477,2023-06-20 15:17:43,2023-06-19 15:17:43,4,23.43,SUMMER,8.57,0.1,83.14,PayPal,1,Standard,No,Fragile,False
1072,ORD-437956,92,473,2023-07-17 19:01:07,2023-07-24 19:01:07,5,133.45,NULL,49.79,5%,281.92,Credit Card,Refunded,Standard,Yes,,
1073,ORD-342239,921,115,2023-09-23 14:13:58,2023-09-30 14:13:58,two,349.25,WELCOME20,26.42,0.05,853.11,credit card,Refunded,Store Pickup,,,
1074,ORD-691742,331,100,2023-12-28 13:09:19,2023-12-30 13:09:19,2,131.47,,42.0,5%,746.24,Stripe,Failed,Standard,No,,
1075,ORD-989457,467,373,2023-08-15 11:37:00,2023-08-16 11:37:00,3,365.74,,7.47,0.1,567.77,CC,Pending,Next Day,No,Ring bell,
1076,ORD-946470,860,438,2023-06-24 18:21:31,2023-06-22 18:21:31,-1,497.95,,33.3,8%,485.9,cash,Refunded,Store Pickup,Yes,,False
1077,ORD-773679,641,345,2023-05-16 06:05:42,2023-05-17 06:05:42,0,399.56,SAVE10,45.63,5%,266.38,paypal,0,Standard,No,,False
1078,ORD-169994,955,349,2023-03-14 11:39:08,2023-03-15 11:39:08,4,174.21,,26.6,8%,476.54,Credit Card,0,Next Day,Yes,,True
1079,ORD-786153,709,139,2023-02-11 07:08:45,2023-02-18 07:08:45,1,450.79,SAVE10,14.43,0.1,601.88,Stripe,Refunded,Standard,Yes,Ring bell,
1080,ORD-712974,970,316,2023-03-19 01:04:29,2023-03-20 01:04:29,0,30.33,NULL,6.37,0.1,715.51,CC,Pending,Next Day,Yes,,False
1081,ORD-902681,554,324,2023-05-08 15:54:04,2023-05-06 15:54:04,five,363.88,,14.8,5%,174.97,paypal,0,Express,Yes,,False
1082,ORD-329966,878,334,2023-11-08 19:50:49,2023-11-14 19:50:49,1,16.54,SUMMER,17.74,5%,814.98,cash,Refunded,Next Day,,Ring bell,False
1083,ORD-425707,930,302,2023-11-01 15:08:02,2023-11-01 15:08:02,1,91.4,WELCOME20,35.5,0.1,352.35,CC,Refunded,Standard,No,Ring bell,False
1084,ORD-734549,228,294,2023-08-11 10:55:21,2023-08-12 10:55:21,1,493.85,NULL,8.93,5%,508.23,PayPal,Refunded,Next Day,No,,False
1085,ORD-409420,194,445,2023-10-30 17:33:14,2023-11-01 17:33:14,,183.64,SUMMER,5.31,5%,611.83,cash,1,Standard,,Ring bell,False
1086,ORD-495325,530,17,2023-11-08 07:59:25,2023-11-12 07:59:25,0,411.15,NULL,19.35,5%,493.21,Stripe,0,Store Pickup,Yes,Ring bell,
1087,ORD-603399,845,322,2023-07-30 12:37:06,2023-08-02 12:37:06,five,191.16,,22.93,5%,576.24,Credit Card,Paid,Store Pickup,Yes,Leave at door,True
1088,ORD-198523,243,456,2023-03-11 17:39:00,2023-03-13 17:39:00,3,420.81,NULL,31.42,0.05,120.41,Credit Card,1,Express,Yes,Ring bell,True
1089,ORD-385282,389,292,2023-09-25 19:46:37,2023-09-30 19:46:37,two,482.89,NULL,35.38,0.1,437.83,Stripe,Pending,Next Day,Yes,,
1090,ORD-518136,276,74,2023-06-14 04:11:46,2023-06-12 04:11:46,five,220.59,NULL,44.46,0.1,287.66,credit card,1,Express,,Ring bell,False
1091,ORD-287419,450,263,2023-08-19 19:01:13,2023-08-23 19:01:13,3,281.88,SAVE10,14.45,0.08,95.17,credit card,1,Store Pickup,No,,
1092,ORD-926669,639,484,2023-01-31 23:03:06,2023-02-09 23:03:06,3,316.18,SUMMER,26.43,8%,199.73,CC,Failed,Next Day,Yes,,False
1093,ORD-461410,587,16,2023-02-09 12:50:14,2023-02-12 12:50:14,1,467.74,,18.3,0.08,606.42,PayPal,Pending,Next Day,Yes,Ring bell,False
1094,ORD-791788,574,14,2023-09-22 01:14:36,2023-09-30 01:14:36,2,132.09,WELCOME20,0.07,5%,204.72,CC,Pending,Express,Yes,,False
1095,ORD-132360,478,336,2023-01-23 13:44:16,2023-01-25 13:44:16,0,307.57,,28.97,5%,189.25,paypal,Pending,Express,No,Fragile,False
1096,ORD-341492,480,281,2023-08-15 15:05:44,2023-08-19 15:05:44,3,165.74,,40.79,0.05,557.3,Credit Card,1,Next Day,No,Ring bell,False
1097,ORD-155425,288,361,2023-05-17 12:52:56,2023-05-17 12:52:56,0,112.38,SAVE10,1.82,0.05,905.66,CC,Pending,Next Day,,,
1098,ORD-739011,698,4,2023-09-13 15:34:01,2023-09-11 15:34:01,5,47.04,SAVE10,0.17,0.05,790.81,CC,0,Next Day,No,Fragile,
1099,ORD-932921,690,413,2023-09-01 10:05:00,2023-09-07 10:05:00,,312.25,NULL,36.39,0.05,906.04,Stripe,Failed,Express,No,,True
1100,ORD-808742,678,127,2023-10-29 00:43:58,2023-10-28 00:43:58,two,441.63,,34.19,0.05,587.15,cash,Refunded,Standard,Yes,,False
1101,ORD-591795,695,312,2023-01-02 21:55:01,2023-01-09 21:55:01,5,178.94,SUMMER,20.29,0.05,415.83,Credit Card,1,Store Pickup,No,,
1102,ORD-183507,540,6,2023-09-07 21:49:50,2023-09-07 21:49:50,3,278.57,SAVE10,33.08,0.05,732.34,Credit Card,Refunded,Store Pickup,Yes,,
1103,ORD-843950,330,129,2023-11-01 00:37:24,2023-11-06 00:37:24,five,322.86,SAVE10,47.67,0.05,268.75,credit card,Refunded,Express,,,False
1104,ORD-932688,470,423,2023-01-04 10:33:00,2023-01-13 10:33:00,0,210.25,SUMMER,12.39,0.05,87.27,credit card,1,Next Day,Yes,Leave at door,False
1105,ORD-918240,759,385,2023-07-07 22:25:38,2023-07-14 22:25:38,5,452.16,SAVE10,12.3,0.1,351.17,Credit Card,0,Store Pickup,,,
1106,ORD-501801,849,371,2023-02-09 10:05:14,2023-02-15 10:05:14,0,184.56,SUMMER,9.31,0.05,306.24,cash,1,Store Pickup,No,Fragile,False
1107,ORD-446290,534,232,2023-04-05 12:16:26,2023-04-05 12:16:26,,66.88,WELCOME20,36.2,8%,678.78,CC,Pending,Store Pickup,,Fragile,
1108,ORD-978747,939,447,2023-02-18 08:32:07,2023-02-21 08:32:07,five,76.29,SUMMER,17.66,0.05,555.85,paypal,Failed,Store Pickup,Yes,Ring bell,True
1109,ORD-392708,467,313,2023-09-08 15:00:47,2023-09-12 15:00:47,5,445.97,WELCOME20,49.43,5%,146.88,CC,1,Next Day,No,,False
1110,ORD-380997,977,195,2023-02-28 05:53:23,2023-02-26 05:53:23,0,494.06,NULL,35.73,5%,909.42,cash,Refunded,Express,No,Leave at door,True
1111,ORD-870279,984,65,2023-11-07 13:40:15,2023-11-11 13:40:15,five,148.02,NULL,18.37,0.05,597.41,paypal,1,Next Day,Yes,Leave at door,True
1112,ORD-440760,420,321,2023-02-07 08:57:45,2023-02-08 08:57:45,1,76.08,SAVE10,7.46,0.05,463.11,Credit Card,Failed,Next Day,No,,True
1113,ORD-270847,608,103,2023-05-18 03:05:48,2023-05-20 03:05:48,4,243.7,SUMMER,29.6,5%,937.82,Stripe,Paid,Store Pickup,Yes,,False
1114,ORD-560592,122,277,2023-05-15 08:13:50,2023-05-20 08:13:50,1,356.22,SAVE10,14.75,8%,106.33,paypal,0,Store Pickup,,,True
1115,ORD-467238,762,493,2023-05-31 19:13:32,2023-06-01 19:13:32,two,308.14,SUMMER,45.28,0.08,791.7,credit card,Refunded,Next Day,,,
1116,ORD-668879,891,158,2023-01-07 19:10:26,2023-01-08 19:10:26,3,475.8,SAVE10,22.07,0.1,371.02,Stripe,Paid,Next Day,No,Fragile,
1117,ORD-365774,308,224,2023-02-09 16:54:20,2023-02-14 16:54:20,2,409.8,NULL,14.63,5%,698.44,cash,Paid,Next Day,Yes,,False
1118,ORD-556575,932,289,2023-06-05 11:10:45,2023-06-07 11:10:45,4,435.14,NULL,29.43,0.05,931.42,Credit Card,Failed,Standard,Yes,Ring bell,False
1119,ORD-621088,924,432,2023-06-24 15:55:51,2023-06-27 15:55:51,3,273.13,SAVE10,6.85,0.1,522.54,cash,0,Store Pickup,,Leave at door,True
1120,ORD-581819,334,278,2023-05-14 10:29:48,2023-05-23 10:29:48,5,167.0,SUMMER,28.08,0.05,32.41,PayPal,1,Express,Yes,,False
1121,ORD-950135,954,478,2023-07-27 06:40:30,2023-08-04 06:40:30,two,352.36,,2.81,0.08,38.56,paypal,Paid,Express,No,Fragile,
1122,ORD-485828,420,182,2023-11-12 01:49:28,2023-11-14 01:49:28,,222.33,SUMMER,30.34,0.08,337.26,paypal,Pending,Express,No,,
1123,ORD-242278,326,366,2023-12-23 20:52:45,2023-12-21 20:52:45,two,147.44,SAVE10,26.51,5%,783.84,cash,1,Standard,,,
1124,ORD-191587,649,4,2023-04-03 15:03:49,2023-04-07 15:03:49,0,80.37,SUMMER,26.04,0.1,295.38,Stripe,0,Standard,Yes,Leave at door,False
1125,ORD-947321,789,215,2023-12-17 10:38:12,2023-12-20 10:38:12,two,266.3,WELCOME20,34.21,0.1,341.12,PayPal,Refunded,Express,No,Ring bell,
1126,ORD-283745,832,439,2023-01-29 13:08:27,2023-01-28 13:08:27,5,299.16,SUMMER,2.22,0.08,786.62,PayPal,1,Express,No,Ring bell,False
1127,ORD-755988,844,428,2023-12-15 23:58:02,2023-12-23 23:58:02,,286.55,NULL,22.99,0.05,125.03,Credit Card,Failed,Express,No,Fragile,True
1128,ORD-163484,573,217,2023-04-27 09:06:09,2023-05-01 09:06:09,,62.69,NULL,22.2,5%,848.34,Stripe,Failed,Next Day,Yes,,
1129,ORD-508618,250,396,2023-09-14 21:31:29,2023-09-17 21:31:29,-1,287.14,WELCOME20,22.99,8%,273.13,CC,Refunded,Store Pickup,,,True
1130,ORD-184000,990,209,2023-01-09 23:39:45,2023-01-11 23:39:45,two,88.36,SUMMER,48.99,0.08,60.71,PayPal,Refunded,Standard,,,
1131,ORD-631764,95,463,2023-04-30 03:12:02,2023-05-05 03:12:02,1,333.54,,6.96,0.08,126.17,cash,Refunded,Standard,No,Fragile,
1132,ORD-641541,296,74,2023-11-14 20:36:31,2023-11-16 20:36:31,-1,217.55,SUMMER,34.52,5%,953.03,paypal,Failed,Next Day,,,
1133,ORD-739457,184,227,2023-03-28 09:26:10,2023-04-05 09:26:10,-1,425.15,NULL,20.1,0.05,456.81,PayPal,0,Standard,No,Ring bell,True
1134,ORD-573654,260,375,2023-04-20 13:10:27,2023-04-19 13:10:27,5,390.24,NULL,25.59,0.1,263.87,cash,0,Express,No,Ring bell,
1135,ORD-688586,799,500,2023-06-15 11:04:54,2023-06-18 11:04:54,4,363.57,SAVE10,38.12,0.08,526.06,Credit Card,1,Standard,Yes,,True
1136,ORD-652401,667,436,2023-04-19 17:50:48,2023-04-28 17:50:48,1,351.86,NULL,7.87,5%,685.52,Credit Card,Paid,Next Day,No,Ring bell,False
1137,ORD-566681,186,93,2023-04-19 10:48:17,2023-04-17 10:48:17,,282.44,SAVE10,38.18,5%,325.61,paypal,Paid,Store Pickup,No,Ring bell,
1138,ORD-922754,409,460,2023-05-26 01:05:23,2023-05-28 01:05:23,two,35.25,NULL,3.52,5%,728.02,paypal,Pending,Express,Yes,,
1139,ORD-528374,69,65,2023-02-22 18:31:52,2023-02-25 18:31:52,-1,329.47,NULL,24.17,0.1,259.73,paypal,Failed,Standard,Yes,,True
1140,ORD-607927,838,321,2023-03-17 10:57:33,2023-03-21 10:57:33,3,236.13,,37.1,0.08,121.21,CC,Refunded,Express,,Leave at door,
1141,ORD-671782,773,10,2023-11-26 03:26:09,2023-11-25 03:26:09,3,237.43,SAVE10,9.63,5%,554.21,paypal,0,Store Pickup,Yes,Leave at door,False
1142,ORD-808808,627,402,2023-03-21 05:41:30,2023-03-19 05:41:30,-1,192.62,SAVE10,38.55,0.1,159.61,Stripe,1,Standard,No,Ring bell,
1143,ORD-350542,859,303,2023-04-10 15:06:04,2023-04-13 15:06:04,0,464.89,NULL,8.34,0.05,941.08,Credit Card,0,Express,Yes,,False
1144,ORD-655169,8,322,2023-11-29 03:20:48,2023-11-29 03:20:48,two,128.48,SAVE10,39.96,8%,10.44,Credit Card,Failed,Next Day,Yes,Leave at door,False
1145,ORD-265113,265,305,2023-02-04 16:02:33,2023-02-06 16:02:33,5,161.71,NULL,23.45,0.08,758.14,PayPal,Pending,Next Day,,Leave at door,
1146,ORD-625286,783,456,2023-01-20 09:20:55,2023-01-29 09:20:55,,481.71,NULL,34.23,0.1,286.68,paypal,0,Store Pickup,Yes,,
1147,ORD-793935,484,278,2023-10-24 21:07:04,2023-11-01 21:07:04,-1,406.03,SUMMER,45.87,8%,847.63,CC,Paid,Store Pickup,No,Leave at door,False
1148,ORD-184416,761,86,2023-11-05 13:52:22,2023-11-04 13:52:22,1,11.97,SAVE10,20.42,8%,69.55,Stripe,1,Store Pickup,No,,False
1149,ORD-284324,617,26,2023-08-05 06:22:47,2023-08-03 06:22:47,-1,453.52,WELCOME20,11.65,0.1,953.47,credit card,Paid,Standard,No,,False
1150,ORD-478945,775,218,2023-11-22 00:49:51,2023-11-20 00:49:51,five,117.19,SAVE10,43.36,0.1,110.38,PayPal,1,Store Pickup,Yes,,
1151,ORD-997299,736,393,2023-02-08 01:42:43,2023-02-16 01:42:43,,354.44,SAVE10,8.08,0.1,790.0,Stripe,Refunded,Standard,Yes,,True
1152,ORD-556893,840,405,2023-11-15 13:26:25,2023-11-16 13:26:25,4,278.77,,31.57,5%,522.17,cash,1,Express,No,Leave at door,
1153,ORD-141913,371,95,2023-10-26 18:00:55,2023-11-02 18:00:55,,270.72,WELCOME20,46.16,0.05,436.09,CC,Refunded,Next Day,Yes,Ring bell,True
1154,ORD-417601,783,244,2023-04-17 00:00:30,2023-04-16 00:00:30,1,360.37,WELCOME20,33.72,5%,287.35,paypal,Failed,Express,,Fragile,True
1155,ORD-744024,677,447,2023-02-02 05:56:42,2023-01-31 05:56:42,five,107.55,,9.78,8%,842.96,CC,Paid,Next Day,,,
1156,ORD-825365,83,107,2023-03-31 06:36:49,2023-04-03 06:36:49,4,83.72,,7.61,8%,207.75,credit card,1,Store Pickup,,,True
1157,ORD-221491,807,390,2023-06-22 12:30:48,2023-06-23 12:30:48,2,327.7,SAVE10,12.62,8%,724.03,Stripe,1,Express,,,False
1158,ORD-908980,646,248,2023-02-18 17:13:49,2023-02-25 17:13:49,1,148.84,SUMMER,19.57,0.1,451.33,CC,Pending,Express,No,Ring bell,
1159,ORD-726537,211,14,2023-05-23 02:08:03,2023-06-01 02:08:03,3,487.11,,7.96,0.08,998.51,cash,Paid,Store Pickup,Yes,,True
1160,ORD-683642,313,161,2023-12-19 21:58:08,2023-12-23 21:58:08,0,228.5,WELCOME20,39.89,5%,615.29,credit card,Failed,Express,,Leave at door,False
1161,ORD-743025,604,71,2023-07-12 21:30:52,2023-07-20 21:30:52,,60.24,WELCOME20,17.85,0.08,113.15,credit card,Refunded,Standard,No,Ring bell,True
1162,ORD-884015,337,152,2023-01-20 02:09:39,2023-01-23 02:09:39,2,344.48,SAVE10,46.8,0.05,425.33,Stripe,Failed,Next Day,,Leave at door,True
1163,ORD-149284,490,457,2023-05-04 16:04:50,2023-05-06 16:04:50,five,156.55,SUMMER,42.12,0.05,75.64,credit card,Pending,Store Pickup,Yes,,False
1164,ORD-810346,403,75,2023-11-20 04:34:51,2023-11-27 04:34:51,2,78.55,NULL,45.44,5%,292.8,Stripe,Failed,Standard,,,False
1165,ORD-596285,639,376,2023-09-16 10:18:29,2023-09-25 10:18:29,5,214.3,,14.72,8%,349.88,CC,Refunded,Standard,,,
1166,ORD-279457,191,215,2023-06-04 07:30:07,2023-06-13 07:30:07,two,482.29,,28.69,0.05,854.64,cash,Paid,Store Pickup,,Fragile,True
1167,ORD-241333,671,368,2023-11-25 20:20:06,2023-12-04 20:20:06,,208.66,SAVE10,16.07,0.08,839.61,paypal,0,Express,,Ring bell,
1168,ORD-450485,843,51,2023-06-29 15:22:47,2023-07-08 15:22:47,two,176.93,SUMMER,12.85,0.08,21.44,Credit Card,Pending,Next Day,Yes,,
1169,ORD-143844,335,386,2023-08-10 20:46:57,2023-08-09 20:46:57,3,225.03,WELCOME20,30.35,0.1,536.96,Credit Card,1,Standard,No,Fragile,True
1170,ORD-735567,522,143,2023-11-14 13:39:17,2023-11-16 13:39:17,2,11.0,WELCOME20,40.9,8%,231.31,CC,1,Express,,Fragile,True
1171,ORD-311204,619,419,2023-01-27 19:33:50,2023-02-02 19:33:50,five,70.89,NULL,4.68,0.1,326.89,paypal,Paid,Store Pickup,No,,
1172,ORD-237377,87,36,2023-11-14 00:44:37,2023-11-20 00:44:37,3,425.59,WELCOME20,13.79,5%,31.43,Credit Card,0,Store Pickup,Yes,Ring bell,False
1173,ORD-236973,579,500,2023-06-09 02:50:49,2023-06-08 02:50:49,two,489.13,,10.26,0.05,752.25,cash,Failed,Next Day,Yes,,
1174,ORD-973806,62,374,2023-07-28 10:56:43,2023-08-01 10:56:43,2,83.18,NULL,39.92,0.1,951.08,credit card,1,Store Pickup,,Ring bell,True
1175,ORD-520556,387,476,2023-06-22 07:32:36,2023-06-29 07:32:36,3,270.08,SUMMER,46.67,0.1,227.07,CC,Pending,Next Day,No,Fragile,False
1176,ORD-348126,146,167,2023-06-02 17:07:53,2023-06-03 17:07:53,1,483.34,NULL,4.0,5%,348.36,CC,0,Store Pickup,,Leave at door,
1177,ORD-864432,153,236,2023-10-10 10:30:33,2023-10-10 10:30:33,-1,82.51,SUMMER,18.96,0.08,214.37,PayPal,Refunded,Store Pickup,Yes,,True
1178,ORD-681174,619,260,2023-10-19 20:37:22,2023-10-27 20:37:22,0,97.22,WELCOME20,45.73,0.08,930.75,PayPal,Failed,Standard,,Fragile,False
1179,ORD-313476,660,192,2023-01-27 00:45:19,2023-01-25 00:45:19,4,463.77,SAVE10,17.23,5%,19.26,PayPal,0,Express,,,False
1180,ORD-504976,698,202,2023-08-11 13:20:19,2023-08-11 13:20:19,1,354.32,NULL,35.63,0.08,588.02,Stripe,Refunded,Standard,No,,False
1181,ORD-545143,349,262,2023-06-10 00:16:09,2023-06-18 00:16:09,3,80.22,NULL,5.03,5%,872.06,paypal,0,Next Day,Yes,Fragile,True
1182,ORD-411247,854,185,2023-07-31 12:12:12,2023-08-06 12:12:12,five,199.78,,22.22,0.08,194.44,CC,0,Standard,,Ring bell,
1183,ORD-153538,178,158,2023-03-06 11:45:44,2023-03-12 11:45:44,5,32.85,,25.17,5%,594.1,PayPal,Failed,Store Pickup,,,True
1184,ORD-621960,889,246,2023-06-25 01:53:55,2023-06-29 01:53:55,-1,219.17,SUMMER,37.88,0.08,60.14,CC,Pending,Store Pickup,,Fragile,True
1185,ORD-506534,847,110,2023-05-28 00:12:34,2023-05-28 00:12:34,4,390.06,SAVE10,14.44,0.1,816.44,credit card,Refunded,Express,No,Ring bell,False
1186,ORD-317928,487,99,2023-05-11 17:28:01,2023-05-11 17:28:01,1,279.22,,13.21,0.1,281.68,PayPal,Pending,Next Day,Yes,Ring bell,
1187,ORD-148132,778,241,2023-10-21 12:47:32,2023-10-22 12:47:32,5,325.48,,15.15,0.08,988.87,CC,Refunded,Store Pickup,,Ring bell,False
1188,ORD-448237,661,491,2023-05-23 03:51:47,2023-05-27 03:51:47,5,166.78,WELCOME20,27.78,5%,922.79,paypal,Failed,Express,,,True
1189,ORD-910616,247,202,2023-02-23 04:36:12,2023-02-27 04:36:12,5,84.89,WELCOME20,43.8,0.1,735.19,Stripe,Pending,Express,,,False
1190,ORD-699503,254,122,2023-06-05 02:16:28,2023-06-14 02:16:28,-1,11.49,,41.55,0.05,501.87,cash,Failed,Store Pickup,Yes,Ring bell,True
1191,ORD-614027,500,117,2023-02-19 15:39:51,2023-02-28 15:39:51,2,411.55,SUMMER,2.9,0.08,768.92,paypal,0,Store Pickup,No,Fragile,True
1192,ORD-347680,541,96,2023-03-08 10:53:58,2023-03-07 10:53:58,1,320.14,SAVE10,43.95,0.05,139.3,paypal,0,Next Day,No,Ring bell,True
1193,ORD-297008,352,234,2023-03-12 01:17:57,2023-03-21 01:17:57,2,118.51,,4.76,0.05,317.1,cash,Failed,Express,,,False
1194,ORD-987963,512,490,2023-08-27 05:52:10,2023-08-29 05:52:10,,212.12,SUMMER,20.77,8%,36.63,PayPal,Refunded,Express,,,
1195,ORD-655321,778,67,2023-04-06 04:39:27,2023-04-10 04:39:27,-1,401.71,SUMMER,38.27,0.05,648.57,paypal,0,Express,No,Ring bell,False
1196,ORD-655811,13,376,2023-03-18 04:22:03,2023-03-22 04:22:03,5,271.66,,4.08,0.05,807.48,Stripe,Refunded,Next Day,No,Fragile,True
1197,ORD-525877,559,218,2023-03-20 18:32:49,2023-03-23 18:32:49,5,153.58,SUMMER,2.02,8%,946.82,Credit Card,Pending,Express,No,,False
1198,ORD-291667,151,15,2023-06-09 09:50:42,2023-06-16 09:50:42,-1,137.26,NULL,16.5,8%,689.64,Stripe,1,Standard,,Ring bell,True
1199,ORD-525557,50,273,2023-06-21 04:56:09,2023-06-28 04:56:09,,112.72,SUMMER,36.5,8%,734.77,credit card,0,Standard,,,
1200,ORD-781809,215,219,2023-08-29 06:11:04,2023-09-07 06:11:04,0,412.75,,26.09,5%,896.5,Stripe,0,Express,No,Leave at door,
1201,ORD-213769,991,274,2023-12-26 06:12:40,2023-12-31 06:12:40,five,293.02,SUMMER,20.85,8%,937.01,CC,Paid,Standard,No,Fragile,True
1202,ORD-635778,644,371,2023-09-22 13:03:58,2023-09-22 13:03:58,0,356.03,,40.65,5%,496.38,Credit Card,Refunded,Standard,Yes,Ring bell,
1203,ORD-609503,372,147,2023-12-27 14:05:08,2023-12-25 14:05:08,2,430.76,WELCOME20,38.34,0.08,118.69,PayPal,Failed,Next Day,,Ring bell,True
1204,ORD-278738,113,332,2023-09-17 10:03:25,2023-09-17 10:03:25,-1,493.5,,39.3,5%,471.75,CC,Paid,Express,Yes,Leave at door,False
1205,ORD-703679,252,344,2023-07-07 05:54:10,2023-07-15 05:54:10,five,128.49,SUMMER,22.99,0.08,560.51,cash,Pending,Next Day,No,,False
1206,ORD-274051,963,453,2023-10-14 03:38:57,2023-10-13 03:38:57,0,94.55,,0.97,8%,635.23,Stripe,Paid,Express,,Leave at door,
1207,ORD-966342,341,152,2023-06-20 08:50:31,2023-06-19 08:50:31,2,233.69,SAVE10,8.61,8%,989.39,CC,Paid,Store Pickup,,,
1208,ORD-293763,53,347,2023-06-26 07:38:22,2023-06-25 07:38:22,3,22.36,,37.07,0.08,918.39,paypal,1,Standard,Yes,Ring bell,True
1209,ORD-770991,130,304,2023-12-25 00:29:25,2023-12-27 00:29:25,two,396.9,,37.66,0.1,402.4,CC,1,Next Day,Yes,Leave at door,
1210,ORD-129522,836,414,2023-05-16 04:14:01,2023-05-14 04:14:01,five,442.46,SAVE10,48.61,5%,122.32,CC,Paid,Next Day,Yes,Ring bell,
1211,ORD-528592,193,15,2023-04-21 18:40:26,2023-04-28 18:40:26,4,344.59,SAVE10,9.51,0.05,222.64,Stripe,1,Store Pickup,Yes,Leave at door,
1212,ORD-632799,591,431,2023-08-02 12:33:15,2023-08-03 12:33:15,five,137.66,SAVE10,6.15,8%,182.06,credit card,1,Store Pickup,,Ring bell,True
1213,ORD-696955,57,379,2023-10-20 09:01:58,2023-10-27 09:01:58,2,65.96,NULL,6.94,5%,362.45,cash,Paid,Standard,No,Ring bell,False
1214,ORD-466144,97,486,2023-06-07 16:08:48,2023-06-09 16:08:48,5,194.16,,9.24,5%,877.72,Stripe,Refunded,Standard,No,Ring bell,True
1215,ORD-806040,198,383,2023-07-09 14:05:52,2023-07-08 14:05:52,2,417.5,SAVE10,26.42,8%,443.59,PayPal,1,Express,No,,True
1216,ORD-454779,647,428,2023-05-12 18:47:27,2023-05-14 18:47:27,1,177.17,SAVE10,48.76,0.08,571.6,cash,Paid,Express,Yes,Leave at door,
1217,ORD-330593,147,354,2023-08-20 13:07:05,2023-08-27 13:07:05,5,21.96,WELCOME20,29.47,8%,187.38,Credit Card,Refunded,Store Pickup,No,,False
1218,ORD-211940,684,411,2023-04-06 05:32:33,2023-04-07 05:32:33,2,140.77,NULL,26.13,5%,497.92,paypal,0,Standard,Yes,Ring bell,True
1219,ORD-669700,575,84,2023-09-08 21:07:37,2023-09-13 21:07:37,0,495.02,,33.67,0.1,874.89,credit card,1,Standard,Yes,Fragile,
1220,ORD-835374,577,192,2023-04-07 08:27:58,2023-04-05 08:27:58,two,339.95,SUMMER,3.7,0.08,775.73,Credit Card,Paid,Store Pickup,No,,True
1221,ORD-556882,295,41,2023-02-04 21:15:30,2023-02-13 21:15:30,2,450.92,NULL,40.77,8%,90.38,Credit Card,1,Store Pickup,No,Leave at door,
1222,ORD-422095,723,352,2023-10-10 01:20:59,2023-10-12 01:20:59,0,388.56,NULL,32.34,0.05,863.45,cash,Refunded,Next Day,No,Leave at door,False
1223,ORD-970245,621,324,2023-04-07 09:32:16,2023-04-15 09:32:16,4,272.15,WELCOME20,8.56,8%,281.09,credit card,Paid,Store Pickup,,,False
1224,ORD-279965,794,261,2023-12-15 02:43:09,2023-12-24 02:43:09,1,78.6,,31.54,5%,669.06,paypal,Refunded,Next Day,Yes,,
1225,ORD-214531,684,309,2023-02-24 22:44:52,2023-03-03 22:44:52,3,177.58,,29.81,5%,154.92,PayPal,0,Express,,,True
1226,ORD-285974,12,378,2023-08-07 14:48:14,2023-08-05 14:48:14,1,293.95,SAVE10,3.24,0.05,677.9,credit card,Failed,Store Pickup,No,Fragile,True
1227,ORD-302005,918,136,2023-10-14 11:45:34,2023-10-21 11:45:34,5,435.96,SAVE10,13.35,0.08,45.34,credit card,Pending,Store Pickup,,Ring bell,False
1228,ORD-791543,333,278,2023-05-23 02:24:00,2023-05-30 02:24:00,two,137.99,NULL,19.55,5%,604.64,credit card,Failed,Store Pickup,,,True
1229,ORD-463529,220,106,2023-05-30 14:05:59,2023-05-31 14:05:59,1,65.01,WELCOME20,12.24,0.08,649.48,paypal,1,Next Day,No,,
1230,ORD-372134,398,7,2023-01-03 12:10:51,2023-01-08 12:10:51,five,281.62,,12.16,0.08,252.05,credit card,Refunded,Store Pickup,No,Ring bell,
1231,ORD-170159,342,406,2023-10-18 07:25:46,2023-10-16 07:25:46,3,92.37,WELCOME20,28.65,8%,937.61,credit card,Paid,Store Pickup,Yes,Leave at door,
1232,ORD-119379,798,302,2023-03-18 15:04:21,2023-03-26 15:04:21,5,307.13,SUMMER,23.54,0.08,55.51,CC,Refunded,Standard,Yes,Fragile,False
1233,ORD-265899,512,30,2023-04-25 22:11:04,2023-04-24 22:11:04,five,135.44,,33.36,5%,892.79,CC,1,Standard,,,False
1234,ORD-907511,172,126,2023-06-20 02:30:42,2023-06-18 02:30:42,5,119.33,SAVE10,47.82,5%,388.08,CC,Paid,Standard,No,,False
1235,ORD-598714,468,357,2023-07-08 18:21:12,2023-07-16 18:21:12,five,202.59,NULL,33.03,0.1,716.78,CC,Failed,Store Pickup,Yes,Leave at door,
1236,ORD-560126,748,400,2023-05-18 01:45:28,2023-05-22 01:45:28,,298.63,WELCOME20,29.1,0.08,655.03,credit card,Refunded,Standard,Yes,Fragile,False
1237,ORD-789489,987,79,2023-12-21 23:58:23,2023-12-20 23:58:23,two,274.93,SAVE10,42.38,0.1,176.56,cash,Pending,Express,,Ring bell,
1238,ORD-281905,166,389,2023-09-25 20:57:34,2023-09-23 20:57:34,0,126.14,NULL,31.6,8%,325.81,CC,0,Standard,,Ring bell,True
1239,ORD-502374,699,67,2023-10-09 19:48:27,2023-10-18 19:48:27,1,446.1,SAVE10,8.28,0.1,534.38,Credit Card,0,Store Pickup,,,False
1240,ORD-457898,170,23,2023-07-21 04:31:58,2023-07-24 04:31:58,4,59.39,,15.74,0.08,848.05,cash,1,Standard,No,Fragile,True
1241,ORD-165679,564,189,2023-08-12 12:34:20,2023-08-15 12:34:20,five,24.54,WELCOME20,36.67,5%,955.31,PayPal,1,Standard,Yes,Fragile,True
1242,ORD-848913,512,74,2023-01-19 01:22:35,2023-01-26 01:22:35,,303.34,SUMMER,36.92,8%,30.38,CC,Refunded,Standard,Yes,,False
1243,ORD-482965,831,5,2023-12-15 11:14:08,2023-12-14 11:14:08,two,66.09,SAVE10,49.35,0.08,359.03,paypal,Failed,Express,Yes,,False
1244,ORD-526275,189,407,2023-12-05 00:45:38,2023-12-03 00:45:38,4,254.92,WELCOME20,31.35,8%,671.46,PayPal,Failed,Express,,Ring bell,True
1245,ORD-502629,120,463,2023-01-19 15:39:49,2023-01-26 15:39:49,1,476.13,,44.98,0.05,532.45,Stripe,Pending,Next Day,No,Fragile,True
1246,ORD-337831,105,82,2023-06-24 12:28:55,2023-06-24 12:28:55,,350.8,SAVE10,2.73,0.08,943.59,Stripe,Pending,Store Pickup,,Fragile,True
1247,ORD-766176,674,25,2023-01-06 10:02:43,2023-01-13 10:02:43,4,310.64,,28.31,0.05,26.8,Credit Card,Refunded,Express,,Leave at door,
1248,ORD-711868,807,264,2023-04-17 19:27:00,2023-04-19 19:27:00,3,289.53,SUMMER,45.99,0.1,443.36,PayPal,Paid,Express,No,Ring bell,True
1249,ORD-807329,41,479,2023-07-23 02:13:44,2023-07-26 02:13:44,-1,93.87,SUMMER,14.36,0.08,672.12,PayPal,Failed,Express,No,Leave at door,
1250,ORD-642082,889,405,2023-09-04 06:02:03,2023-09-04 06:02:03,5,219.16,NULL,7.74,0.05,225.41,Credit Card,Paid,Store Pickup,,,False
1251,ORD-802283,876,2,2023-02-04 17:21:42,2023-02-10 17:21:42,5,174.55,NULL,17.53,5%,728.61,Stripe,Paid,Next Day,No,Fragile,True
1252,ORD-347963,677,278,2023-12-03 18:42:30,2023-12-11 18:42:30,2,476.77,NULL,39.61,0.1,90.42,CC,Refunded,Store Pickup,,,False
1253,ORD-973092,321,328,2023-09-28 10:49:39,2023-09-30 10:49:39,3,124.95,,4.24,0.08,456.53,Credit Card,Pending,Standard,Yes,Leave at door,True
1254,ORD-127765,886,343,2023-12-20 20:42:27,2023-12-19 20:42:27,-1,238.4,NULL,30.02,0.08,679.47,paypal,Paid,Next Day,No,Ring bell,False
1255,ORD-237543,335,224,2023-07-07 17:10:27,2023-07-14 17:10:27,2,469.35,WELCOME20,6.78,5%,274.09,Credit Card,Refunded,Standard,Yes,Fragile,True
1256,ORD-230689,160,72,2023-06-16 02:39:57,2023-06-19 02:39:57,4,395.64,,21.78,5%,83.11,credit card,Pending,Express,No,Ring bell,
1257,ORD-350583,264,68,2023-10-31 08:41:18,2023-11-09 08:41:18,2,482.44,,48.3,0.05,957.45,Stripe,Paid,Store Pickup,,,False
1258,ORD-765855,865,320,2023-10-11 03:35:22,2023-10-16 03:35:22,five,306.12,NULL,9.76,0.05,914.68,credit card,Paid,Standard,,,False
1259,ORD-148476,530,94,2023-01-28 12:46:12,2023-02-05 12:46:12,3,170.22,NULL,1.7,0.05,927.11,Stripe,Pending,Next Day,,Ring bell,True
1260,ORD-100478,685,19,2023-08-23 10:01:08,2023-08-26 10:01:08,,414.19,,21.36,8%,978.72,Stripe,0,Standard,,Ring bell,
1261,ORD-803302,477,128,2023-08-22 12:06:15,2023-08-23 12:06:15,,149.27,SUMMER,28.88,0.1,192.85,PayPal,Pending,Standard,,Ring bell,
1262,ORD-862438,352,343,2023-12-17 03:22:16,2023-12-20 03:22:16,-1,86.56,SUMMER,14.88,0.08,166.2,CC,1,Express,,Fragile,
1263,ORD-555995,545,82,2023-04-12 03:02:25,2023-04-17 03:02:25,1,354.61,NULL,27.09,0.1,43.87,CC,1,Standard,No,,True
1264,ORD-555402,773,254,2023-08-15 20:06:18,2023-08-20 20:06:18,,321.28,SUMMER,47.67,5%,892.9,Stripe,Refunded,Standard,No,,False
1265,ORD-413904,210,437,2023-07-04 10:27:18,2023-07-11 10:27:18,3,440.08,WELCOME20,15.59,0.1,755.24,Stripe,Refunded,Express,Yes,Fragile,True
1266,ORD-881046,496,221,2023-09-18 14:56:48,2023-09-17 14:56:48,two,481.15,WELCOME20,15.47,0.1,636.93,credit card,Failed,Next Day,No,Ring bell,
1267,ORD-519996,895,343,2023-07-09 10:36:00,2023-07-14 10:36:00,5,429.31,WELCOME20,24.14,0.05,928.4,paypal,1,Express,No,Ring bell,
1268,ORD-131678,842,97,2023-11-05 01:05:23,2023-11-08 01:05:23,two,34.71,,25.77,5%,579.33,Credit Card,Pending,Standard,Yes,,False
1269,ORD-965512,382,52,2023-01-18 12:03:05,2023-01-17 12:03:05,2,333.93,,0.07,0.1,138.43,Stripe,1,Store Pickup,Yes,Ring bell,True
1270,ORD-769779,676,175,2023-11-20 06:27:34,2023-11-18 06:27:34,0,393.44,,30.79,0.08,185.1,Stripe,0,Express,,Leave at door,True
1271,ORD-197671,481,338,2023-10-21 08:57:05,2023-10-24 08:57:05,five,491.05,,49.87,0.05,140.86,Credit Card,Refunded,Express,Yes,Ring bell,
1272,ORD-173436,919,182,2023-09-01 12:30:02,2023-09-05 12:30:02,0,190.46,,14.6,0.1,314.58,Credit Card,0,Standard,Yes,,False
1273,ORD-434062,936,428,2023-02-08 23:45:37,2023-02-15 23:45:37,3,89.09,NULL,31.54,5%,385.7,paypal,Refunded,Store Pickup,No,Leave at door,False
1274,ORD-398377,5,353,2023-08-12 15:09:20,2023-08-14 15:09:20,0,427.2,SUMMER,0.23,0.08,798.87,paypal,0,Next Day,,,
1275,ORD-837710,34,391,2023-11-03 06:15:53,2023-11-10 06:15:53,two,162.15,NULL,30.22,5%,199.34,Credit Card,Refunded,Store Pickup,Yes,,True
1276,ORD-911060,792,115,2023-11-28 18:36:49,2023-12-03 18:36:49,1,301.11,SUMMER,22.35,5%,728.11,Stripe,Pending,Express,,,True
1277,ORD-173865,145,348,2023-11-04 15:30:04,2023-11-12 15:30:04,3,198.0,NULL,26.51,5%,496.32,Stripe,0,Store Pickup,,Fragile,False
1278,ORD-518048,351,1,2023-06-03 06:31:26,2023-06-12 06:31:26,5,204.15,WELCOME20,27.2,8%,999.66,Credit Card,Paid,Next Day,Yes,,False
1279,ORD-944504,583,63,2023-09-13 19:45:26,2023-09-19 19:45:26,-1,367.57,SAVE10,8.85,0.08,778.82,Stripe,Refunded,Store Pickup,Yes,Ring bell,
1280,ORD-451540,465,248,2023-03-04 01:47:20,2023-03-05 01:47:20,3,183.93,,38.5,5%,969.26,paypal,1,Store Pickup,Yes,,False
1281,ORD-883495,348,231,2023-01-24 11:23:37,2023-01-28 11:23:37,4,348.07,SAVE10,27.77,8%,348.93,Credit Card,Paid,Store Pickup,Yes,Leave at door,True
1282,ORD-812521,742,226,2023-01-08 15:08:17,2023-01-13 15:08:17,5,12.09,SAVE10,13.51,0.05,131.82,paypal,1,Express,,Fragile,True
1283,ORD-671626,125,423,2023-07-11 13:43:23,2023-07-14 13:43:23,3,165.7,WELCOME20,46.87,8%,510.84,Stripe,Refunded,Standard,No,,False
1284,ORD-596698,790,19,2023-12-18 10:34:54,2023-12-17 10:34:54,4,162.93,SAVE10,0.64,0.05,133.0,Stripe,Pending,Standard,,,
1285,ORD-151131,271,31,2023-03-22 20:24:41,2023-03-26 20:24:41,5,375.67,SAVE10,36.3,8%,497.53,PayPal,Paid,Store Pickup,,,True
1286,ORD-208299,357,333,2023-05-07 18:38:06,2023-05-13 18:38:06,2,160.71,WELCOME20,19.06,5%,277.24,credit card,Paid,Express,,Ring bell,True
1287,ORD-784066,527,121,2023-03-08 12:52:57,2023-03-10 12:52:57,,318.5,SUMMER,26.13,8%,496.14,credit card,Refunded,Express,Yes,Ring bell,
1288,ORD-475147,754,24,2023-03-25 15:21:00,2023-03-24 15:21:00,five,345.82,NULL,14.58,8%,950.14,cash,0,Express,Yes,Ring bell,False
1289,ORD-447574,498,325,2023-11-01 17:32:40,2023-11-02 17:32:40,,330.92,SAVE10,16.06,5%,296.14,paypal,Refunded,Standard,No,Fragile,True
1290,ORD-142156,153,471,2023-03-05 17:39:34,2023-03-05 17:39:34,two,303.63,,0.76,0.05,993.5,Credit Card,Refunded,Express,No,,True
1291,ORD-114880,53,211,2023-04-14 21:51:54,2023-04-15 21:51:54,-1,209.74,WELCOME20,36.49,5%,237.04,credit card,Failed,Store Pickup,No,,
1292,ORD-422620,149,449,2023-03-02 14:47:44,2023-03-09 14:47:44,,189.79,SAVE10,35.54,0.08,216.03,Stripe,Pending,Standard,,,False
1293,ORD-225903,503,161,2023-07-30 21:57:15,2023-08-03 21:57:15,3,284.47,SUMMER,32.72,8%,549.34,CC,0,Express,No,Leave at door,
1294,ORD-255471,870,255,2023-05-23 08:32:08,2023-05-30 08:32:08,2,36.53,SUMMER,43.9,0.08,843.62,Credit Card,Pending,Store Pickup,,Ring bell,
1295,ORD-619636,450,59,2023-08-09 00:53:05,2023-08-14 00:53:05,0,438.53,,45.06,5%,752.01,paypal,Refunded,Standard,Yes,Leave at door,False
1296,ORD-416455,219,114,2023-07-16 09:53:39,2023-07-14 09:53:39,two,413.53,SAVE10,27.82,5%,726.3,Stripe,Failed,Express,,Leave at door,True
1297,ORD-990679,625,417,2023-04-27 07:14:16,2023-05-02 07:14:16,,176.46,,34.24,0.1,289.81,Stripe,Refunded,Next Day,Yes,Ring bell,
1298,ORD-830687,800,160,2023-06-18 02:58:23,2023-06-20 02:58:23,1,285.58,SUMMER,0.55,0.08,32.29,CC,Refunded,Store Pickup,Yes,Ring bell,True
1299,ORD-535655,277,443,2023-05-11 19:04:03,2023-05-20 19:04:03,-1,466.45,SUMMER,42.32,0.1,170.13,paypal,Pending,Next Day,No,,True
1300,ORD-476801,452,220,2023-08-11 13:44:15,2023-08-15 13:44:15,0,139.46,NULL,40.82,0.08,355.98,cash,Failed,Standard,Yes,Fragile,True
1301,ORD-398774,428,357,2023-12-16 17:53:54,2023-12-24 17:53:54,five,372.52,SUMMER,1.01,0.1,971.97,Credit Card,Pending,Express,No,Ring bell,True
1302,ORD-524854,83,169,2023-09-21 03:49:52,2023-09-29 03:49:52,3,45.95,WELCOME20,27.14,0.1,920.58,Stripe,Refunded,Store Pickup,No,Leave at door,
1303,ORD-319096,962,12,2023-03-27 02:16:22,2023-03-25 02:16:22,2,264.07,NULL,45.33,0.08,208.64,cash,1,Store Pickup,No,,False
1304,ORD-856335,218,457,2023-06-04 21:25:50,2023-06-03 21:25:50,5,442.56,,9.07,5%,728.37,PayPal,Paid,Store Pickup,,,True
1305,ORD-429500,738,242,2023-11-26 10:13:25,2023-11-24 10:13:25,,278.1,SUMMER,17.63,0.05,583.23,Stripe,0,Next Day,No,,True
1306,ORD-187610,782,375,2023-09-15 01:03:05,2023-09-17 01:03:05,1,310.05,WELCOME20,16.55,5%,59.34,PayPal,Refunded,Express,No,Ring bell,True
1307,ORD-817271,527,139,2023-06-06 01:56:31,2023-06-09 01:56:31,-1,454.28,NULL,17.8,0.05,377.99,PayPal,0,Express,Yes,Ring bell,False
1308,ORD-777589,404,97,2023-03-13 05:14:43,2023-03-20 05:14:43,five,359.1,WELCOME20,2.09,0.08,491.21,Credit Card,Failed,Express,,Fragile,True
1309,ORD-401591,290,147,2023-09-23 03:48:05,2023-09-29 03:48:05,,349.46,NULL,13.95,8%,670.9,Credit Card,1,Next Day,No,,False
1310,ORD-685915,420,182,2023-06-14 01:15:01,2023-06-19 01:15:01,five,295.26,NULL,14.74,5%,301.96,CC,0,Standard,No,Ring bell,
1311,ORD-794631,339,57,2023-09-27 07:27:08,2023-10-01 07:27:08,0,318.33,NULL,43.29,0.1,934.48,Stripe,0,Next Day,No,Leave at door,False
1312,ORD-775995,777,42,2023-10-17 07:54:55,2023-10-26 07:54:55,0,402.83,,17.61,5%,457.36,Credit Card,Failed,Standard,Yes,Leave at door,True
1313,ORD-444739,711,354,2023-07-07 22:06:43,2023-07-09 22:06:43,two,489.72,NULL,22.36,0.08,256.04,Credit Card,Refunded,Next Day,Yes,,
1314,ORD-976664,670,199,2023-11-11 03:15:40,2023-11-11 03:15:40,,398.69,NULL,19.04,8%,323.26,CC,Refunded,Express,Yes,Fragile,False
1315,ORD-586216,845,31,2023-03-25 09:27:53,2023-03-31 09:27:53,2,355.23,WELCOME20,6.03,8%,754.37,CC,Paid,Express,No,,True
1316,ORD-635626,987,180,2023-02-22 09:54:18,2023-02-24 09:54:18,-1,72.09,NULL,49.52,5%,643.88,Stripe,Failed,Express,No,Fragile,
1317,ORD-407554,959,2,2023-12-09 05:19:24,2023-12-09 05:19:24,5,409.45,,41.29,5%,744.76,cash,1,Next Day,No,Leave at door,
1318,ORD-681775,419,467,2023-12-24 15:36:34,2023-12-24 15:36:34,5,369.32,WELCOME20,27.05,5%,299.42,paypal,Paid,Store Pickup,No,Ring bell,False
1319,ORD-619570,909,422,2023-09-02 06:20:35,2023-09-02 06:20:35,3,386.36,NULL,23.82,0.08,333.58,credit card,Failed,Next Day,No,,True
1320,ORD-870268,207,288,2023-05-28 21:53:13,2023-05-31 21:53:13,3,119.39,WELCOME20,32.46,0.05,402.75,Stripe,Refunded,Standard,Yes,Ring bell,False
1321,ORD-870681,686,138,2023-06-26 13:32:44,2023-06-24 13:32:44,-1,452.2,,16.32,0.05,196.71,credit card,Paid,Next Day,No,Leave at door,
1322,ORD-819833,696,105,2023-10-28 13:25:15,2023-11-05 13:25:15,,53.15,WELCOME20,2.51,0.1,694.13,paypal,Refunded,Standard,,Leave at door,
1323,ORD-895552,265,392,2023-06-11 19:18:21,2023-06-12 19:18:21,,130.54,,20.22,0.08,336.06,PayPal,Pending,Next Day,No,Ring bell,True
1324,ORD-834435,983,218,2023-07-23 04:12:46,2023-07-28 04:12:46,0,333.2,SUMMER,49.2,8%,332.97,cash,Pending,Store Pickup,Yes,Ring bell,
1325,ORD-466703,758,222,2023-11-26 16:03:12,2023-11-26 16:03:12,1,338.49,NULL,9.12,0.1,276.67,Stripe,Paid,Store Pickup,No,Leave at door,True
1326,ORD-810741,36,331,2023-09-25 07:01:07,2023-09-27 07:01:07,3,160.1,,26.39,8%,458.3,Credit Card,Paid,Express,,Ring bell,False
1327,ORD-636985,373,105,2023-07-05 07:29:46,2023-07-04 07:29:46,1,352.25,NULL,0.43,8%,774.26,CC,Failed,Store Pickup,No,,
1328,ORD-254469,488,404,2023-05-13 03:15:37,2023-05-12 03:15:37,,197.03,,6.1,5%,837.25,Stripe,1,Next Day,,,
1329,ORD-395756,259,404,2023-07-13 05:30:33,2023-07-21 05:30:33,3,5.09,SAVE10,29.36,8%,806.46,CC,1,Store Pickup,,,True
1330,ORD-674414,994,127,2023-09-15 12:30:03,2023-09-19 12:30:03,5,85.49,SAVE10,14.87,8%,624.98,PayPal,Pending,Express,Yes,,True
1331,ORD-274082,531,265,2023-10-28 04:48:13,2023-11-04 04:48:13,five,441.9,SAVE10,45.28,0.08,287.62,CC,Pending,Next Day,,Leave at door,False
1332,ORD-188578,924,200,2023-06-16 04:51:36,2023-06-16 04:51:36,3,115.23,,20.31,5%,737.51,PayPal,Pending,Standard,No,Leave at door,True
1333,ORD-789180,23,252,2023-01-27 20:59:51,2023-01-29 20:59:51,,60.89,NULL,10.4,5%,48.97,cash,Refunded,Next Day,,,
1334,ORD-928642,104,15,2023-03-05 05:26:02,2023-03-05 05:26:02,,342.69,SAVE10,27.28,0.1,800.17,paypal,1,Express,No,Fragile,False
1335,ORD-494019,241,226,2023-08-02 13:55:15,2023-08-05 13:55:15,five,223.15,NULL,39.75,5%,782.43,PayPal,Paid,Store Pickup,No,,False
1336,ORD-301062,903,472,2023-08-07 09:04:27,2023-08-14 09:04:27,1,399.31,,0.97,0.05,673.3,credit card,Pending,Store Pickup,No,Fragile,False
1337,ORD-613241,873,353,2023-05-21 02:15:34,2023-05-21 02:15:34,-1,431.42,NULL,25.28,0.08,106.95,Stripe,0,Next Day,No,Fragile,True
1338,ORD-855095,716,105,2023-03-09 18:25:13,2023-03-14 18:25:13,five,423.76,NULL,38.67,0.1,997.37,PayPal,Failed,Standard,Yes,Ring bell,True
1339,ORD-223160,253,233,2023-06-10 13:58:10,2023-06-09 13:58:10,5,159.94,SAVE10,5.18,0.05,758.85,Stripe,Paid,Standard,No,,
1340,ORD-729190,142,493,2023-10-28 05:38:00,2023-10-28 05:38:00,,255.25,WELCOME20,45.14,8%,737.46,paypal,Paid,Standard,Yes,Fragile,False
1341,ORD-415989,814,319,2023-05-12 06:47:21,2023-05-17 06:47:21,2,326.82,SUMMER,13.23,0.05,73.37,cash,Paid,Standard,,Ring bell,False
1342,ORD-592154,655,488,2023-04-18 10:16:03,2023-04-23 10:16:03,5,164.38,,8.53,0.1,404.72,PayPal,1,Next Day,No,,False
1343,ORD-681825,451,219,2023-01-07 02:26:09,2023-01-05 02:26:09,1,25.34,,29.46,5%,95.31,paypal,Pending,Store Pickup,,,
1344,ORD-669098,783,277,2023-03-24 10:50:01,2023-03-29 10:50:01,five,250.35,,8.75,0.08,367.43,credit card,Failed,Standard,Yes,Fragile,True
1345,ORD-147058,307,261,2023-08-26 22:51:32,2023-09-02 22:51:32,,11.35,SUMMER,33.99,0.1,574.78,cash,Refunded,Next Day,No,Ring bell,False
1346,ORD-696022,984,381,2023-09-10 19:25:37,2023-09-09 19:25:37,,475.57,WELCOME20,24.51,0.05,880.08,Credit Card,Failed,Next Day,No,Leave at door,True
1347,ORD-641155,500,419,2023-01-22 23:04:25,2023-01-31 23:04:25,five,399.36,NULL,5.5,0.05,290.11,paypal,Failed,Next Day,Yes,,True
1348,ORD-776451,622,341,2023-01-27 04:46:07,2023-01-31 04:46:07,-1,100.04,,45.62,0.1,627.18,Credit Card,0,Standard,,Fragile,True
1349,ORD-280055,8,452,2023-09-18 03:15:01,2023-09-21 03:15:01,five,147.35,NULL,33.66,0.1,173.01,paypal,Failed,Standard,Yes,Leave at door,True
1350,ORD-744372,69,369,2023-09-06 04:23:06,2023-09-05 04:23:06,3,491.51,SAVE10,27.3,0.1,360.42,cash,Refunded,Next Day,,,True
1351,ORD-273645,702,432,2023-05-02 01:19:37,2023-05-04 01:19:37,4,189.91,SAVE10,18.72,5%,947.77,PayPal,Failed,Next Day,,Leave at door,
1352,ORD-951089,691,336,2023-12-20 13:40:32,2023-12-24 13:40:32,-1,392.94,SAVE10,6.74,0.1,750.16,Credit Card,0,Next Day,,Ring bell,True
1353,ORD-911171,575,479,2023-11-03 12:11:25,2023-11-08 12:11:25,4,226.17,,35.38,8%,550.35,cash,Failed,Store Pickup,No,Fragile,False
1354,ORD-419533,68,474,2023-04-09 19:12:21,2023-04-09 19:12:21,1,432.73,SUMMER,40.68,0.08,259.18,paypal,Pending,Store Pickup,Yes,Leave at door,False
1355,ORD-373772,718,190,2023-05-24 17:24:19,2023-05-22 17:24:19,0,353.36,,6.29,0.08,385.91,Stripe,0,Express,No,Leave at door,False
1356,ORD-474266,912,372,2023-12-16 06:00:50,2023-12-20 06:00:50,5,16.34,SAVE10,24.73,8%,165.13,paypal,Pending,Express,Yes,Leave at door,
1357,ORD-556920,980,419,2023-10-22 16:26:41,2023-10-24 16:26:41,two,150.72,SAVE10,24.24,0.05,359.93,Credit Card,Pending,Standard,,Fragile,True
1358,ORD-109978,408,198,2023-08-14 17:00:22,2023-08-16 17:00:22,five,281.21,,17.5,0.05,159.13,Stripe,Paid,Store Pickup,No,Ring bell,False
1359,ORD-656623,518,353,2023-01-13 23:03:36,2023-01-17 23:03:36,5,463.46,SUMMER,39.47,0.05,797.35,cash,0,Express,No,Ring bell,False
1360,ORD-305551,119,277,2023-11-19 20:22:42,2023-11-17 20:22:42,two,55.5,SUMMER,4.98,0.05,89.95,paypal,Failed,Next Day,No,Leave at door,False
1361,ORD-833291,825,336,2023-03-01 19:49:09,2023-03-06 19:49:09,1,302.58,NULL,10.25,5%,197.51,Credit Card,1,Next Day,,Ring bell,True
1362,ORD-391961,31,495,2023-11-14 23:11:20,2023-11-23 23:11:20,1,154.58,WELCOME20,0.08,8%,694.26,credit card,1,Standard,Yes,,False
1363,ORD-592749,518,39,2023-08-29 03:26:39,2023-09-05 03:26:39,0,445.22,SAVE10,18.65,0.08,903.49,CC,1,Standard,,Ring bell,True
1364,ORD-360838,483,162,2023-02-15 23:26:09,2023-02-17 23:26:09,-1,383.76,SUMMER,14.56,8%,964.95,credit card,Refunded,Express,No,Leave at door,False
1365,ORD-211385,207,490,2023-09-04 20:14:14,2023-09-09 20:14:14,5,188.0,SAVE10,43.35,0.08,837.66,Credit Card,Pending,Next Day,No,,False
1366,ORD-680394,669,121,2023-07-14 03:01:08,2023-07-21 03:01:08,5,87.72,WELCOME20,37.29,0.05,219.36,PayPal,Pending,Standard,,Fragile,True
1367,ORD-918906,579,380,2023-12-29 01:22:28,2024-01-05 01:22:28,five,10.69,SAVE10,4.22,5%,292.85,PayPal,Pending,Standard,No,,False
1368,ORD-747068,971,399,2023-02-07 08:10:50,2023-02-09 08:10:50,1,312.46,SUMMER,37.05,0.1,872.04,CC,0,Store Pickup,No,Ring bell,
1369,ORD-620402,387,262,2023-01-29 14:22:30,2023-02-07 14:22:30,two,206.03,NULL,33.77,0.1,890.44,Credit Card,Refunded,Express,Yes,,True
1370,ORD-822019,412,450,2023-11-20 07:06:16,2023-11-24 07:06:16,2,160.8,,14.09,0.05,644.25,Stripe,Failed,Standard,Yes,,False
1371,ORD-674266,842,216,2023-09-26 09:02:59,2023-10-03 09:02:59,0,492.82,,0.77,0.05,320.5,paypal,Paid,Express,Yes,Fragile,
1372,ORD-213717,370,312,2023-04-12 17:36:24,2023-04-12 17:36:24,-1,235.74,SUMMER,5.76,8%,231.82,credit card,0,Next Day,Yes,,
1373,ORD-871421,353,49,2023-04-20 11:40:46,2023-04-19 11:40:46,,376.17,SUMMER,12.5,5%,853.76,Stripe,Pending,Express,Yes,Fragile,True
1374,ORD-647845,944,92,2023-01-13 01:50:23,2023-01-16 01:50:23,2,92.82,WELCOME20,40.83,5%,213.2,cash,Failed,Standard,Yes,Leave at door,False
1375,ORD-104723,336,129,2023-11-09 17:10:53,2023-11-11 17:10:53,3,11.66,SAVE10,23.27,8%,665.19,credit card,1,Store Pickup,No,Leave at door,True
1376,ORD-309548,891,321,2023-04-07 05:48:28,2023-04-13 05:48:28,4,211.69,WELCOME20,45.92,5%,968.27,CC,Paid,Express,No,Fragile,
1377,ORD-857368,906,28,2023-08-12 07:40:42,2023-08-19 07:40:42,0,334.5,,39.46,5%,708.24,CC,1,Express,Yes,,
1378,ORD-255653,289,356,2023-07-15 06:08:25,2023-07-16 06:08:25,two,255.77,SAVE10,14.36,0.1,265.09,cash,Failed,Next Day,,Ring bell,True
1379,ORD-523174,996,148,2023-05-27 15:57:44,2023-06-04 15:57:44,2,445.78,WELCOME20,42.27,5%,289.68,CC,Failed,Store Pickup,Yes,,True
1380,ORD-768992,963,432,2023-01-09 07:24:44,2023-01-09 07:24:44,two,219.82,,5.84,0.05,101.97,cash,1,Express,No,,False
1381,ORD-406179,965,328,2023-02-23 08:27:15,2023-03-01 08:27:15,five,158.95,SAVE10,1.81,0.1,689.38,Stripe,0,Store Pickup,,Ring bell,
1382,ORD-870527,140,65,2023-12-17 06:50:26,2023-12-22 06:50:26,0,458.44,NULL,30.43,0.05,523.25,Stripe,Paid,Standard,,,True
1383,ORD-312318,953,218,2023-08-15 13:49:21,2023-08-18 13:49:21,1,206.37,NULL,17.09,0.05,214.41,CC,1,Store Pickup,,,
1384,ORD-407478,300,51,2023-09-03 06:58:16,2023-09-01 06:58:16,-1,138.48,WELCOME20,16.47,8%,235.39,Stripe,1,Standard,No,,True
1385,ORD-971317,13,427,2023-08-19 02:15:39,2023-08-26 02:15:39,two,53.34,SUMMER,34.36,5%,18.93,CC,0,Next Day,,Fragile,False
1386,ORD-345503,664,305,2023-12-15 10:10:09,2023-12-24 10:10:09,5,397.69,SAVE10,42.51,5%,978.64,Stripe,1,Next Day,No,Leave at door,
1387,ORD-677952,428,409,2023-11-18 07:25:25,2023-11-26 07:25:25,2,413.42,WELCOME20,16.11,5%,829.74,CC,Paid,Next Day,No,Fragile,False
1388,ORD-433635,825,74,2023-04-18 02:40:04,2023-04-16 02:40:04,5,21.48,SUMMER,16.25,5%,400.23,paypal,Refunded,Standard,Yes,,False
1389,ORD-739016,864,460,2023-11-22 10:58:05,2023-12-01 10:58:05,two,182.53,SUMMER,26.69,0.1,946.63,paypal,Paid,Express,No,Ring bell,
1390,ORD-111771,400,425,2023-11-16 01:09:24,2023-11-19 01:09:24,2,376.19,SAVE10,32.66,0.08,680.35,cash,0,Standard,,Ring bell,True
1391,ORD-989968,992,199,2023-03-18 13:50:43,2023-03-18 13:50:43,1,473.46,SAVE10,10.15,0.05,753.95,credit card,1,Store Pickup,No,Leave at door,False
1392,ORD-906918,109,192,2023-03-30 03:24:47,2023-03-30 03:24:47,4,192.02,SUMMER,45.63,0.08,683.16,cash,Pending,Store Pickup,No,Leave at door,False
1393,ORD-209861,485,189,2023-02-06 07:37:57,2023-02-09 07:37:57,4,436.67,,32.72,0.08,759.28,credit card,Pending,Standard,Yes,Leave at door,
1394,ORD-949928,888,12,2023-02-21 11:39:48,2023-02-21 11:39:48,five,199.89,WELCOME20,31.26,0.08,179.23,cash,Failed,Next Day,Yes,Ring bell,
1395,ORD-394285,356,239,2023-10-20 18:28:10,2023-10-28 18:28:10,3,93.85,SAVE10,45.21,0.1,566.77,CC,Refunded,Next Day,No,,
1396,ORD-333077,149,360,2023-10-07 11:42:59,2023-10-14 11:42:59,4,6.71,SUMMER,45.36,0.08,850.88,credit card,0,Store Pickup,No,Leave at door,False
1397,ORD-744290,879,81,2023-11-12 17:06:04,2023-11-15 17:06:04,3,168.44,,6.78,0.1,29.35,Stripe,Failed,Store Pickup,No,Leave at door,True
1398,ORD-317656,716,453,2023-05-24 04:09:44,2023-05-26 04:09:44,2,192.35,NULL,7.25,8%,132.21,CC,Failed,Express,Yes,Ring bell,True
1399,ORD-241755,307,383,2023-06-21 13:38:36,2023-06-22 13:38:36,4,472.83,SUMMER,38.1,8%,253.18,paypal,Pending,Express,Yes,,
1400,ORD-368566,533,270,2023-10-11 21:24:42,2023-10-16 21:24:42,two,107.0,,47.84,8%,301.78,PayPal,Paid,Express,,Leave at door,False
1401,ORD-704267,60,290,2023-11-26 13:18:01,2023-11-25 13:18:01,1,194.2,NULL,33.33,0.1,190.88,paypal,Failed,Store Pickup,,,False
1402,ORD-758928,435,48,2023-01-19 10:56:15,2023-01-28 10:56:15,two,17.45,,20.57,0.1,628.09,Credit Card,Failed,Express,,,False
1403,ORD-734190,21,317,2023-06-03 06:42:49,2023-06-11 06:42:49,two,382.95,SAVE10,34.17,0.05,301.08,paypal,Refunded,Store Pickup,,Leave at door,
1404,ORD-617120,875,209,2023-03-13 03:07:40,2023-03-17 03:07:40,3,457.99,SUMMER,11.44,0.08,166.52,Credit Card,Pending,Store Pickup,Yes,Leave at door,False
1405,ORD-633437,382,35,2023-01-21 01:12:09,2023-01-22 01:12:09,,122.72,NULL,49.9,5%,906.77,credit card,Paid,Standard,Yes,Ring bell,False
1406,ORD-164870,245,119,2023-08-04 16:11:40,2023-08-03 16:11:40,,217.35,,21.55,5%,698.08,paypal,Refunded,Express,No,,True
1407,ORD-876732,902,65,2023-07-30 07:50:10,2023-08-03 07:50:10,-1,65.45,NULL,46.58,0.08,253.6,PayPal,Paid,Standard,,,
1408,ORD-952412,73,315,2023-09-04 10:14:33,2023-09-02 10:14:33,4,231.13,WELCOME20,21.54,5%,367.34,Stripe,Paid,Standard,No,,
1409,ORD-895678,449,242,2023-12-02 14:30:29,2023-12-03 14:30:29,1,71.0,SUMMER,46.41,5%,743.38,paypal,Failed,Express,No,Fragile,
1410,ORD-989434,76,498,2023-08-01 01:56:13,2023-08-07 01:56:13,1,264.06,SAVE10,16.78,5%,793.0,Stripe,Refunded,Store Pickup,Yes,Ring bell,False
1411,ORD-725319,698,36,2023-10-07 19:28:48,2023-10-08 19:28:48,5,368.64,NULL,38.03,0.1,184.67,paypal,Failed,Store Pickup,No,Ring bell,False
1412,ORD-972174,590,463,2023-10-04 04:22:28,2023-10-13 04:22:28,two,278.9,,47.55,0.1,937.21,paypal,1,Store Pickup,No,Leave at door,True
1413,ORD-271002,390,252,2023-11-23 23:38:33,2023-11-23 23:38:33,1,126.38,NULL,32.3,0.1,787.42,Stripe,Paid,Express,Yes,Ring bell,
1414,ORD-728379,577,403,2023-09-09 16:35:17,2023-09-16 16:35:17,2,180.13,,33.88,0.08,858.25,Stripe,Refunded,Store Pickup,Yes,Leave at door,False
1415,ORD-953425,342,243,2023-12-07 11:00:14,2023-12-14 11:00:14,0,321.09,NULL,5.14,8%,152.42,CC,Pending,Standard,Yes,Leave at door,True
1416,ORD-359604,290,42,2023-02-07 01:08:10,2023-02-06 01:08:10,two,296.93,SAVE10,23.71,5%,151.93,paypal,Failed,Next Day,Yes,Fragile,False
1417,ORD-105989,568,69,2023-12-15 07:39:35,2023-12-15 07:39:35,3,72.7,SAVE10,44.34,0.05,312.32,paypal,1,Express,,Ring bell,False
1418,ORD-250147,331,403,2023-01-01 08:18:02,2022-12-30 08:18:02,two,423.25,SUMMER,12.05,0.1,74.0,PayPal,0,Next Day,,Ring bell,
1419,ORD-372440,259,107,2023-01-31 23:11:58,2023-02-07 23:11:58,1,240.22,SAVE10,39.42,0.05,100.16,Stripe,1,Standard,,Fragile,
1420,ORD-950015,426,39,2023-11-22 07:49:02,2023-11-27 07:49:02,five,85.37,NULL,33.79,5%,151.78,Stripe,1,Next Day,No,Fragile,False
1421,ORD-178169,702,69,2023-04-22 23:44:24,2023-04-20 23:44:24,2,65.8,NULL,11.15,8%,715.31,Credit Card,Failed,Standard,,Ring bell,False
1422,ORD-488579,6,180,2023-12-26 06:42:02,2023-12-26 06:42:02,2,482.95,SAVE10,14.14,0.05,39.93,Credit Card,Pending,Next Day,Yes,Ring bell,False
1423,ORD-769258,6,12,2023-05-28 15:50:10,2023-05-28 15:50:10,4,144.36,WELCOME20,21.38,5%,92.41,Stripe,Refunded,Next Day,,Leave at door,False
1424,ORD-789570,191,339,2023-01-17 04:31:45,2023-01-16 04:31:45,,454.75,NULL,6.26,5%,944.74,PayPal,Paid,Store Pickup,Yes,,False
1425,ORD-334197,148,431,2023-06-23 10:50:36,2023-06-25 10:50:36,3,208.24,SUMMER,45.67,0.1,92.82,credit card,Pending,Next Day,,Leave at door,
1426,ORD-802151,405,204,2023-03-13 21:28:35,2023-03-20 21:28:35,4,196.03,WELCOME20,36.97,8%,542.09,paypal,Failed,Standard,,,
1427,ORD-761735,258,36,2023-03-20 18:05:27,2023-03-20 18:05:27,-1,351.96,SAVE10,18.25,5%,646.15,credit card,0,Standard,Yes,,False
1428,ORD-630518,730,126,2023-09-07 22:32:26,2023-09-07 22:32:26,0,9.89,,14.98,8%,959.01,PayPal,Refunded,Standard,Yes,,False
1429,ORD-817943,479,63,2023-10-02 10:27:59,2023-10-07 10:27:59,5,172.35,NULL,34.48,0.1,900.8,credit card,Paid,Express,No,Fragile,
1430,ORD-652035,90,332,2023-07-20 15:00:47,2023-07-21 15:00:47,2,154.81,,21.21,0.05,446.28,Credit Card,0,Standard,No,,False
1431,ORD-142129,824,82,2023-10-26 18:39:51,2023-10-27 18:39:51,3,434.71,SUMMER,11.47,0.08,942.74,CC,Refunded,Express,No,Fragile,
1432,ORD-797830,864,497,2023-06-20 05:57:06,2023-06-20 05:57:06,,266.92,WELCOME20,21.51,0.08,437.94,credit card,Paid,Standard,,Fragile,
1433,ORD-408575,10,307,2023-03-19 16:26:27,2023-03-27 16:26:27,3,185.46,,43.56,0.08,673.22,CC,Paid,Express,,Leave at door,
1434,ORD-865880,87,496,2023-02-23 05:06:17,2023-02-21 05:06:17,5,136.71,SUMMER,3.43,8%,267.01,credit card,1,Next Day,Yes,Fragile,
1435,ORD-182930,762,299,2023-05-17 07:24:17,2023-05-22 07:24:17,5,297.3,,18.42,0.08,640.28,PayPal,0,Next Day,Yes,,True
1436,ORD-325975,838,34,2023-04-17 16:32:35,2023-04-15 16:32:35,4,80.08,,48.12,0.05,542.81,CC,0,Standard,No,Leave at door,False
1437,ORD-576510,151,240,2023-03-01 09:47:49,2023-03-05 09:47:49,two,126.87,SUMMER,0.74,5%,610.76,credit card,Failed,Express,Yes,,False
1438,ORD-529075,988,97,2023-07-11 17:47:22,2023-07-13 17:47:22,-1,150.34,NULL,44.53,8%,685.82,PayPal,Pending,Store Pickup,,Fragile,False
1439,ORD-993583,625,49,2023-10-27 06:02:21,2023-10-28 06:02:21,-1,305.91,,18.74,0.05,181.72,cash,1,Store Pickup,Yes,,
1440,ORD-653974,30,146,2023-04-12 09:55:27,2023-04-13 09:55:27,1,189.76,SUMMER,9.48,8%,308.25,cash,1,Store Pickup,Yes,Fragile,
1441,ORD-171859,128,125,2023-03-28 14:27:06,2023-04-02 14:27:06,-1,255.36,,0.75,8%,738.88,Stripe,Refunded,Next Day,Yes,,
1442,ORD-207766,78,189,2023-04-02 19:55:32,2023-04-10 19:55:32,3,326.97,NULL,3.53,8%,172.19,cash,0,Next Day,Yes,Ring bell,False
1443,ORD-403226,421,57,2023-06-25 08:38:42,2023-07-03 08:38:42,-1,478.35,SUMMER,8.59,0.1,350.8,Credit Card,Paid,Express,Yes,Ring bell,
1444,ORD-985280,55,349,2023-03-24 07:31:45,2023-03-27 07:31:45,,383.59,,1.27,5%,669.81,paypal,Paid,Standard,No,,True
1445,ORD-604119,480,109,2023-12-16 13:49:12,2023-12-25 13:49:12,-1,205.6,SAVE10,16.79,0.08,938.27,PayPal,Refunded,Next Day,No,,False
1446,ORD-497404,305,5,2023-11-23 11:37:02,2023-11-21 11:37:02,2,375.4,NULL,2.24,0.1,84.55,PayPal,0,Standard,,,True
1447,ORD-495593,546,473,2023-06-10 09:54:56,2023-06-17 09:54:56,1,475.1,,34.61,5%,521.4,Credit Card,Failed,Store Pickup,No,Leave at door,True
1448,ORD-862405,105,24,2023-08-06 16:28:24,2023-08-11 16:28:24,3,252.19,WELCOME20,40.95,0.08,91.09,CC,Paid,Store Pickup,Yes,Fragile,False
1449,ORD-513176,172,221,2023-01-13 00:18:24,2023-01-12 00:18:24,5,208.2,SUMMER,44.37,0.1,385.34,credit card,1,Standard,No,Leave at door,True
1450,ORD-105137,499,448,2023-03-07 05:03:42,2023-03-10 05:03:42,4,43.62,,27.46,0.1,183.63,CC,1,Express,,Ring bell,True
1451,ORD-409929,22,315,2023-09-22 04:02:37,2023-09-28 04:02:37,0,446.72,NULL,47.33,0.05,652.94,PayPal,0,Store Pickup,No,Fragile,
1452,ORD-366476,287,294,2023-07-09 14:25:42,2023-07-07 14:25:42,4,126.98,NULL,0.28,0.1,760.25,Stripe,Paid,Express,,Leave at door,True
1453,ORD-804970,391,417,2023-07-12 18:13:09,2023-07-15 18:13:09,two,36.66,WELCOME20,6.7,8%,254.87,cash,Paid,Store Pickup,,Ring bell,
1454,ORD-784549,617,10,2023-09-26 02:53:42,2023-10-01 02:53:42,0,270.92,WELCOME20,14.66,0.1,715.76,credit card,Failed,Next Day,,Leave at door,True
1455,ORD-811836,149,165,2023-02-20 13:40:46,2023-02-27 13:40:46,,423.72,,39.45,8%,452.35,cash,0,Store Pickup,Yes,Fragile,False
1456,ORD-158405,272,481,2023-10-18 20:39:46,2023-10-17 20:39:46,five,206.28,SAVE10,44.27,5%,290.74,cash,Paid,Express,,Leave at door,False
1457,ORD-903467,788,215,2023-11-25 10:19:41,2023-11-27 10:19:41,1,392.62,NULL,30.91,5%,528.17,paypal,Failed,Next Day,No,Fragile,False
1458,ORD-175234,299,126,2023-11-21 10:54:26,2023-11-24 10:54:26,5,419.02,SAVE10,19.16,8%,385.85,cash,1,Store Pickup,No,Leave at door,False
1459,ORD-113592,172,267,2023-04-26 10:01:00,2023-04-28 10:01:00,4,229.93,SAVE10,33.29,0.05,237.7,paypal,Failed,Next Day,No,,
1460,ORD-863405,47,280,2023-12-29 13:50:50,2023-12-29 13:50:50,-1,297.52,,9.04,0.05,759.28,credit card,Paid,Next Day,,Leave at door,True
1461,ORD-824102,626,88,2023-04-18 09:52:00,2023-04-19 09:52:00,1,269.29,SUMMER,22.89,5%,799.55,PayPal,Pending,Store Pickup,,Leave at door,True
1462,ORD-108765,787,455,2023-06-25 15:37:39,2023-06-29 15:37:39,-1,469.9,SUMMER,25.38,0.1,802.31,Stripe,0,Standard,Yes,,False
1463,ORD-222747,816,114,2023-05-01 17:47:07,2023-05-02 17:47:07,1,364.13,SUMMER,5.24,5%,388.32,Credit Card,Paid,Standard,,Ring bell,
1464,ORD-738201,992,21,2023-10-10 15:21:53,2023-10-16 15:21:53,1,463.04,WELCOME20,1.69,5%,177.83,cash,Pending,Express,No,Fragile,
1465,ORD-220578,207,148,2023-06-27 22:09:29,2023-07-05 22:09:29,two,113.9,NULL,37.51,8%,842.01,Stripe,1,Express,Yes,,False
1466,ORD-476422,453,245,2023-04-11 05:55:51,2023-04-20 05:55:51,2,158.57,WELCOME20,26.74,0.05,335.97,cash,0,Store Pickup,No,Ring bell,True
1467,ORD-304576,395,266,2023-10-23 03:29:22,2023-10-30 03:29:22,,40.1,NULL,16.61,8%,750.59,cash,Refunded,Next Day,Yes,Fragile,False
1468,ORD-422041,975,217,2023-03-20 07:50:14,2023-03-19 07:50:14,-1,252.45,NULL,21.86,5%,819.28,CC,0,Next Day,,Leave at door,True
1469,ORD-569886,925,431,2023-06-04 02:48:22,2023-06-06 02:48:22,-1,437.59,NULL,47.89,0.08,770.47,Stripe,1,Standard,Yes,Ring bell,False
1470,ORD-152281,754,484,2023-09-20 11:33:15,2023-09-25 11:33:15,-1,166.79,,19.25,0.1,395.91,Stripe,1,Standard,,Leave at door,True
1471,ORD-853201,301,240,2023-06-22 20:02:00,2023-06-24 20:02:00,two,68.5,SUMMER,5.17,5%,938.64,CC,1,Next Day,,Ring bell,
1472,ORD-244239,708,431,2023-12-10 02:33:41,2023-12-17 02:33:41,4,38.88,WELCOME20,23.18,8%,663.56,Credit Card,Failed,Next Day,No,Ring bell,False
1473,ORD-475208,676,399,2023-10-17 17:08:16,2023-10-26 17:08:16,3,226.51,WELCOME20,32.4,0.08,579.99,Credit Card,1,Express,,,True
1474,ORD-424411,176,428,2023-03-23 04:09:43,2023-03-28 04:09:43,-1,86.19,,0.61,0.08,700.93,paypal,Refunded,Next Day,,,True
1475,ORD-355030,855,232,2023-05-16 03:13:36,2023-05-21 03:13:36,4,176.32,NULL,16.62,5%,54.28,cash,Paid,Next Day,,Ring bell,True
1476,ORD-688317,783,232,2023-07-16 11:06:26,2023-07-22 11:06:26,2,410.89,SUMMER,19.68,0.05,396.61,Credit Card,Pending,Store Pickup,No,Leave at door,True
1477,ORD-812747,110,242,2023-03-06 23:27:38,2023-03-13 23:27:38,-1,195.1,SAVE10,23.19,0.08,882.4,credit card,0,Next Day,,,
1478,ORD-564444,684,190,2023-03-04 18:30:44,2023-03-07 18:30:44,,306.89,SAVE10,15.08,0.1,169.47,paypal,0,Standard,No,Ring bell,True
1479,ORD-149071,963,390,2023-03-27 04:43:03,2023-04-05 04:43:03,5,253.57,,33.35,8%,420.26,PayPal,1,Standard,Yes,,
1480,ORD-128098,864,229,2023-02-20 15:04:56,2023-02-21 15:04:56,five,360.67,SUMMER,47.24,8%,411.2,paypal,Pending,Express,No,Leave at door,True
1481,ORD-503809,202,66,2023-02-25 03:42:38,2023-03-06 03:42:38,-1,82.3,SAVE10,45.7,8%,362.48,cash,1,Express,No,,
1482,ORD-591211,168,460,2023-12-04 10:36:38,2023-12-12 10:36:38,3,460.62,SAVE10,33.22,5%,566.73,Stripe,Failed,Store Pickup,,Fragile,
1483,ORD-739580,614,378,2023-10-08 23:31:11,2023-10-08 23:31:11,5,323.6,WELCOME20,25.34,8%,996.24,Stripe,Pending,Express,No,,True
1484,ORD-485005,86,388,2023-08-12 23:30:00,2023-08-21 23:30:00,,139.12,SUMMER,41.29,8%,263.29,paypal,1,Next Day,Yes,Fragile,
1485,ORD-497857,654,279,2023-04-01 01:50:34,2023-04-03 01:50:34,two,66.01,SAVE10,41.8,0.1,707.91,CC,1,Next Day,No,Fragile,False
1486,ORD-570535,959,269,2023-11-19 14:53:06,2023-11-22 14:53:06,five,79.11,WELCOME20,41.48,0.05,760.42,cash,Refunded,Store Pickup,,,True
1487,ORD-249285,849,209,2023-09-09 22:27:40,2023-09-09 22:27:40,two,392.42,SUMMER,7.89,5%,588.65,Credit Card,Refunded,Standard,Yes,,False
1488,ORD-780463,725,415,2023-06-29 16:42:28,2023-06-28 16:42:28,3,296.11,NULL,1.27,5%,106.5,Stripe,Refunded,Next Day,,,
1489,ORD-713002,51,16,2023-08-12 20:58:49,2023-08-16 20:58:49,five,193.48,SUMMER,49.16,8%,576.65,Stripe,Failed,Next Day,,Fragile,
1490,ORD-189293,112,297,2023-11-25 15:26:03,2023-12-03 15:26:03,3,169.79,,47.98,0.1,953.93,credit card,Pending,Store Pickup,No,Leave at door,False
1491,ORD-638840,463,474,2023-02-11 06:50:08,2023-02-13 06:50:08,two,428.6,WELCOME20,28.22,0.08,348.64,cash,Failed,Standard,,,True
1492,ORD-241752,442,220,2023-01-06 04:11:35,2023-01-12 04:11:35,,438.01,NULL,49.65,8%,643.29,Credit Card,Paid,Express,Yes,,False
1493,ORD-273466,271,257,2023-11-26 03:28:06,2023-11-26 03:28:06,five,292.72,WELCOME20,38.53,8%,959.8,cash,1,Next Day,Yes,,
1494,ORD-659934,577,367,2023-03-20 23:41:04,2023-03-25 23:41:04,0,264.65,WELCOME20,25.87,5%,800.01,Stripe,1,Standard,Yes,,True
1495,ORD-179998,344,268,2023-11-17 00:55:24,2023-11-20 00:55:24,4,409.14,SAVE10,19.47,5%,691.42,CC,1,Store Pickup,Yes,,False
1496,ORD-227740,183,229,2023-11-29 17:28:28,2023-11-30 17:28:28,,375.92,SUMMER,29.64,8%,971.44,Stripe,Refunded,Store Pickup,No,Fragile,False
1497,ORD-546750,503,119,2023-08-14 10:44:09,2023-08-23 10:44:09,five,203.16,WELCOME20,25.79,5%,178.88,Credit Card,1,Standard,Yes,Leave at door,True
1498,ORD-822448,844,440,2023-04-19 12:03:07,2023-04-28 12:03:07,3,45.96,WELCOME20,49.69,0.1,775.02,credit card,Refunded,Store Pickup,No,,False
1499,ORD-792277,10,178,2023-09-28 13:52:09,2023-10-04 13:52:09,3,385.41,,24.52,0.08,412.77,Credit Card,Paid,Express,,Fragile,True
1500,ORD-793260,494,20,2023-07-23 20:22:54,2023-07-25 20:22:54,2,88.51,,41.8,0.08,366.83,cash,Failed,Standard,,,True
1501,ORD-252257,234,450,2023-11-05 09:36:59,2023-11-12 09:36:59,,13.11,,40.68,0.08,525.47,cash,Failed,Express,No,Leave at door,False
1502,ORD-630644,298,36,2023-04-28 20:10:45,2023-05-01 20:10:45,3,422.43,WELCOME20,3.57,8%,43.41,CC,Failed,Store Pickup,,Fragile,True
1503,ORD-100908,244,335,2023-08-05 23:58:08,2023-08-11 23:58:08,1,291.24,NULL,4.35,8%,319.4,credit card,Refunded,Express,,Ring bell,True
1504,ORD-929484,509,422,2023-12-09 04:25:08,2023-12-13 04:25:08,4,446.37,SUMMER,32.99,8%,174.55,Credit Card,0,Express,Yes,,
1505,ORD-978894,351,406,2023-06-02 06:53:05,2023-06-11 06:53:05,two,244.87,WELCOME20,12.96,0.1,147.3,CC,0,Express,,,
1506,ORD-838593,267,108,2023-07-26 16:07:25,2023-07-28 16:07:25,5,463.61,SAVE10,32.88,0.08,343.97,CC,Pending,Express,,Ring bell,
1507,ORD-173497,630,189,2023-07-27 09:07:37,2023-07-26 09:07:37,2,180.22,NULL,7.23,5%,804.24,paypal,0,Standard,No,Fragile,False
1508,ORD-600733,656,178,2023-05-20 00:44:32,2023-05-21 00:44:32,3,363.64,NULL,19.85,5%,209.1,Stripe,Pending,Store Pickup,Yes,Fragile,False
1509,ORD-406446,893,96,2023-12-14 08:10:29,2023-12-13 08:10:29,1,153.99,SUMMER,5.12,0.05,536.1,cash,Paid,Store Pickup,,,False
1510,ORD-338677,201,315,2023-07-28 00:07:43,2023-07-28 00:07:43,2,5.58,NULL,14.1,0.05,751.17,credit card,Pending,Next Day,,Fragile,False
1511,ORD-248312,239,20,2023-09-27 21:00:07,2023-10-04 21:00:07,1,192.97,SUMMER,4.41,5%,248.56,credit card,Paid,Express,No,Ring bell,True
1512,ORD-369863,334,164,2023-08-01 13:25:32,2023-08-10 13:25:32,2,370.19,NULL,48.53,0.08,924.96,Stripe,1,Express,,Fragile,True
1513,ORD-166129,915,382,2023-01-26 20:37:48,2023-01-26 20:37:48,3,79.26,SUMMER,19.75,8%,867.83,cash,Failed,Next Day,Yes,,
1514,ORD-327333,415,97,2023-03-16 13:33:19,2023-03-17 13:33:19,1,254.88,,45.06,5%,258.67,cash,0,Next Day,Yes,Fragile,True
1515,ORD-852785,969,143,2023-12-09 08:48:23,2023-12-12 08:48:23,five,110.1,,48.56,5%,989.74,Credit Card,Refunded,Express,Yes,Leave at door,False
1516,ORD-826873,484,62,2023-08-13 07:25:03,2023-08-22 07:25:03,,41.94,NULL,45.48,0.05,672.48,paypal,Paid,Store Pickup,No,Ring bell,True
1517,ORD-362767,437,242,2023-06-18 15:00:26,2023-06-18 15:00:26,5,310.64,NULL,22.75,0.08,293.24,credit card,0,Next Day,Yes,Ring bell,
1518,ORD-356458,999,238,2023-07-14 02:45:51,2023-07-21 02:45:51,two,476.22,SUMMER,38.94,5%,684.23,CC,Refunded,Express,Yes,,False
1519,ORD-437090,246,131,2023-07-08 08:38:29,2023-07-06 08:38:29,5,158.8,SUMMER,7.68,8%,669.59,credit card,Refunded,Store Pickup,Yes,Fragile,True
1520,ORD-329411,858,93,2023-05-22 06:49:30,2023-05-20 06:49:30,two,292.42,WELCOME20,4.74,8%,610.13,paypal,Failed,Standard,Yes,Ring bell,
1521,ORD-999536,8,495,2023-02-27 10:17:06,2023-03-05 10:17:06,0,477.03,,43.85,0.1,714.58,Stripe,1,Next Day,Yes,Fragile,True
1522,ORD-894115,152,91,2023-03-02 04:20:48,2023-03-08 04:20:48,4,326.99,WELCOME20,1.56,8%,275.63,PayPal,1,Next Day,Yes,Leave at door,
1523,ORD-955494,392,133,2023-12-27 23:36:49,2023-12-29 23:36:49,0,338.19,WELCOME20,48.62,5%,979.2,Stripe,Pending,Store Pickup,No,,
1524,ORD-929678,211,123,2023-03-18 19:31:48,2023-03-24 19:31:48,-1,93.57,SAVE10,33.61,5%,859.32,CC,0,Standard,Yes,,
1525,ORD-536915,367,440,2023-04-22 22:43:24,2023-04-30 22:43:24,3,248.84,SUMMER,20.98,8%,748.28,credit card,1,Store Pickup,,,False
1526,ORD-258875,944,415,2023-01-01 13:51:32,2023-01-05 13:51:32,five,186.71,SAVE10,7.07,0.05,36.04,Stripe,Failed,Next Day,No,,True
1527,ORD-880264,670,342,2023-09-27 02:24:25,2023-10-03 02:24:25,,238.12,SAVE10,36.16,0.08,594.48,CC,0,Standard,,Ring bell,True
1528,ORD-901110,570,419,2023-09-10 21:17:33,2023-09-19 21:17:33,five,401.41,WELCOME20,28.16,5%,709.42,cash,Refunded,Express,,Ring bell,False
1529,ORD-182444,86,118,2023-10-03 13:19:12,2023-10-07 13:19:12,5,233.05,SAVE10,35.56,8%,855.56,Credit Card,Paid,Next Day,Yes,Ring bell,False
1530,ORD-420794,55,455,2023-04-12 02:09:03,2023-04-18 02:09:03,two,36.11,SUMMER,20.9,8%,946.7,CC,Paid,Store Pickup,,Leave at door,True
1531,ORD-445760,713,198,2023-03-18 01:25:20,2023-03-17 01:25:20,0,453.24,WELCOME20,3.31,5%,916.69,credit card,1,Store Pickup,,,False
1532,ORD-787778,634,282,2023-07-11 08:09:34,2023-07-19 08:09:34,five,274.68,SUMMER,15.75,0.1,411.98,Credit Card,Pending,Store Pickup,,,False
1533,ORD-975161,446,374,2023-11-27 15:29:28,2023-12-05 15:29:28,0,462.62,NULL,15.75,0.08,897.54,Credit Card,Paid,Store Pickup,Yes,,True
1534,ORD-467943,620,1,2023-02-06 02:08:33,2023-02-11 02:08:33,4,288.32,SAVE10,0.43,5%,10.74,Credit Card,Pending,Store Pickup,Yes,,
1535,ORD-546999,304,211,2023-03-12 03:24:57,2023-03-16 03:24:57,4,39.47,WELCOME20,0.48,8%,357.96,PayPal,Paid,Next Day,Yes,,False
1536,ORD-284392,132,263,2023-11-02 06:02:39,2023-11-05 06:02:39,two,278.67,,16.54,0.1,122.74,PayPal,Pending,Standard,No,Leave at door,True
1537,ORD-348195,421,420,2023-04-17 03:41:07,2023-04-19 03:41:07,-1,289.99,SUMMER,36.38,5%,884.24,Credit Card,Pending,Store Pickup,Yes,Ring bell,True
1538,ORD-821620,904,332,2023-08-08 21:47:50,2023-08-09 21:47:50,five,111.1,SAVE10,31.2,0.08,928.7,Stripe,Refunded,Store Pickup,Yes,Leave at door,True
1539,ORD-374559,385,212,2023-05-27 11:40:39,2023-05-31 11:40:39,,238.16,SUMMER,11.95,0.1,263.45,Stripe,Failed,Express,,Fragile,False
1540,ORD-977998,988,87,2023-08-21 06:50:55,2023-08-21 06:50:55,0,232.42,SUMMER,30.14,8%,373.64,Stripe,Paid,Express,Yes,,
1541,ORD-522563,198,153,2023-01-11 14:11:48,2023-01-16 14:11:48,0,313.32,NULL,32.37,0.05,984.04,credit card,0,Standard,,,
1542,ORD-370700,47,350,2023-06-05 05:26:19,2023-06-04 05:26:19,4,133.51,SUMMER,26.13,0.08,570.4,Credit Card,1,Next Day,Yes,,True
1543,ORD-693780,740,187,2023-09-08 15:08:59,2023-09-06 15:08:59,3,292.97,NULL,26.07,0.1,502.09,Stripe,Failed,Next Day,Yes,Ring bell,False
1544,ORD-282196,757,61,2023-08-10 18:38:08,2023-08-18 18:38:08,two,124.27,NULL,18.49,5%,505.43,Credit Card,Refunded,Standard,Yes,Ring bell,False
1545,ORD-577766,203,285,2023-11-22 14:27:31,2023-11-21 14:27:31,0,225.99,NULL,6.17,5%,699.23,CC,Refunded,Standard,Yes,Ring bell,
1546,ORD-599519,261,95,2023-08-15 19:46:33,2023-08-21 19:46:33,4,65.74,SAVE10,19.27,0.1,955.0,Stripe,Refunded,Standard,Yes,,
1547,ORD-515071,690,274,2023-01-17 09:59:11,2023-01-19 09:59:11,4,23.46,SUMMER,17.27,5%,372.96,CC,1,Store Pickup,Yes,,False
1548,ORD-327051,24,41,2023-02-26 22:06:10,2023-03-06 22:06:10,1,163.69,SUMMER,29.6,0.1,180.93,CC,Paid,Next Day,Yes,,
1549,ORD-508847,687,147,2023-02-13 03:11:53,2023-02-18 03:11:53,0,140.91,NULL,42.81,0.08,193.16,Stripe,Paid,Standard,,Fragile,True
1550,ORD-621383,786,246,2023-04-14 23:21:18,2023-04-14 23:21:18,1,206.43,SUMMER,18.77,5%,30.16,paypal,Pending,Express,No,Fragile,
1551,ORD-683168,340,132,2023-10-28 13:35:07,2023-11-01 13:35:07,,481.18,SUMMER,35.49,0.08,559.86,CC,Pending,Store Pickup,No,,False
1552,ORD-753997,412,449,2023-01-03 02:01:56,2023-01-02 02:01:56,,263.5,NULL,40.59,8%,929.83,Stripe,0,Store Pickup,Yes,Ring bell,True
1553,ORD-320387,973,297,2023-12-06 23:39:21,2023-12-11 23:39:21,4,278.82,,10.59,8%,715.95,cash,Pending,Store Pickup,No,Ring bell,False
1554,ORD-522255,261,123,2023-12-07 17:34:52,2023-12-11 17:34:52,3,471.09,,45.08,8%,993.03,CC,1,Store Pickup,,Fragile,
1555,ORD-168019,286,143,2023-07-23 06:56:57,2023-08-01 06:56:57,3,460.97,NULL,3.52,8%,910.43,credit card,Failed,Standard,,Fragile,
1556,ORD-368658,513,182,2023-09-10 14:37:41,2023-09-12 14:37:41,1,442.64,SAVE10,45.09,5%,496.94,PayPal,Paid,Store Pickup,,,True
1557,ORD-221948,86,192,2023-12-08 05:52:33,2023-12-17 05:52:33,4,53.51,SUMMER,8.18,0.1,491.68,PayPal,Pending,Express,No,,True
1558,ORD-532528,850,456,2023-07-12 07:36:38,2023-07-20 07:36:38,1,318.98,SUMMER,16.86,5%,632.07,PayPal,1,Express,No,Ring bell,True
1559,ORD-867583,430,399,2023-12-15 18:43:56,2023-12-16 18:43:56,two,405.01,,30.26,5%,119.83,cash,1,Standard,No,,True
1560,ORD-218310,581,207,2023-12-23 11:06:10,2023-12-21 11:06:10,1,418.61,NULL,45.28,0.08,611.61,paypal,0,Store Pickup,Yes,Ring bell,
1561,ORD-334688,31,434,2023-10-22 16:30:06,2023-10-24 16:30:06,-1,291.06,SAVE10,12.79,0.1,469.43,Credit Card,Pending,Express,,Ring bell,False
1562,ORD-901128,710,231,2023-11-02 11:49:20,2023-11-11 11:49:20,0,13.66,NULL,38.18,0.05,646.31,CC,0,Next Day,,,
1563,ORD-522686,603,22,2023-07-28 16:20:41,2023-08-03 16:20:41,,486.99,,35.52,0.05,569.56,cash,Refunded,Store Pickup,Yes,,
1564,ORD-684968,440,402,2023-08-09 19:58:26,2023-08-16 19:58:26,2,238.74,,7.99,0.1,317.29,credit card,Refunded,Standard,No,,True
1565,ORD-423850,985,80,2023-06-25 07:04:56,2023-06-26 07:04:56,4,199.83,SUMMER,23.97,0.05,611.68,paypal,Refunded,Next Day,,,True
1566,ORD-165841,349,130,2023-01-09 08:35:53,2023-01-15 08:35:53,3,200.5,WELCOME20,24.08,0.1,372.35,cash,Pending,Store Pickup,No,Leave at door,False
1567,ORD-257705,895,292,2023-11-30 02:02:34,2023-12-09 02:02:34,five,214.95,SAVE10,15.23,0.08,202.67,PayPal,1,Next Day,Yes,,False
1568,ORD-281365,412,276,2023-02-09 21:13:30,2023-02-08 21:13:30,0,124.88,SAVE10,39.0,0.08,678.32,paypal,1,Store Pickup,No,Fragile,
1569,ORD-864474,528,400,2023-07-01 06:14:38,2023-07-02 06:14:38,2,167.03,WELCOME20,46.3,5%,313.28,cash,Paid,Store Pickup,Yes,,False
1570,ORD-309352,310,323,2023-06-18 17:22:29,2023-06-24 17:22:29,-1,492.75,,35.83,0.05,890.13,credit card,Refunded,Express,No,,True
1571,ORD-413971,949,376,2023-03-17 03:35:22,2023-03-18 03:35:22,five,187.24,NULL,48.65,0.1,207.34,Stripe,Pending,Next Day,Yes,Ring bell,True
1572,ORD-240694,396,414,2023-03-26 16:10:45,2023-03-28 16:10:45,3,265.73,SAVE10,2.52,0.08,604.14,paypal,Paid,Next Day,,Ring bell,True
1573,ORD-624873,788,55,2023-08-12 22:03:31,2023-08-20 22:03:31,-1,424.91,WELCOME20,1.86,5%,575.83,PayPal,1,Standard,Yes,Ring bell,
1574,ORD-422219,338,66,2023-02-08 13:49:11,2023-02-13 13:49:11,3,266.08,SUMMER,44.69,0.05,205.76,Credit Card,Paid,Standard,No,,False
1575,ORD-569209,674,227,2023-11-22 22:15:48,2023-11-20 22:15:48,3,165.6,SUMMER,44.89,0.05,445.49,cash,Refunded,Next Day,,Leave at door,True
1576,ORD-903050,437,26,2023-06-15 03:02:30,2023-06-13 03:02:30,4,264.26,,5.36,0.05,678.78,PayPal,Failed,Express,No,Fragile,
1577,ORD-206390,704,441,2023-01-04 14:30:16,2023-01-10 14:30:16,five,61.47,SAVE10,17.87,0.08,325.34,cash,Refunded,Express,No,Ring bell,
1578,ORD-931354,663,253,2023-07-15 18:39:56,2023-07-21 18:39:56,two,69.35,NULL,41.77,0.08,122.69,PayPal,Refunded,Store Pickup,Yes,,
1579,ORD-584217,365,197,2023-08-12 03:07:08,2023-08-13 03:07:08,1,348.58,SAVE10,6.43,0.05,619.09,PayPal,Pending,Standard,Yes,Leave at door,False
1580,ORD-750556,923,130,2023-03-24 12:22:23,2023-03-23 12:22:23,1,459.14,SUMMER,13.37,0.08,231.88,cash,Failed,Standard,No,,False
1581,ORD-889524,113,243,2023-06-07 10:46:21,2023-06-13 10:46:21,0,364.21,SAVE10,34.05,0.05,684.66,paypal,0,Standard,Yes,,False
1582,ORD-261568,785,312,2023-09-19 17:20:31,2023-09-20 17:20:31,3,41.93,SUMMER,49.09,8%,841.07,credit card,Failed,Store Pickup,No,Fragile,
1583,ORD-170853,176,212,2023-02-26 23:49:51,2023-03-01 23:49:51,0,204.43,WELCOME20,39.86,0.08,132.12,PayPal,Failed,Express,Yes,,
1584,ORD-466252,149,190,2023-06-11 16:45:40,2023-06-20 16:45:40,five,6.26,WELCOME20,38.87,0.1,443.23,Stripe,1,Standard,Yes,,False
1585,ORD-620117,178,290,2023-05-29 06:06:53,2023-05-27 06:06:53,3,258.05,SUMMER,17.13,0.08,450.47,paypal,Paid,Store Pickup,No,Ring bell,True
1586,ORD-514471,936,226,2023-06-30 23:46:12,2023-07-09 23:46:12,3,100.64,NULL,33.07,0.05,636.21,credit card,1,Next Day,,Leave at door,False
1587,ORD-564446,382,246,2023-01-10 13:06:05,2023-01-16 13:06:05,2,434.73,NULL,5.65,0.1,341.06,Credit Card,0,Express,Yes,Fragile,
1588,ORD-884058,223,56,2023-07-24 16:27:47,2023-07-26 16:27:47,,56.65,SAVE10,49.61,5%,424.38,PayPal,Failed,Next Day,No,Leave at door,
1589,ORD-733535,259,55,2023-04-24 05:19:17,2023-04-24 05:19:17,1,5.71,SUMMER,24.03,0.1,21.87,CC,Pending,Standard,,Fragile,
1590,ORD-431758,785,276,2023-07-29 19:27:13,2023-07-30 19:27:13,five,228.32,,31.94,0.1,131.2,paypal,0,Store Pickup,Yes,,
1591,ORD-568805,189,306,2023-09-22 04:02:42,2023-09-20 04:02:42,-1,81.94,NULL,43.81,0.08,574.16,Stripe,Refunded,Express,Yes,,
1592,ORD-426872,306,409,2023-12-17 08:54:40,2023-12-23 08:54:40,-1,370.3,NULL,0.05,0.1,223.74,Credit Card,Refunded,Standard,No,Fragile,
1593,ORD-484337,378,340,2023-09-29 18:12:01,2023-10-04 18:12:01,two,460.37,WELCOME20,48.8,0.1,153.13,Credit Card,1,Express,Yes,Leave at door,False
1594,ORD-831469,602,153,2023-07-25 15:26:47,2023-07-26 15:26:47,5,25.76,NULL,17.96,0.05,331.17,Credit Card,0,Store Pickup,No,,
1595,ORD-965093,343,53,2023-02-19 04:22:47,2023-02-18 04:22:47,five,200.81,NULL,16.98,0.08,171.9,paypal,1,Store Pickup,No,,
1596,ORD-853331,774,398,2023-07-11 10:43:13,2023-07-17 10:43:13,5,498.42,NULL,7.25,0.05,69.03,credit card,Pending,Standard,Yes,Ring bell,
1597,ORD-851566,156,444,2023-10-01 06:58:20,2023-10-02 06:58:20,2,367.67,SUMMER,42.91,0.08,291.02,CC,Refunded,Express,,Ring bell,
1598,ORD-510085,712,111,2023-01-07 19:04:29,2023-01-13 19:04:29,-1,476.83,SUMMER,43.54,5%,172.71,Stripe,1,Store Pickup,Yes,Leave at door,
1599,ORD-929503,55,492,2023-08-28 20:44:37,2023-09-04 20:44:37,five,86.22,WELCOME20,1.0,0.1,801.4,credit card,Paid,Express,,,True
1600,ORD-149496,766,427,2023-08-19 17:06:22,2023-08-19 17:06:22,3,114.58,SAVE10,2.79,0.08,72.03,PayPal,1,Express,Yes,Leave at door,False
1601,ORD-906113,442,491,2023-09-23 22:16:36,2023-09-27 22:16:36,,81.63,NULL,45.92,0.1,749.97,CC,1,Next Day,,Fragile,False
1602,ORD-253901,685,446,2023-01-27 19:05:38,2023-01-31 19:05:38,4,154.67,SAVE10,6.14,0.1,388.97,credit card,Failed,Standard,Yes,,True
1603,ORD-445501,200,487,2023-09-16 09:49:24,2023-09-23 09:49:24,,363.57,SUMMER,31.05,8%,678.57,PayPal,Paid,Standard,,Ring bell,True
1604,ORD-140462,403,204,2023-07-06 02:25:40,2023-07-07 02:25:40,two,86.65,NULL,30.98,0.05,62.16,cash,Paid,Express,,Leave at door,
1605,ORD-826507,614,112,2023-09-03 06:59:48,2023-09-02 06:59:48,-1,264.5,SAVE10,43.49,0.08,921.5,CC,Pending,Next Day,Yes,Leave at door,False
1606,ORD-206123,797,325,2023-03-18 05:30:42,2023-03-26 05:30:42,0,138.26,SAVE10,28.63,5%,769.7,paypal,Failed,Express,Yes,Fragile,False
1607,ORD-452997,663,447,2023-12-12 18:47:26,2023-12-18 18:47:26,0,415.45,,21.7,8%,148.74,Stripe,Paid,Standard,No,,True
1608,ORD-634349,623,258,2023-01-07 08:41:06,2023-01-08 08:41:06,4,8.26,SUMMER,48.72,0.05,226.6,cash,Failed,Standard,,,False
1609,ORD-743177,928,438,2023-02-16 02:23:47,2023-02-21 02:23:47,-1,115.44,WELCOME20,11.44,5%,647.56,Stripe,Failed,Express,Yes,,False
1610,ORD-507713,778,16,2023-03-30 20:11:02,2023-03-29 20:11:02,five,304.59,WELCOME20,13.14,5%,922.35,PayPal,Refunded,Express,No,Ring bell,
1611,ORD-210763,603,439,2023-11-01 18:36:11,2023-11-06 18:36:11,3,52.87,,4.24,0.1,451.37,credit card,Paid,Express,Yes,,
1612,ORD-549190,177,350,2023-04-07 14:38:51,2023-04-15 14:38:51,two,235.82,SAVE10,48.77,0.05,490.78,CC,Refunded,Standard,,,
1613,ORD-699862,449,495,2023-09-17 01:18:21,2023-09-24 01:18:21,0,220.92,,35.32,8%,245.42,PayPal,1,Express,Yes,,False
1614,ORD-731620,743,427,2023-05-23 01:17:05,2023-05-25 01:17:05,4,427.0,,0.6,0.08,389.18,PayPal,1,Express,Yes,Leave at door,False
1615,ORD-776987,541,445,2023-02-25 08:36:09,2023-03-01 08:36:09,,314.57,SUMMER,35.22,0.08,293.16,paypal,Refunded,Store Pickup,No,,
1616,ORD-142679,955,166,2023-10-04 01:54:59,2023-10-08 01:54:59,3,321.65,NULL,20.21,8%,357.07,PayPal,1,Standard,Yes,Fragile,
1617,ORD-320851,301,301,2023-09-07 10:14:59,2023-09-16 10:14:59,0,476.14,SAVE10,48.38,0.1,30.39,CC,Refunded,Express,No,,False
1618,ORD-637794,707,382,2023-11-24 13:26:56,2023-11-30 13:26:56,,491.27,WELCOME20,13.87,0.1,50.65,Credit Card,Pending,Next Day,,,False
1619,ORD-955277,307,435,2023-07-13 22:20:47,2023-07-13 22:20:47,five,328.43,WELCOME20,35.51,5%,683.88,CC,Failed,Standard,,Ring bell,True
1620,ORD-718571,751,426,2023-01-24 20:03:37,2023-01-31 20:03:37,,263.39,,31.37,0.05,684.98,CC,Pending,Express,Yes,Leave at door,
1621,ORD-245573,869,280,2023-04-01 05:59:11,2023-04-02 05:59:11,3,305.92,,0.6,5%,336.93,paypal,Paid,Express,No,Fragile,
1622,ORD-445437,991,371,2023-04-01 05:01:27,2023-04-08 05:01:27,,194.31,,44.26,0.08,886.61,paypal,Pending,Store Pickup,,,
1623,ORD-265022,896,158,2023-02-18 11:27:12,2023-02-19 11:27:12,five,493.79,SAVE10,6.98,8%,273.45,Stripe,Pending,Store Pickup,Yes,Leave at door,False
1624,ORD-972744,267,421,2023-08-11 01:19:35,2023-08-18 01:19:35,two,353.99,,33.18,0.05,401.83,cash,1,Standard,Yes,Fragile,False
1625,ORD-361229,214,249,2023-09-07 20:33:10,2023-09-09 20:33:10,3,149.05,,38.78,8%,734.06,Stripe,0,Store Pickup,Yes,Leave at door,True
1626,ORD-244174,594,379,2023-08-04 09:26:16,2023-08-07 09:26:16,two,33.59,NULL,31.55,0.05,746.13,PayPal,0,Store Pickup,Yes,,True
1627,ORD-921903,640,181,2023-08-11 10:46:23,2023-08-11 10:46:23,4,27.14,SAVE10,4.86,0.08,862.55,Stripe,Refunded,Standard,Yes,,
1628,ORD-126256,483,191,2023-12-17 11:58:44,2023-12-18 11:58:44,-1,106.43,SUMMER,48.76,0.08,38.77,paypal,Paid,Next Day,No,,True
1629,ORD-252961,262,487,2023-10-01 10:18:37,2023-10-01 10:18:37,,120.29,SUMMER,11.84,0.05,191.92,PayPal,0,Express,Yes,Ring bell,False
1630,ORD-197374,67,139,2023-07-07 10:14:54,2023-07-06 10:14:54,2,210.45,NULL,31.39,0.1,644.17,Credit Card,1,Express,Yes,,True
1631,ORD-249557,574,78,2023-12-28 10:17:30,2024-01-04 10:17:30,two,111.35,WELCOME20,39.86,0.05,344.82,credit card,Paid,Store Pickup,Yes,Leave at door,True
1632,ORD-177972,133,407,2023-01-30 09:17:45,2023-02-08 09:17:45,five,317.3,SUMMER,46.96,0.08,53.13,paypal,Failed,Express,Yes,,False
1633,ORD-156235,649,373,2023-06-02 12:24:43,2023-06-08 12:24:43,0,109.57,SAVE10,30.2,8%,590.6,cash,Refunded,Store Pickup,Yes,,
1634,ORD-705256,540,336,2023-11-13 05:35:43,2023-11-11 05:35:43,two,98.0,WELCOME20,12.95,5%,399.14,paypal,1,Standard,Yes,,
1635,ORD-271968,512,50,2023-06-23 11:40:14,2023-06-22 11:40:14,0,238.26,,41.83,8%,370.45,Credit Card,Pending,Standard,Yes,,True
1636,ORD-806859,211,85,2023-08-06 15:08:27,2023-08-11 15:08:27,,444.89,SAVE10,8.16,0.08,271.72,cash,Failed,Standard,,,False
1637,ORD-687986,988,183,2023-11-02 01:09:18,2023-11-06 01:09:18,4,236.81,WELCOME20,1.11,8%,15.94,paypal,Pending,Express,,Fragile,False
1638,ORD-241196,987,183,2023-05-25 13:14:49,2023-06-03 13:14:49,1,209.86,SUMMER,45.41,0.1,190.54,Stripe,0,Store Pickup,Yes,,True
1639,ORD-943498,717,4,2023-02-13 04:33:42,2023-02-11 04:33:42,3,291.16,,28.77,0.1,479.49,Stripe,Paid,Store Pickup,No,,
1640,ORD-646043,253,481,2023-06-11 00:35:23,2023-06-13 00:35:23,0,132.32,,3.48,0.05,282.98,Stripe,Failed,Express,Yes,,
1641,ORD-440571,38,438,2023-10-12 06:56:19,2023-10-19 06:56:19,0,179.95,SAVE10,28.99,8%,875.64,Credit Card,1,Standard,No,,
1642,ORD-625262,43,317,2023-06-27 03:41:24,2023-06-30 03:41:24,3,110.85,,7.25,8%,151.57,PayPal,Pending,Next Day,No,,False
1643,ORD-353138,629,111,2023-04-16 09:04:47,2023-04-18 09:04:47,1,288.05,WELCOME20,1.57,0.08,876.59,paypal,0,Store Pickup,No,Ring bell,False
1644,ORD-126284,405,334,2023-06-07 08:38:00,2023-06-08 08:38:00,,350.21,NULL,5.83,0.05,410.78,paypal,Pending,Store Pickup,No,,False
1645,ORD-494439,987,339,2023-02-05 17:41:26,2023-02-03 17:41:26,five,338.48,SUMMER,38.76,0.05,283.08,Stripe,Paid,Express,No,,
1646,ORD-121133,702,251,2023-01-12 01:03:47,2023-01-16 01:03:47,-1,131.13,SAVE10,37.78,8%,311.25,PayPal,Paid,Next Day,,Ring bell,True
1647,ORD-927313,46,133,2023-11-21 23:48:05,2023-11-27 23:48:05,0,390.93,NULL,30.22,5%,336.77,paypal,0,Standard,Yes,,False
1648,ORD-389154,454,100,2023-05-29 12:32:57,2023-06-01 12:32:57,1,131.7,NULL,10.47,8%,511.5,CC,Refunded,Store Pickup,,Ring bell,False
1649,ORD-656596,678,479,2023-11-15 03:26:05,2023-11-15 03:26:05,1,79.4,SAVE10,36.95,8%,360.34,Credit Card,0,Express,,,True
1650,ORD-871025,305,493,2023-05-08 14:14:34,2023-05-15 14:14:34,4,178.16,WELCOME20,20.4,8%,650.73,credit card,Refunded,Next Day,Yes,Fragile,
1651,ORD-671732,715,402,2023-12-22 05:21:10,2023-12-23 05:21:10,0,300.88,SUMMER,25.54,0.1,430.93,CC,0,Express,,,False
1652,ORD-917370,233,172,2023-02-17 03:14:36,2023-02-24 03:14:36,two,75.29,SAVE10,44.88,0.05,674.93,cash,0,Next Day,Yes,Fragile,
1653,ORD-979946,245,287,2023-05-30 01:22:17,2023-06-01 01:22:17,,325.8,NULL,22.89,0.1,608.38,credit card,Paid,Express,Yes,,False
1654,ORD-487595,721,119,2023-05-24 15:12:28,2023-06-02 15:12:28,five,432.22,NULL,31.32,5%,252.01,CC,Refunded,Next Day,Yes,Leave at door,False
1655,ORD-794817,760,350,2023-09-08 01:26:32,2023-09-17 01:26:32,1,150.1,SAVE10,48.09,0.08,814.65,CC,0,Store Pickup,Yes,Leave at door,True
1656,ORD-342069,295,405,2023-02-09 08:01:39,2023-02-07 08:01:39,4,227.85,NULL,22.57,5%,800.99,cash,Pending,Next Day,No,,True
1657,ORD-558407,839,175,2023-01-01 16:07:11,2023-01-03 16:07:11,4,118.01,SAVE10,28.04,0.05,989.09,cash,Paid,Standard,No,Fragile,True
1658,ORD-678761,383,30,2023-12-29 16:05:29,2023-12-27 16:05:29,3,183.82,SAVE10,29.22,0.08,183.3,CC,Failed,Store Pickup,,Fragile,True
1659,ORD-302837,158,55,2023-04-06 14:14:42,2023-04-12 14:14:42,0,15.88,SUMMER,12.04,5%,849.36,Credit Card,Paid,Standard,Yes,Ring bell,
1660,ORD-976810,405,361,2023-04-30 06:59:03,2023-05-04 06:59:03,1,477.12,SAVE10,36.85,0.05,873.26,credit card,0,Store Pickup,Yes,Ring bell,
1661,ORD-133082,1,196,2023-01-29 08:59:10,2023-01-29 08:59:10,five,210.87,NULL,36.33,5%,645.74,PayPal,1,Next Day,Yes,,
1662,ORD-707522,217,453,2023-01-25 02:12:32,2023-01-31 02:12:32,two,395.49,,10.68,0.08,511.32,PayPal,1,Store Pickup,Yes,Ring bell,True
1663,ORD-292482,928,41,2023-12-26 16:14:36,2023-12-25 16:14:36,2,75.61,SUMMER,0.67,0.08,957.69,Stripe,Paid,Express,No,Ring bell,False
1664,ORD-373313,507,173,2023-05-30 14:21:20,2023-06-08 14:21:20,2,407.12,NULL,49.95,5%,972.97,paypal,Failed,Next Day,No,Fragile,
1665,ORD-835661,761,330,2023-12-15 14:55:19,2023-12-19 14:55:19,two,430.77,NULL,29.08,0.1,645.28,Credit Card,Paid,Express,No,Leave at door,True
1666,ORD-363538,904,219,2023-12-28 09:38:16,2024-01-03 09:38:16,1,359.16,SUMMER,9.05,5%,365.96,Stripe,Failed,Express,,Fragile,True
1667,ORD-818624,581,208,2023-03-26 14:49:42,2023-03-29 14:49:42,0,452.09,SUMMER,14.18,5%,818.99,Stripe,0,Express,Yes,Ring bell,True
1668,ORD-751029,30,158,2023-11-13 13:24:31,2023-11-20 13:24:31,five,87.76,NULL,30.89,5%,98.36,Credit Card,Pending,Express,No,,
1669,ORD-284935,627,333,2023-07-27 19:44:18,2023-07-29 19:44:18,3,240.86,,6.88,0.1,297.69,Credit Card,Pending,Standard,No,Leave at door,False
1670,ORD-114404,520,228,2023-03-04 06:57:42,2023-03-13 06:57:42,0,311.95,WELCOME20,1.86,8%,985.7,CC,Failed,Next Day,Yes,Ring bell,
1671,ORD-232544,881,85,2023-10-10 04:48:05,2023-10-14 04:48:05,-1,300.12,NULL,39.92,0.08,816.19,Credit Card,Refunded,Express,No,Ring bell,True
1672,ORD-144743,275,173,2023-04-03 08:33:53,2023-04-06 08:33:53,0,431.22,SUMMER,35.79,0.05,940.19,PayPal,Pending,Standard,Yes,,True
1673,ORD-532369,492,245,2023-06-26 07:26:02,2023-06-28 07:26:02,0,111.77,SAVE10,15.48,0.08,598.85,Credit Card,1,Store Pickup,Yes,,True
1674,ORD-532910,827,360,2023-05-08 15:55:40,2023-05-07 15:55:40,,91.94,SAVE10,2.92,0.08,413.6,cash,Paid,Express,No,Ring bell,
1675,ORD-593114,951,173,2023-07-07 14:57:15,2023-07-12 14:57:15,1,130.42,SUMMER,24.31,8%,979.89,CC,0,Express,,Ring bell,False
1676,ORD-102911,926,335,2023-08-30 18:32:28,2023-09-03 18:32:28,3,446.32,SUMMER,13.81,0.08,316.33,credit card,Refunded,Standard,Yes,Fragile,
1677,ORD-550874,847,212,2023-04-26 23:12:57,2023-04-29 23:12:57,,470.81,WELCOME20,19.89,0.08,759.84,Stripe,1,Store Pickup,,,True
1678,ORD-630854,36,84,2023-01-21 01:47:21,2023-01-23 01:47:21,1,286.97,SUMMER,13.7,0.1,562.62,Credit Card,Paid,Store Pickup,No,,True
1679,ORD-125115,311,173,2023-07-28 16:21:32,2023-07-30 16:21:32,5,253.18,SAVE10,8.76,0.1,236.22,cash,1,Standard,Yes,,True
1680,ORD-222908,44,183,2023-12-10 04:20:27,2023-12-16 04:20:27,3,304.67,,19.35,0.1,27.31,cash,Refunded,Express,Yes,Fragile,
1681,ORD-517680,155,443,2023-05-09 06:19:42,2023-05-07 06:19:42,1,310.07,SUMMER,48.24,0.1,389.93,Stripe,Failed,Next Day,No,Leave at door,
1682,ORD-373760,77,133,2023-04-02 20:45:08,2023-04-08 20:45:08,2,89.3,WELCOME20,13.31,0.1,552.21,credit card,Paid,Standard,,Leave at door,
1683,ORD-107384,590,380,2023-02-04 06:27:21,2023-02-07 06:27:21,,344.77,,16.8,0.05,191.36,paypal,1,Next Day,No,Leave at door,True
1684,ORD-466810,613,288,2023-12-28 06:17:55,2023-12-29 06:17:55,5,228.91,WELCOME20,16.46,8%,420.41,CC,0,Express,No,,
1685,ORD-308437,438,262,2023-10-11 19:44:49,2023-10-18 19:44:49,3,261.1,,24.01,5%,619.04,Stripe,0,Express,No,,False
1686,ORD-824414,432,350,2023-06-13 08:58:11,2023-06-17 08:58:11,-1,20.01,SUMMER,42.18,0.1,717.77,Credit Card,1,Store Pickup,,,False
1687,ORD-461898,542,282,2023-01-31 00:14:19,2023-02-06 00:14:19,five,383.46,SAVE10,20.11,8%,62.22,paypal,Refunded,Express,Yes,Fragile,False
1688,ORD-687991,39,293,2023-04-03 12:06:28,2023-04-05 12:06:28,-1,418.54,,40.31,5%,667.54,paypal,Refunded,Store Pickup,Yes,Leave at door,
1689,ORD-656896,239,269,2023-09-18 22:20:20,2023-09-20 22:20:20,2,311.61,NULL,5.75,0.08,66.1,credit card,0,Store Pickup,No,Leave at door,True
1690,ORD-723692,13,349,2023-10-11 06:09:00,2023-10-16 06:09:00,2,375.62,WELCOME20,44.75,0.08,37.9,Stripe,0,Express,No,Ring bell,True
1691,ORD-270091,122,197,2023-01-23 04:58:35,2023-01-27 04:58:35,two,263.74,,9.27,8%,160.89,Stripe,Refunded,Store Pickup,,Fragile,True
1692,ORD-322461,144,25,2023-10-01 12:26:51,2023-10-06 12:26:51,two,311.08,WELCOME20,1.96,0.05,657.11,PayPal,Failed,Express,No,Fragile,True
1693,ORD-907029,684,141,2023-04-13 18:42:01,2023-04-21 18:42:01,-1,200.31,SAVE10,7.92,0.05,62.29,PayPal,Pending,Store Pickup,,,True
1694,ORD-572459,455,472,2023-01-26 04:58:10,2023-02-04 04:58:10,,396.98,WELCOME20,9.54,8%,30.69,PayPal,1,Store Pickup,,,
1695,ORD-125214,368,223,2023-05-30 12:30:52,2023-06-06 12:30:52,0,236.79,WELCOME20,25.43,0.05,126.78,Stripe,Failed,Express,,Fragile,False
1696,ORD-720231,759,20,2023-07-08 19:23:19,2023-07-07 19:23:19,1,341.71,NULL,22.5,0.05,950.22,Stripe,1,Next Day,No,,
1697,ORD-539961,247,247,2023-05-28 03:32:05,2023-06-03 03:32:05,five,312.61,WELCOME20,35.79,0.08,908.2,PayPal,0,Standard,Yes,Fragile,True
1698,ORD-660395,923,328,2023-09-01 13:52:01,2023-09-01 13:52:01,5,352.65,,2.55,0.05,95.6,CC,Failed,Express,,,
1699,ORD-738271,45,444,2023-08-19 22:26:57,2023-08-22 22:26:57,five,393.68,WELCOME20,24.89,0.05,310.97,cash,0,Store Pickup,Yes,,
1700,ORD-502331,765,201,2023-01-21 03:29:44,2023-01-24 03:29:44,2,258.79,SUMMER,16.62,8%,947.82,cash,0,Standard,,Fragile,
1701,ORD-329388,375,405,2023-08-20 10:00:12,2023-08-19 10:00:12,two,407.47,WELCOME20,31.54,0.05,106.71,cash,0,Next Day,No,,True
1702,ORD-974113,291,115,2023-12-16 05:23:50,2023-12-25 05:23:50,0,251.14,SUMMER,2.18,0.1,103.65,Credit Card,Paid,Express,,Ring bell,True
1703,ORD-360067,207,383,2023-05-22 20:07:05,2023-05-26 20:07:05,4,478.53,WELCOME20,1.75,0.1,95.14,Credit Card,Pending,Store Pickup,,Ring bell,True
1704,ORD-327913,924,189,2023-03-02 18:40:08,2023-03-08 18:40:08,3,377.57,WELCOME20,21.36,8%,976.71,CC,0,Store Pickup,Yes,Fragile,
1705,ORD-217038,995,468,2023-10-20 20:40:29,2023-10-29 20:40:29,4,89.72,,40.57,0.1,745.68,credit card,1,Express,No,Leave at door,
1706,ORD-215558,519,463,2023-10-03 23:27:59,2023-10-10 23:27:59,4,415.64,SUMMER,33.55,0.08,222.34,cash,Refunded,Store Pickup,,Fragile,False
1707,ORD-748839,958,26,2023-10-20 16:09:57,2023-10-28 16:09:57,,278.04,SUMMER,0.84,8%,55.49,cash,Pending,Standard,No,,False
1708,ORD-656700,242,54,2023-07-14 17:17:34,2023-07-12 17:17:34,,492.31,NULL,8.92,0.05,965.59,Credit Card,1,Store Pickup,Yes,,True
1709,ORD-554376,622,170,2023-03-05 00:22:35,2023-03-10 00:22:35,two,360.82,WELCOME20,11.34,0.1,431.23,Stripe,Paid,Standard,No,Ring bell,False
1710,ORD-529712,114,395,2023-01-14 10:54:56,2023-01-13 10:54:56,4,46.77,WELCOME20,21.15,0.08,602.39,paypal,0,Standard,No,,True
1711,ORD-938102,819,421,2023-10-17 12:20:59,2023-10-15 12:20:59,5,200.51,,29.34,8%,286.4,Stripe,1,Express,Yes,Ring bell,True
1712,ORD-808750,302,489,2023-11-17 07:00:37,2023-11-22 07:00:37,2,261.05,NULL,10.82,8%,760.78,Credit Card,1,Store Pickup,,,
1713,ORD-933534,276,381,2023-12-02 17:40:53,2023-12-01 17:40:53,4,420.31,NULL,19.13,0.05,204.83,CC,1,Standard,,Fragile,False
1714,ORD-482025,96,11,2023-02-18 01:12:18,2023-02-21 01:12:18,0,366.03,,29.2,5%,789.04,credit card,Pending,Store Pickup,No,Leave at door,True
1715,ORD-876482,294,27,2023-04-01 00:00:18,2023-04-04 00:00:18,3,187.83,SUMMER,19.17,0.1,238.3,Credit Card,0,Standard,,,True
1716,ORD-123141,701,350,2023-01-25 08:43:59,2023-01-27 08:43:59,1,328.45,SAVE10,7.16,0.08,106.93,CC,1,Next Day,Yes,Fragile,False
1717,ORD-180368,360,83,2023-08-07 01:53:34,2023-08-12 01:53:34,two,290.57,,24.58,8%,484.03,paypal,Refunded,Express,No,Ring bell,False
1718,ORD-500000,288,290,2023-08-16 04:07:14,2023-08-16 04:07:14,two,67.4,SUMMER,16.2,0.1,815.08,PayPal,0,Express,No,Fragile,False
1719,ORD-629533,154,38,2023-02-06 02:36:50,2023-02-13 02:36:50,-1,121.26,NULL,43.21,0.08,391.02,paypal,Failed,Express,,Leave at door,False
1720,ORD-518399,570,445,2023-12-19 05:47:02,2023-12-20 05:47:02,0,173.86,,38.78,0.08,38.58,paypal,Refunded,Standard,,,False
1721,ORD-714560,423,87,2023-01-10 12:18:49,2023-01-14 12:18:49,,101.76,SAVE10,9.51,8%,557.78,cash,Paid,Next Day,,Leave at door,False
1722,ORD-602667,916,437,2023-03-18 22:26:02,2023-03-22 22:26:02,2,79.32,WELCOME20,7.63,0.1,683.67,credit card,Pending,Standard,No,Ring bell,False
1723,ORD-627158,850,321,2023-09-09 00:24:49,2023-09-18 00:24:49,5,33.81,,17.38,0.08,743.29,Credit Card,Failed,Express,,Leave at door,True
1724,ORD-600473,50,387,2023-12-22 02:59:37,2023-12-27 02:59:37,0,437.19,SAVE10,20.61,8%,407.91,PayPal,Pending,Standard,No,,
1725,ORD-520520,207,451,2023-10-12 23:55:56,2023-10-11 23:55:56,five,148.03,SAVE10,46.6,0.1,106.05,CC,Pending,Express,,Leave at door,True
1726,ORD-126282,564,156,2023-02-13 15:50:17,2023-02-21 15:50:17,1,148.71,,15.08,0.1,588.48,PayPal,1,Store Pickup,No,Fragile,True
1727,ORD-540871,854,398,2023-06-25 22:20:01,2023-07-04 22:20:01,3,107.08,SUMMER,43.38,8%,336.25,Credit Card,Refunded,Standard,No,,
1728,ORD-707690,883,308,2023-01-24 11:17:22,2023-01-23 11:17:22,-1,240.32,,25.27,0.1,947.42,credit card,Failed,Store Pickup,No,,
1729,ORD-421790,662,286,2023-09-12 12:11:37,2023-09-13 12:11:37,0,259.55,NULL,44.28,5%,507.68,Credit Card,1,Standard,,,
1730,ORD-317454,565,186,2023-01-09 12:00:59,2023-01-16 12:00:59,-1,108.1,SAVE10,35.1,0.08,477.54,CC,Failed,Express,,,False
1731,ORD-566809,213,182,2023-03-31 08:05:42,2023-04-06 08:05:42,1,306.24,SAVE10,35.42,0.08,316.12,PayPal,0,Store Pickup,Yes,Ring bell,False
1732,ORD-303885,66,453,2023-11-15 21:47:46,2023-11-22 21:47:46,4,362.88,WELCOME20,25.94,0.1,345.4,paypal,0,Standard,No,Ring bell,False
1733,ORD-742605,232,369,2023-01-27 16:44:08,2023-02-05 16:44:08,-1,190.05,SAVE10,42.02,8%,517.63,Credit Card,Refunded,Express,,Fragile,True
1734,ORD-596664,885,143,2023-08-15 11:17:46,2023-08-21 11:17:46,two,294.8,WELCOME20,12.72,0.05,313.6,Stripe,1,Standard,Yes,,
1735,ORD-219483,811,422,2023-11-05 08:31:39,2023-11-06 08:31:39,,253.64,SAVE10,45.37,0.1,893.38,credit card,Failed,Store Pickup,Yes,Leave at door,
1736,ORD-137047,850,206,2023-08-14 11:25:50,2023-08-20 11:25:50,4,101.8,SAVE10,31.84,0.05,444.63,credit card,0,Standard,,Fragile,True
1737,ORD-931129,663,142,2023-05-19 22:55:22,2023-05-19 22:55:22,0,366.36,,21.94,0.1,299.1,PayPal,1,Standard,No,Ring bell,False
1738,ORD-749605,717,185,2023-07-10 14:39:47,2023-07-19 14:39:47,3,401.72,,49.11,0.05,163.84,paypal,Pending,Store Pickup,Yes,Fragile,
1739,ORD-686206,320,443,2023-10-22 20:15:34,2023-10-24 20:15:34,two,326.15,NULL,43.1,0.1,675.63,CC,0,Express,Yes,,True
1740,ORD-318178,767,241,2023-09-04 17:58:48,2023-09-11 17:58:48,1,165.33,SUMMER,38.6,8%,35.53,paypal,Paid,Standard,No,Fragile,False
1741,ORD-242777,137,8,2023-02-15 04:24:29,2023-02-21 04:24:29,4,463.76,NULL,13.7,0.05,455.5,PayPal,Failed,Standard,,,True
1742,ORD-929553,881,72,2023-09-14 08:19:35,2023-09-17 08:19:35,two,230.4,SAVE10,48.69,5%,554.62,paypal,0,Next Day,No,Leave at door,False
1743,ORD-983651,647,403,2023-05-27 14:01:43,2023-05-27 14:01:43,,136.61,NULL,37.15,8%,346.39,PayPal,Refunded,Next Day,No,Ring bell,True
1744,ORD-614170,937,288,2023-08-11 13:26:32,2023-08-18 13:26:32,4,207.08,,30.26,0.1,752.32,paypal,Failed,Express,,Ring bell,False
1745,ORD-814851,566,95,2023-07-05 09:39:57,2023-07-11 09:39:57,2,347.58,SAVE10,46.09,0.05,678.9,Credit Card,Paid,Store Pickup,Yes,,True
1746,ORD-685591,65,157,2023-02-07 00:17:40,2023-02-10 00:17:40,2,423.74,SAVE10,8.11,0.08,971.68,credit card,Failed,Express,No,,True
1747,ORD-453750,514,41,2023-05-05 07:33:49,2023-05-06 07:33:49,4,181.5,NULL,6.95,8%,513.68,PayPal,Failed,Express,Yes,,True
1748,ORD-453817,132,331,2023-09-06 08:20:34,2023-09-07 08:20:34,4,120.15,WELCOME20,28.19,0.05,542.43,PayPal,0,Express,Yes,Ring bell,True
1749,ORD-700304,334,301,2023-02-02 04:23:16,2023-02-07 04:23:16,2,315.11,SUMMER,2.84,8%,253.38,credit card,Failed,Standard,Yes,,
1750,ORD-616279,32,269,2023-02-16 18:13:35,2023-02-20 18:13:35,0,461.0,NULL,33.2,0.05,391.63,Stripe,Refunded,Standard,,Leave at door,
1751,ORD-158795,868,155,2023-02-26 09:00:07,2023-02-24 09:00:07,-1,95.73,NULL,12.04,0.08,36.59,Stripe,Paid,Express,Yes,,
1752,ORD-640749,898,275,2023-08-20 15:36:11,2023-08-23 15:36:11,3,402.49,SUMMER,5.95,5%,692.38,CC,0,Express,No,Ring bell,
1753,ORD-226256,872,154,2023-07-15 14:26:28,2023-07-20 14:26:28,two,240.92,SAVE10,20.47,0.08,318.51,PayPal,Paid,Next Day,No,,True
1754,ORD-283434,498,53,2023-08-30 08:57:07,2023-08-30 08:57:07,two,400.76,SAVE10,23.3,0.1,544.96,Credit Card,Refunded,Store Pickup,No,,
1755,ORD-742398,243,179,2023-09-15 12:25:11,2023-09-21 12:25:11,1,255.24,WELCOME20,8.52,8%,262.44,paypal,Failed,Express,,,
1756,ORD-625063,192,421,2023-07-01 04:58:14,2023-07-08 04:58:14,3,191.78,NULL,2.08,5%,624.83,Credit Card,Failed,Next Day,No,Leave at door,True
1757,ORD-276973,142,240,2023-03-22 12:30:38,2023-03-21 12:30:38,5,349.89,SUMMER,20.7,8%,453.11,PayPal,0,Express,,Leave at door,
1758,ORD-498797,660,137,2023-04-19 09:41:17,2023-04-22 09:41:17,2,450.81,NULL,37.98,0.05,487.04,CC,Paid,Store Pickup,Yes,Fragile,
1759,ORD-935282,601,255,2023-09-18 19:16:13,2023-09-27 19:16:13,5,163.52,,43.71,0.1,943.18,PayPal,Failed,Express,Yes,,False
1760,ORD-551316,561,476,2023-04-23 05:23:17,2023-04-21 05:23:17,,233.07,NULL,4.88,0.1,709.1,CC,Pending,Store Pickup,,Fragile,
1761,ORD-616685,648,224,2023-12-04 12:34:12,2023-12-13 12:34:12,3,118.55,NULL,26.23,8%,269.28,credit card,Failed,Standard,,Ring bell,False
1762,ORD-754968,988,180,2023-11-05 05:39:25,2023-11-13 05:39:25,five,95.79,,13.17,0.1,508.88,paypal,Failed,Store Pickup,,Leave at door,
1763,ORD-617645,191,182,2023-03-27 03:22:28,2023-03-26 03:22:28,1,390.06,,18.73,8%,472.01,Credit Card,1,Express,Yes,,True
1764,ORD-504722,942,259,2023-04-16 06:23:40,2023-04-18 06:23:40,4,104.33,SUMMER,46.67,0.05,797.1,CC,Paid,Next Day,,,
1765,ORD-787432,149,243,2023-07-08 16:58:17,2023-07-06 16:58:17,,397.69,SAVE10,17.6,0.05,835.02,Credit Card,Paid,Standard,Yes,,True
1766,ORD-558578,599,96,2023-08-15 14:29:05,2023-08-20 14:29:05,-1,217.46,WELCOME20,18.27,8%,290.61,cash,Pending,Next Day,Yes,Fragile,
1767,ORD-735342,416,197,2023-03-17 12:37:18,2023-03-15 12:37:18,five,497.55,,10.47,0.08,822.94,credit card,Pending,Express,No,Leave at door,
1768,ORD-176072,520,392,2023-06-16 07:40:51,2023-06-22 07:40:51,3,102.68,SAVE10,48.0,0.08,187.71,PayPal,Pending,Standard,Yes,Fragile,True
1769,ORD-152100,735,14,2023-06-22 06:50:47,2023-06-29 06:50:47,3,51.02,SUMMER,22.82,0.05,765.14,CC,Paid,Next Day,,,True
1770,ORD-796981,869,120,2023-10-22 15:33:43,2023-10-30 15:33:43,5,42.34,NULL,28.52,5%,256.3,paypal,1,Express,,Leave at door,True
1771,ORD-833370,16,387,2023-04-10 06:38:02,2023-04-10 06:38:02,0,418.53,SUMMER,22.66,0.08,304.95,cash,1,Next Day,,,True
1772,ORD-489722,808,408,2023-12-25 13:43:44,2024-01-03 13:43:44,5,221.7,SUMMER,12.65,8%,853.94,CC,Refunded,Store Pickup,Yes,Leave at door,False
1773,ORD-235894,106,269,2023-03-25 14:25:53,2023-03-24 14:25:53,two,6.55,,40.52,0.05,425.87,Stripe,Paid,Store Pickup,Yes,,False
1774,ORD-974933,283,171,2023-11-14 23:44:20,2023-11-12 23:44:20,5,438.01,WELCOME20,1.42,0.1,990.66,PayPal,Refunded,Express,No,,True
1775,ORD-556367,104,413,2023-07-09 23:39:36,2023-07-15 23:39:36,0,439.08,,34.51,0.1,160.42,PayPal,Failed,Next Day,No,Fragile,False
1776,ORD-193253,361,72,2023-09-30 01:11:53,2023-10-01 01:11:53,-1,404.18,NULL,29.71,0.08,468.72,paypal,Pending,Express,,Leave at door,
1777,ORD-460048,658,179,2023-03-04 21:26:02,2023-03-13 21:26:02,,127.92,,7.21,5%,735.13,paypal,Refunded,Next Day,Yes,Fragile,
1778,ORD-679793,35,170,2023-01-06 11:36:58,2023-01-04 11:36:58,2,189.51,NULL,8.3,0.08,15.31,credit card,0,Standard,,Leave at door,
1779,ORD-197490,113,159,2023-06-11 00:35:27,2023-06-09 00:35:27,3,373.74,,32.96,5%,160.34,cash,Refunded,Express,,Leave at door,False
1780,ORD-749321,308,447,2023-12-06 01:27:18,2023-12-10 01:27:18,4,247.23,WELCOME20,15.61,0.08,30.15,cash,Paid,Express,,Leave at door,False
1781,ORD-882373,911,154,2023-08-18 07:38:01,2023-08-17 07:38:01,5,81.14,SAVE10,13.29,0.1,992.95,Credit Card,Pending,Next Day,No,,
1782,ORD-773506,959,402,2023-12-21 16:23:16,2023-12-25 16:23:16,five,125.19,WELCOME20,2.96,5%,763.02,CC,Pending,Express,,Ring bell,True
1783,ORD-516457,53,82,2023-08-28 03:04:00,2023-09-06 03:04:00,-1,486.43,,38.32,0.1,379.82,credit card,1,Standard,No,,
1784,ORD-680126,859,57,2023-05-29 10:40:30,2023-06-02 10:40:30,1,79.75,SUMMER,44.13,8%,164.72,Credit Card,Refunded,Next Day,Yes,Ring bell,False
1785,ORD-607705,81,7,2023-10-27 13:43:11,2023-11-03 13:43:11,3,364.41,SAVE10,40.99,8%,99.48,cash,1,Next Day,,,
1786,ORD-972442,616,112,2023-11-18 21:05:50,2023-11-24 21:05:50,0,241.62,SUMMER,23.3,0.05,536.59,credit card,Refunded,Next Day,No,Ring bell,
1787,ORD-832049,834,486,2023-08-20 13:56:21,2023-08-24 13:56:21,two,375.56,WELCOME20,26.7,0.1,976.13,Stripe,Paid,Standard,Yes,Leave at door,False
1788,ORD-334872,369,48,2023-03-20 07:38:19,2023-03-18 07:38:19,0,332.25,SAVE10,12.11,0.1,677.86,paypal,Paid,Standard,No,Leave at door,False
1789,ORD-819727,242,80,2023-08-27 11:45:11,2023-09-05 11:45:11,5,222.39,,8.64,0.05,371.49,paypal,Failed,Express,,Ring bell,False
1790,ORD-668771,31,375,2023-12-11 02:13:26,2023-12-16 02:13:26,,180.19,SUMMER,41.15,8%,505.84,PayPal,Refunded,Next Day,Yes,Ring bell,False
1791,ORD-376515,829,376,2023-08-03 03:27:29,2023-08-08 03:27:29,two,378.41,,39.92,8%,998.91,CC,Refunded,Standard,Yes,Fragile,
1792,ORD-734998,704,316,2023-10-26 01:39:55,2023-10-27 01:39:55,five,164.95,NULL,38.87,5%,523.58,CC,Pending,Store Pickup,Yes,Leave at door,False
1793,ORD-396653,869,33,2023-11-25 18:43:00,2023-11-30 18:43:00,0,394.95,SAVE10,23.17,5%,964.56,CC,Pending,Express,No,,True
1794,ORD-243197,361,115,2023-04-05 19:57:01,2023-04-06 19:57:01,five,341.52,SUMMER,43.23,8%,26.2,credit card,1,Standard,No,Fragile,False
1795,ORD-521290,233,384,2023-03-09 21:05:19,2023-03-14 21:05:19,1,290.95,WELCOME20,46.31,0.08,723.75,credit card,Failed,Standard,No,Ring bell,False
1796,ORD-684093,610,3,2023-04-30 05:42:02,2023-05-02 05:42:02,five,187.56,WELCOME20,16.42,0.1,630.89,CC,Paid,Standard,Yes,,
1797,ORD-732995,34,486,2023-10-26 22:34:27,2023-10-27 22:34:27,3,106.52,WELCOME20,11.23,5%,688.48,PayPal,Refunded,Express,,,True
1798,ORD-535388,243,4,2023-02-13 13:34:00,2023-02-16 13:34:00,-1,356.66,WELCOME20,23.21,0.08,574.86,Credit Card,1,Standard,,,True
1799,ORD-325450,951,356,2023-09-22 21:46:49,2023-09-21 21:46:49,two,50.22,SUMMER,8.97,5%,53.74,Stripe,Failed,Standard,Yes,,True
1800,ORD-538908,59,260,2023-03-17 20:30:55,2023-03-26 20:30:55,3,485.42,NULL,44.2,0.05,158.07,credit card,Pending,Store Pickup,,,False
1801,ORD-881167,771,42,2023-08-25 13:14:56,2023-08-24 13:14:56,4,489.48,WELCOME20,16.9,0.1,923.03,CC,Failed,Store Pickup,Yes,Ring bell,
1802,ORD-561044,529,9,2023-04-10 11:50:35,2023-04-09 11:50:35,0,69.46,WELCOME20,28.81,5%,240.6,paypal,1,Store Pickup,,,
1803,ORD-208563,78,488,2023-09-19 02:37:51,2023-09-25 02:37:51,0,56.45,WELCOME20,29.74,8%,993.01,credit card,Paid,Standard,,Fragile,False
1804,ORD-233905,718,307,2023-08-25 09:11:33,2023-09-01 09:11:33,4,209.29,NULL,25.75,0.05,682.79,Credit Card,Pending,Store Pickup,,Fragile,True
1805,ORD-498547,302,145,2023-08-01 14:37:06,2023-08-01 14:37:06,five,482.02,SAVE10,7.83,0.05,449.91,credit card,0,Next Day,No,,True
1806,ORD-622328,678,401,2023-02-03 18:43:54,2023-02-10 18:43:54,3,203.15,WELCOME20,49.55,8%,920.85,Credit Card,Pending,Store Pickup,No,Ring bell,
1807,ORD-837627,803,97,2023-03-17 22:52:24,2023-03-18 22:52:24,two,185.08,WELCOME20,8.63,0.05,797.04,Credit Card,Paid,Store Pickup,Yes,Fragile,False
1808,ORD-979484,897,276,2023-03-27 16:00:28,2023-04-03 16:00:28,two,353.27,WELCOME20,37.58,0.1,434.68,credit card,Pending,Standard,No,Leave at door,True
1809,ORD-795411,112,142,2023-08-28 03:21:41,2023-09-06 03:21:41,4,93.47,SAVE10,39.57,5%,77.91,Credit Card,1,Next Day,Yes,Leave at door,False
1810,ORD-338904,413,278,2023-08-06 05:27:22,2023-08-11 05:27:22,0,184.85,WELCOME20,7.26,0.05,869.62,credit card,Pending,Store Pickup,No,,
1811,ORD-754187,900,436,2023-04-24 15:29:28,2023-04-25 15:29:28,4,149.2,SAVE10,46.66,0.1,767.39,credit card,Refunded,Standard,,,False
1812,ORD-643384,317,27,2023-01-10 14:18:39,2023-01-18 14:18:39,1,302.76,SAVE10,24.39,8%,792.83,PayPal,Failed,Next Day,No,,False
1813,ORD-737572,865,43,2023-04-30 01:21:19,2023-05-07 01:21:19,1,85.56,,31.44,5%,747.41,paypal,1,Store Pickup,No,Fragile,False
1814,ORD-684620,145,131,2023-12-06 17:00:35,2023-12-13 17:00:35,1,276.61,,32.11,8%,283.0,Stripe,Paid,Standard,No,Ring bell,False
1815,ORD-979105,668,216,2023-05-06 22:06:07,2023-05-10 22:06:07,2,429.49,WELCOME20,25.25,5%,860.26,Credit Card,1,Next Day,Yes,,True
1816,ORD-805949,690,94,2023-01-13 05:00:53,2023-01-15 05:00:53,-1,259.51,SUMMER,7.1,0.05,12.21,credit card,Refunded,Store Pickup,Yes,,
1817,ORD-240451,858,8,2023-02-28 08:43:16,2023-03-06 08:43:16,,343.33,,37.59,0.05,244.9,Credit Card,Pending,Next Day,,,True
1818,ORD-202934,648,86,2023-03-16 08:39:48,2023-03-17 08:39:48,5,42.25,,29.09,5%,56.09,credit card,Pending,Next Day,,Fragile,True
1819,ORD-728630,930,345,2023-02-09 04:37:23,2023-02-09 04:37:23,2,227.26,SUMMER,5.93,0.1,119.49,Stripe,0,Standard,,Ring bell,True
1820,ORD-733488,827,138,2023-10-16 05:15:13,2023-10-15 05:15:13,two,51.97,NULL,35.02,0.1,537.06,cash,1,Express,No,,True
1821,ORD-521288,18,369,2023-04-28 13:47:07,2023-04-26 13:47:07,five,301.73,WELCOME20,35.14,0.1,46.88,credit card,Pending,Next Day,,Leave at door,
1822,ORD-374523,351,413,2023-04-11 09:51:33,2023-04-19 09:51:33,0,144.12,NULL,27.42,0.08,189.57,credit card,Pending,Next Day,Yes,,
1823,ORD-541769,955,424,2023-12-11 05:39:52,2023-12-14 05:39:52,five,147.2,NULL,4.53,0.1,240.41,paypal,Refunded,Next Day,,,True
1824,ORD-685524,155,246,2023-02-09 20:58:03,2023-02-16 20:58:03,4,43.0,SAVE10,17.63,0.05,658.79,Credit Card,Paid,Next Day,,Ring bell,False
1825,ORD-443961,784,449,2023-06-28 18:13:36,2023-06-27 18:13:36,0,158.57,SAVE10,2.55,0.08,474.13,paypal,0,Next Day,,,False
1826,ORD-306453,506,500,2023-02-27 14:30:37,2023-03-04 14:30:37,5,255.81,WELCOME20,23.88,0.1,463.83,paypal,0,Express,,,False
1827,ORD-692712,778,21,2023-06-24 22:33:42,2023-06-27 22:33:42,5,294.41,SUMMER,45.32,0.05,770.75,cash,0,Standard,,,False
1828,ORD-790381,360,487,2023-07-05 03:47:33,2023-07-14 03:47:33,3,38.0,SAVE10,0.11,0.08,462.15,cash,Failed,Express,Yes,Fragile,False
1829,ORD-602299,332,408,2023-01-18 18:30:10,2023-01-27 18:30:10,five,327.47,,13.33,0.05,355.0,paypal,1,Standard,No,Ring bell,
1830,ORD-471818,918,457,2023-01-05 01:09:20,2023-01-07 01:09:20,,246.99,WELCOME20,39.99,5%,962.83,paypal,Paid,Express,,Fragile,False
1831,ORD-607607,528,444,2023-12-30 07:42:20,2023-12-29 07:42:20,5,270.77,NULL,0.49,0.05,18.21,PayPal,Failed,Standard,No,,
1832,ORD-495982,12,492,2023-03-28 16:42:06,2023-04-01 16:42:06,-1,417.23,WELCOME20,0.51,0.08,312.34,Credit Card,Paid,Store Pickup,,,False
1833,ORD-593008,75,410,2023-11-08 09:42:53,2023-11-07 09:42:53,3,174.4,SAVE10,30.54,0.1,613.3,Credit Card,1,Next Day,No,Leave at door,False
1834,ORD-702545,212,265,2023-11-02 14:01:28,2023-11-04 14:01:28,,91.16,SUMMER,39.46,0.08,784.98,credit card,0,Standard,Yes,Fragile,True
1835,ORD-663380,691,148,2023-03-09 10:41:18,2023-03-08 10:41:18,0,278.15,NULL,38.83,0.1,818.25,Credit Card,Refunded,Standard,No,Ring bell,True
1836,ORD-709825,641,184,2023-12-09 08:35:29,2023-12-17 08:35:29,five,472.79,SUMMER,38.98,0.1,55.61,Stripe,Refunded,Next Day,,,True
1837,ORD-591708,283,227,2023-05-10 20:24:02,2023-05-17 20:24:02,five,261.35,WELCOME20,18.05,8%,712.04,paypal,Refunded,Store Pickup,No,Leave at door,
1838,ORD-355691,195,292,2023-01-04 10:16:17,2023-01-12 10:16:17,,416.8,SUMMER,44.14,5%,723.05,CC,Paid,Next Day,No,Leave at door,
1839,ORD-517620,780,490,2023-09-22 11:42:21,2023-09-30 11:42:21,,379.73,SUMMER,0.64,8%,221.94,cash,1,Standard,,,True
1840,ORD-724355,30,36,2023-08-22 14:34:09,2023-08-21 14:34:09,5,261.57,WELCOME20,15.61,0.08,121.65,Credit Card,Pending,Standard,No,Ring bell,True
1841,ORD-262791,9,246,2023-11-29 22:46:01,2023-12-03 22:46:01,0,325.54,NULL,16.86,8%,752.19,cash,Pending,Next Day,,Leave at door,False
1842,ORD-304291,309,73,2023-07-14 07:55:54,2023-07-20 07:55:54,3,206.31,SUMMER,8.28,0.1,257.01,cash,Refunded,Express,Yes,Ring bell,
1843,ORD-868107,445,150,2023-01-14 15:36:58,2023-01-16 15:36:58,-1,267.66,SUMMER,16.81,0.08,11.66,CC,Paid,Next Day,,,False
1844,ORD-391934,310,1,2023-01-12 12:09:59,2023-01-16 12:09:59,two,256.11,WELCOME20,29.29,8%,231.34,cash,Pending,Standard,Yes,,False
1845,ORD-737436,677,69,2023-09-15 22:08:34,2023-09-16 22:08:34,two,356.01,,26.01,0.05,40.76,Stripe,Paid,Standard,No,Ring bell,True
1846,ORD-287044,705,457,2023-08-05 09:30:14,2023-08-04 09:30:14,2,207.94,SUMMER,15.97,5%,256.69,PayPal,1,Standard,,,False
1847,ORD-237273,426,293,2023-03-19 17:41:27,2023-03-19 17:41:27,-1,54.38,SAVE10,37.47,0.05,341.67,credit card,Refunded,Store Pickup,No,Ring bell,False
1848,ORD-941073,817,230,2023-08-25 00:29:38,2023-08-24 00:29:38,0,395.41,NULL,35.74,0.08,278.69,credit card,Failed,Next Day,Yes,Ring bell,True
1849,ORD-794273,772,211,2023-12-20 16:32:17,2023-12-22 16:32:17,0,344.0,SUMMER,14.03,8%,920.74,credit card,Refunded,Store Pickup,Yes,Fragile,True
1850,ORD-522363,704,72,2023-07-02 06:38:04,2023-07-05 06:38:04,3,475.31,WELCOME20,16.16,0.1,240.21,PayPal,Failed,Next Day,No,,False
1851,ORD-989132,591,490,2023-11-25 19:55:24,2023-11-29 19:55:24,five,217.21,SAVE10,14.38,8%,472.86,paypal,Pending,Store Pickup,,Ring bell,False
1852,ORD-485607,691,363,2023-03-01 10:03:03,2023-03-01 10:03:03,2,43.71,WELCOME20,6.44,0.08,957.85,cash,0,Express,,Fragile,False
1853,ORD-431224,91,96,2023-11-27 21:13:22,2023-11-28 21:13:22,3,65.2,SUMMER,37.64,0.08,880.41,CC,Failed,Standard,,Fragile,
1854,ORD-599682,456,397,2023-07-27 21:40:38,2023-08-01 21:40:38,2,387.79,SAVE10,2.31,0.08,316.17,Credit Card,0,Standard,,,False
1855,ORD-532571,444,84,2023-02-18 12:41:47,2023-02-19 12:41:47,five,38.54,NULL,7.53,0.08,333.23,paypal,Paid,Next Day,Yes,,True
1856,ORD-866509,727,228,2023-03-18 17:41:04,2023-03-22 17:41:04,4,454.37,NULL,5.27,8%,597.4,credit card,0,Standard,,,False
1857,ORD-596140,79,299,2023-01-07 07:31:41,2023-01-16 07:31:41,2,144.42,NULL,41.27,0.05,918.68,credit card,Failed,Store Pickup,No,Ring bell,
1858,ORD-470255,475,236,2023-12-21 21:25:47,2023-12-24 21:25:47,3,449.95,,2.2,0.1,19.9,cash,Pending,Express,Yes,,False
1859,ORD-436028,927,293,2023-12-03 05:58:45,2023-12-07 05:58:45,4,387.89,WELCOME20,33.23,0.1,399.19,paypal,Pending,Store Pickup,No,,
1860,ORD-911488,103,222,2023-12-03 21:39:55,2023-12-01 21:39:55,,436.24,SUMMER,2.22,5%,851.28,CC,Refunded,Store Pickup,No,,
1861,ORD-313607,623,458,2023-09-12 08:30:55,2023-09-12 08:30:55,-1,110.95,SAVE10,39.32,0.08,416.37,paypal,Pending,Next Day,No,,True
1862,ORD-100444,456,223,2023-05-01 09:07:24,2023-05-04 09:07:24,5,299.87,WELCOME20,45.64,0.08,722.85,PayPal,Paid,Standard,Yes,,False
1863,ORD-668462,990,281,2023-03-06 10:36:08,2023-03-06 10:36:08,3,51.33,SUMMER,24.34,0.08,695.01,credit card,Failed,Store Pickup,,,
1864,ORD-625792,314,221,2023-03-22 14:36:27,2023-03-26 14:36:27,,105.13,,40.23,0.05,213.4,CC,1,Next Day,No,Ring bell,False
1865,ORD-296459,247,216,2023-07-31 16:13:38,2023-08-06 16:13:38,two,158.4,SUMMER,35.32,0.08,455.1,cash,Pending,Store Pickup,No,Fragile,
1866,ORD-693112,234,231,2023-06-05 03:26:37,2023-06-05 03:26:37,two,371.7,WELCOME20,39.78,5%,570.52,Credit Card,0,Store Pickup,,,True
1867,ORD-396812,594,405,2023-08-10 08:02:14,2023-08-08 08:02:14,0,17.23,SUMMER,38.34,5%,718.31,cash,Failed,Store Pickup,,Fragile,True
1868,ORD-973108,644,169,2023-02-23 16:46:36,2023-03-02 16:46:36,3,452.04,SAVE10,10.27,0.05,824.17,credit card,Refunded,Next Day,,Fragile,False
1869,ORD-932875,235,329,2023-07-03 15:25:57,2023-07-06 15:25:57,1,40.05,,24.98,0.08,762.33,cash,1,Express,,Fragile,False
1870,ORD-312637,790,426,2023-02-10 02:38:15,2023-02-19 02:38:15,5,191.36,SAVE10,48.02,8%,38.03,paypal,Refunded,Store Pickup,No,,False
1871,ORD-668877,387,42,2023-10-31 18:01:54,2023-10-29 18:01:54,1,45.14,,17.18,8%,673.93,CC,Paid,Store Pickup,Yes,,False
1872,ORD-142400,847,258,2023-07-22 03:56:02,2023-07-20 03:56:02,-1,385.64,,48.52,0.1,502.34,credit card,Refunded,Next Day,,,False
1873,ORD-550352,611,196,2023-08-23 21:19:31,2023-08-28 21:19:31,0,74.95,SUMMER,29.16,0.05,578.12,Credit Card,Failed,Standard,,,
1874,ORD-936938,943,392,2023-07-05 04:15:46,2023-07-11 04:15:46,5,442.95,SAVE10,23.08,8%,379.24,Credit Card,1,Express,No,Leave at door,False
1875,ORD-475857,38,96,2023-12-10 11:42:00,2023-12-09 11:42:00,4,267.46,,32.89,0.1,716.89,Stripe,Refunded,Next Day,,Ring bell,
1876,ORD-807289,161,317,2023-04-12 04:54:07,2023-04-18 04:54:07,2,474.49,,40.79,5%,677.15,paypal,Refunded,Standard,No,Leave at door,
1877,ORD-295378,462,14,2023-02-18 16:25:30,2023-02-20 16:25:30,5,148.73,SUMMER,19.71,0.1,583.69,PayPal,0,Next Day,No,,
1878,ORD-549132,944,113,2023-07-08 11:28:37,2023-07-13 11:28:37,five,229.89,WELCOME20,1.65,0.08,862.99,paypal,0,Next Day,No,Leave at door,False
1879,ORD-665322,449,77,2023-11-07 17:28:07,2023-11-11 17:28:07,4,348.65,WELCOME20,35.44,0.08,110.88,CC,Paid,Express,No,Leave at door,True
1880,ORD-352654,117,277,2023-08-17 16:21:14,2023-08-21 16:21:14,2,416.8,NULL,47.81,5%,308.01,paypal,Failed,Express,,Leave at door,True
1881,ORD-301842,241,408,2023-04-11 10:26:36,2023-04-12 10:26:36,-1,213.57,NULL,31.25,0.05,500.18,CC,Refunded,Express,Yes,Ring bell,False
1882,ORD-533779,26,434,2023-12-05 13:41:43,2023-12-04 13:41:43,two,446.75,,9.42,0.08,959.02,Stripe,Failed,Express,,Fragile,False
1883,ORD-636011,648,466,2023-05-06 10:38:39,2023-05-08 10:38:39,2,63.4,WELCOME20,12.41,0.08,81.24,Stripe,Pending,Standard,Yes,,False
1884,ORD-315620,562,429,2023-07-04 11:00:14,2023-07-12 11:00:14,five,355.8,,45.49,0.1,343.71,Stripe,Paid,Store Pickup,,,
1885,ORD-714928,976,448,2023-12-07 10:47:16,2023-12-15 10:47:16,0,177.36,SAVE10,0.68,0.1,926.63,PayPal,0,Next Day,No,Ring bell,True
1886,ORD-222345,806,320,2023-08-12 17:51:49,2023-08-12 17:51:49,2,55.16,WELCOME20,27.44,0.1,898.97,Stripe,Paid,Express,,Leave at door,True
1887,ORD-436041,906,488,2023-04-02 20:12:25,2023-04-08 20:12:25,5,196.4,WELCOME20,7.93,8%,866.59,paypal,Paid,Store Pickup,No,Fragile,True
1888,ORD-477883,298,410,2023-11-07 01:44:22,2023-11-10 01:44:22,5,440.71,WELCOME20,14.14,5%,315.31,Credit Card,Failed,Standard,,,True
1889,ORD-108029,805,160,2023-09-16 21:16:28,2023-09-14 21:16:28,0,490.36,NULL,15.35,0.05,848.37,CC,0,Express,No,Ring bell,
1890,ORD-692083,154,492,2023-05-07 03:09:48,2023-05-07 03:09:48,5,199.44,SUMMER,10.96,0.1,510.29,cash,0,Next Day,Yes,Fragile,False
1891,ORD-748718,732,313,2023-12-21 15:25:13,2023-12-30 15:25:13,-1,443.78,SUMMER,39.62,0.05,623.58,CC,Refunded,Store Pickup,No,Ring bell,
1892,ORD-105945,652,119,2023-08-27 19:33:33,2023-08-28 19:33:33,five,257.28,NULL,16.61,0.1,246.44,Credit Card,Refunded,Express,,Ring bell,False
1893,ORD-163748,468,437,2023-03-09 11:49:58,2023-03-15 11:49:58,3,359.92,NULL,17.27,0.08,709.61,cash,Failed,Next Day,No,,False
1894,ORD-699497,49,161,2023-08-06 10:02:04,2023-08-14 10:02:04,3,27.46,NULL,22.65,0.05,334.42,paypal,Failed,Store Pickup,Yes,Fragile,True
1895,ORD-137138,654,308,2023-11-03 08:27:31,2023-11-06 08:27:31,two,280.87,SUMMER,45.11,8%,350.44,PayPal,Pending,Next Day,Yes,Leave at door,True
1896,ORD-785137,46,351,2023-12-16 09:19:01,2023-12-17 09:19:01,,39.73,,34.41,0.1,640.45,credit card,1,Standard,,Fragile,False
1897,ORD-733344,675,146,2023-07-04 21:43:34,2023-07-02 21:43:34,-1,137.97,NULL,3.09,5%,247.43,paypal,1,Express,No,Fragile,False
1898,ORD-313977,285,163,2023-04-13 04:20:52,2023-04-18 04:20:52,,285.57,,1.96,0.08,232.19,Stripe,Paid,Express,,Leave at door,True
1899,ORD-323498,780,396,2023-12-21 11:53:24,2023-12-29 11:53:24,3,404.55,,28.32,0.1,375.47,cash,Refunded,Next Day,No,,True
1900,ORD-677845,628,179,2023-07-17 12:07:45,2023-07-16 12:07:45,2,282.64,SAVE10,44.35,0.05,780.28,paypal,0,Store Pickup,Yes,Fragile,True
1901,ORD-573165,82,89,2023-04-05 23:31:34,2023-04-13 23:31:34,2,468.41,SUMMER,16.16,0.1,232.44,CC,Paid,Express,,Leave at door,True
1902,ORD-281301,44,493,2023-03-20 18:33:15,2023-03-28 18:33:15,2,406.11,,12.39,0.08,789.45,CC,0,Next Day,Yes,Ring bell,True
1903,ORD-677031,706,223,2023-09-04 13:27:01,2023-09-09 13:27:01,5,82.34,SUMMER,37.41,5%,698.65,PayPal,Refunded,Standard,No,Ring bell,
1904,ORD-336158,770,266,2023-06-07 17:12:32,2023-06-10 17:12:32,5,197.53,SUMMER,30.1,5%,682.29,Stripe,Refunded,Express,Yes,Leave at door,
1905,ORD-921181,955,239,2023-01-17 04:19:15,2023-01-22 04:19:15,1,335.9,SAVE10,28.25,5%,480.01,cash,Pending,Next Day,No,Ring bell,
1906,ORD-265156,273,308,2023-07-23 02:26:58,2023-07-26 02:26:58,2,469.51,SUMMER,7.47,0.08,748.43,PayPal,Failed,Store Pickup,,Fragile,True
1907,ORD-216605,394,34,2023-09-03 18:53:31,2023-09-05 18:53:31,2,493.92,,8.8,0.1,23.38,PayPal,Failed,Express,No,Leave at door,False
1908,ORD-778722,786,371,2023-11-21 05:29:18,2023-11-23 05:29:18,4,382.78,WELCOME20,14.09,0.08,312.55,Credit Card,Failed,Express,No,Fragile,False
1909,ORD-367394,790,451,2023-12-04 08:00:34,2023-12-11 08:00:34,0,289.02,,10.34,0.08,682.35,cash,1,Standard,,,True
1910,ORD-908834,595,494,2023-12-08 12:45:10,2023-12-15 12:45:10,3,379.52,,48.57,0.1,987.42,credit card,Failed,Next Day,,,
1911,ORD-856886,58,167,2023-06-22 03:28:26,2023-06-30 03:28:26,5,140.25,SUMMER,0.93,8%,12.49,credit card,1,Store Pickup,Yes,,False
1912,ORD-807302,565,392,2023-02-04 22:46:19,2023-02-09 22:46:19,five,145.38,,31.3,5%,514.87,cash,0,Standard,No,,True
1913,ORD-686766,1,125,2023-04-16 06:36:09,2023-04-20 06:36:09,5,328.9,WELCOME20,25.88,0.05,924.6,Stripe,Paid,Standard,No,Leave at door,
1914,ORD-941012,216,224,2023-02-23 19:44:51,2023-02-28 19:44:51,five,436.56,SUMMER,16.16,0.05,864.9,PayPal,1,Standard,Yes,,
1915,ORD-229388,317,491,2023-09-02 04:07:26,2023-09-11 04:07:26,1,485.06,NULL,44.38,0.1,32.9,CC,Refunded,Next Day,No,,
1916,ORD-540882,228,413,2023-04-09 00:42:35,2023-04-14 00:42:35,five,173.96,,33.51,0.05,534.26,credit card,Pending,Next Day,No,Fragile,
1917,ORD-436749,473,150,2023-10-10 17:25:27,2023-10-14 17:25:27,5,399.29,,49.92,8%,14.24,cash,Pending,Express,,,
1918,ORD-493389,484,468,2023-01-19 10:14:23,2023-01-18 10:14:23,two,426.51,SAVE10,8.43,0.08,791.68,cash,Refunded,Next Day,,,
1919,ORD-175397,766,454,2023-04-06 16:16:42,2023-04-14 16:16:42,5,313.47,NULL,4.39,5%,315.79,paypal,0,Standard,,Fragile,
1920,ORD-874126,671,189,2023-05-24 18:39:11,2023-05-30 18:39:11,-1,177.06,NULL,6.97,0.05,767.93,Credit Card,Paid,Next Day,Yes,Fragile,
1921,ORD-857407,287,43,2023-07-04 03:57:28,2023-07-08 03:57:28,two,311.45,WELCOME20,13.46,0.05,945.35,CC,Pending,Store Pickup,,Leave at door,
1922,ORD-893966,511,433,2023-03-12 20:26:42,2023-03-21 20:26:42,2,294.3,NULL,20.84,0.1,976.32,Credit Card,Refunded,Express,Yes,Leave at door,
1923,ORD-433267,578,29,2023-06-12 17:54:39,2023-06-20 17:54:39,3,305.23,SAVE10,43.13,0.1,895.17,paypal,Pending,Standard,,Ring bell,True
1924,ORD-158425,915,362,2023-03-17 08:58:44,2023-03-20 08:58:44,five,311.53,WELCOME20,14.18,0.08,212.1,credit card,1,Express,No,,False
1925,ORD-404126,821,120,2023-08-08 20:25:55,2023-08-14 20:25:55,5,424.29,NULL,45.76,5%,202.65,Credit Card,0,Next Day,No,Fragile,True
1926,ORD-422302,972,337,2023-07-01 01:38:21,2023-06-29 01:38:21,5,89.19,WELCOME20,23.15,0.05,629.52,Stripe,Pending,Express,,,False
1927,ORD-693974,458,31,2023-09-26 07:44:59,2023-10-04 07:44:59,five,186.81,NULL,32.35,0.08,548.61,Credit Card,0,Express,,,True
1928,ORD-448398,95,181,2023-03-16 12:45:19,2023-03-15 12:45:19,,295.07,NULL,13.22,5%,19.44,Credit Card,0,Next Day,Yes,,False
1929,ORD-983705,493,162,2023-03-22 15:56:09,2023-03-20 15:56:09,3,145.25,NULL,7.8,0.08,397.81,cash,1,Express,No,Ring bell,False
1930,ORD-777604,765,128,2023-07-04 14:23:42,2023-07-11 14:23:42,4,489.19,,43.47,0.05,907.62,paypal,0,Next Day,,Fragile,False
1931,ORD-478949,150,255,2023-09-07 19:21:41,2023-09-16 19:21:41,0,135.26,NULL,5.48,0.1,899.38,cash,1,Standard,,Fragile,True
1932,ORD-942827,23,294,2023-09-23 11:43:54,2023-09-23 11:43:54,2,237.47,,38.7,0.1,211.87,CC,Pending,Express,No,Ring bell,False
1933,ORD-902835,756,441,2023-04-13 17:54:01,2023-04-21 17:54:01,two,439.3,SUMMER,29.05,0.1,388.14,cash,Pending,Store Pickup,,,
1934,ORD-315427,215,357,2023-08-16 16:52:51,2023-08-18 16:52:51,5,44.63,SAVE10,43.06,8%,564.76,CC,0,Store Pickup,No,Fragile,False
1935,ORD-442107,399,388,2023-05-15 22:52:23,2023-05-13 22:52:23,1,411.24,WELCOME20,35.89,0.08,854.26,paypal,1,Standard,,,True
1936,ORD-535382,410,254,2023-05-13 04:39:22,2023-05-14 04:39:22,3,287.65,WELCOME20,14.08,0.05,536.67,cash,Pending,Next Day,No,Fragile,True
1937,ORD-805927,131,130,2023-03-15 17:48:52,2023-03-20 17:48:52,five,20.74,SUMMER,28.72,0.08,968.52,Credit Card,0,Next Day,Yes,,
1938,ORD-323018,855,12,2023-03-20 12:19:24,2023-03-23 12:19:24,5,451.94,NULL,0.65,0.1,801.06,Credit Card,Paid,Express,,Fragile,False
1939,ORD-157957,148,35,2023-07-16 02:44:47,2023-07-14 02:44:47,two,24.4,SAVE10,23.76,0.08,953.56,PayPal,Failed,Express,,Fragile,True
1940,ORD-127928,381,198,2023-08-03 17:37:19,2023-08-12 17:37:19,1,260.03,SUMMER,4.3,5%,734.18,Stripe,Failed,Store Pickup,,Leave at door,False
1941,ORD-966309,109,248,2023-09-22 15:42:56,2023-09-20 15:42:56,0,29.27,SUMMER,21.45,0.08,878.85,credit card,Refunded,Store Pickup,Yes,Fragile,
1942,ORD-438822,552,110,2023-12-12 02:13:32,2023-12-12 02:13:32,0,40.24,WELCOME20,5.48,8%,832.69,credit card,0,Next Day,,Ring bell,
1943,ORD-283631,121,328,2023-07-07 09:33:50,2023-07-14 09:33:50,two,444.17,,47.77,8%,261.3,CC,Failed,Store Pickup,,Ring bell,True
1944,ORD-813624,295,405,2023-04-01 06:52:37,2023-04-06 06:52:37,3,384.08,,26.15,0.1,237.24,paypal,Paid,Next Day,No,,False
1945,ORD-853387,120,245,2023-03-29 18:35:54,2023-04-06 18:35:54,1,102.49,NULL,45.66,0.05,865.74,Credit Card,0,Standard,,Fragile,
1946,ORD-955791,456,250,2023-12-24 16:47:48,2024-01-01 16:47:48,five,312.13,NULL,1.12,5%,93.83,cash,Failed,Standard,,,
1947,ORD-624733,530,366,2023-03-18 17:29:43,2023-03-23 17:29:43,1,398.37,SUMMER,31.88,0.05,414.48,Stripe,Failed,Store Pickup,No,,True
1948,ORD-573699,169,317,2023-01-31 20:31:20,2023-01-31 20:31:20,-1,445.35,NULL,15.35,0.05,822.45,credit card,Paid,Express,Yes,,
1949,ORD-845407,710,163,2023-06-02 01:40:55,2023-06-06 01:40:55,five,236.81,,21.59,5%,815.11,paypal,1,Store Pickup,Yes,Leave at door,True
1950,ORD-344252,923,48,2023-09-07 07:00:47,2023-09-16 07:00:47,2,449.26,SAVE10,43.65,8%,147.39,paypal,Failed,Store Pickup,No,Leave at door,
1951,ORD-710525,996,399,2023-01-28 22:42:31,2023-01-28 22:42:31,4,256.39,WELCOME20,49.0,0.1,492.83,Credit Card,Refunded,Store Pickup,Yes,Fragile,
1952,ORD-325846,143,71,2023-10-20 02:34:03,2023-10-21 02:34:03,2,345.67,,12.32,0.08,485.03,Stripe,Failed,Express,Yes,Fragile,True
1953,ORD-796861,37,399,2023-08-15 16:11:57,2023-08-21 16:11:57,4,489.62,NULL,47.41,8%,330.48,paypal,Failed,Store Pickup,,,True
1954,ORD-837737,698,493,2023-08-04 13:11:08,2023-08-05 13:11:08,2,121.8,WELCOME20,34.44,0.1,918.01,credit card,Paid,Express,,,False
1955,ORD-344054,261,134,2023-08-26 18:03:46,2023-08-26 18:03:46,1,88.42,WELCOME20,47.57,8%,656.59,PayPal,Paid,Store Pickup,,Fragile,
1956,ORD-667209,231,239,2023-10-10 20:19:47,2023-10-12 20:19:47,3,174.3,SUMMER,28.12,5%,980.39,credit card,0,Express,Yes,Fragile,False
1957,ORD-948834,254,465,2023-11-20 14:04:47,2023-11-24 14:04:47,two,86.38,NULL,48.04,0.05,76.1,Stripe,Refunded,Express,,Leave at door,False
1958,ORD-900644,329,68,2023-02-26 20:41:34,2023-02-28 20:41:34,5,145.66,SUMMER,44.62,5%,400.41,PayPal,Pending,Express,Yes,Leave at door,True
1959,ORD-598359,903,278,2023-01-05 05:40:42,2023-01-06 05:40:42,4,372.78,WELCOME20,6.43,0.08,836.79,cash,Paid,Express,,Leave at door,
1960,ORD-809600,297,32,2023-09-16 05:23:31,2023-09-21 05:23:31,5,241.37,SUMMER,15.54,5%,428.46,cash,Pending,Express,Yes,Fragile,True
1961,ORD-242469,980,123,2023-03-16 16:03:26,2023-03-17 16:03:26,-1,190.65,NULL,12.15,0.05,269.26,paypal,Refunded,Standard,No,,
1962,ORD-840014,10,22,2023-08-09 09:19:57,2023-08-08 09:19:57,-1,187.52,,28.6,8%,997.83,credit card,Failed,Next Day,No,Ring bell,True
1963,ORD-257902,446,155,2023-09-12 22:20:10,2023-09-19 22:20:10,5,101.29,SAVE10,40.14,0.1,874.39,Credit Card,0,Next Day,,Ring bell,
1964,ORD-572750,922,110,2023-07-04 12:43:32,2023-07-07 12:43:32,-1,226.47,,37.97,0.08,551.01,Stripe,Failed,Express,Yes,,False
1965,ORD-886230,836,271,2023-11-03 18:08:44,2023-11-02 18:08:44,five,314.19,WELCOME20,36.34,8%,566.09,paypal,0,Next Day,No,,
1966,ORD-736283,230,380,2023-10-05 15:51:04,2023-10-05 15:51:04,5,73.88,,18.76,0.1,16.79,Credit Card,Pending,Express,No,,
1967,ORD-645989,536,300,2023-07-12 01:48:11,2023-07-10 01:48:11,-1,486.54,SUMMER,6.98,0.05,981.18,PayPal,Refunded,Store Pickup,,Leave at door,True
1968,ORD-732152,78,115,2023-04-18 02:27:36,2023-04-20 02:27:36,4,224.42,NULL,10.53,5%,808.23,cash,Refunded,Standard,,,
1969,ORD-293515,425,470,2023-04-22 20:39:05,2023-04-28 20:39:05,3,474.24,,37.08,8%,46.36,CC,Paid,Store Pickup,Yes,Fragile,
1970,ORD-688737,193,220,2023-03-29 02:57:47,2023-03-28 02:57:47,-1,71.66,,7.38,0.1,184.57,CC,Pending,Store Pickup,No,Leave at door,
1971,ORD-598303,401,490,2023-03-21 23:42:37,2023-03-30 23:42:37,5,384.77,NULL,11.15,0.1,822.82,PayPal,0,Express,Yes,Ring bell,
1972,ORD-899095,109,230,2023-06-24 18:37:20,2023-06-28 18:37:20,4,310.73,SUMMER,21.23,5%,96.0,CC,Paid,Store Pickup,Yes,Fragile,False
1973,ORD-714969,792,252,2023-05-08 20:50:53,2023-05-10 20:50:53,5,410.93,SAVE10,3.61,8%,942.37,Stripe,Pending,Standard,,,True
1974,ORD-575282,923,249,2023-01-29 23:30:21,2023-01-28 23:30:21,0,302.34,,10.63,8%,999.89,paypal,Paid,Store Pickup,Yes,Ring bell,
1975,ORD-568019,263,9,2023-12-20 10:01:43,2023-12-25 10:01:43,1,481.6,WELCOME20,7.49,0.05,887.57,paypal,Paid,Standard,Yes,,True
1976,ORD-570702,329,34,2023-09-08 13:46:23,2023-09-16 13:46:23,1,315.33,SUMMER,47.57,8%,741.51,Stripe,Refunded,Standard,No,,False
1977,ORD-548208,363,228,2023-01-15 08:04:29,2023-01-18 08:04:29,1,393.38,SUMMER,9.58,5%,492.41,credit card,Refunded,Express,Yes,,False
1978,ORD-325960,867,73,2023-08-08 13:12:47,2023-08-09 13:12:47,2,439.4,,43.09,8%,91.61,paypal,Failed,Standard,No,Fragile,
1979,ORD-563166,378,399,2023-09-07 22:23:13,2023-09-08 22:23:13,five,358.72,NULL,5.74,0.05,733.14,cash,Failed,Store Pickup,No,Ring bell,True
1980,ORD-182549,780,446,2023-03-23 14:43:18,2023-03-22 14:43:18,5,264.5,,43.48,0.1,402.9,CC,Refunded,Express,Yes,Ring bell,True
1981,ORD-926271,341,301,2023-10-18 16:46:06,2023-10-18 16:46:06,five,140.04,,29.97,8%,574.53,cash,Refunded,Standard,Yes,,True
1982,ORD-163093,259,212,2023-10-08 03:56:07,2023-10-12 03:56:07,5,427.97,NULL,42.49,5%,300.46,Stripe,Paid,Standard,No,Leave at door,False
1983,ORD-906537,335,72,2023-06-19 07:54:24,2023-06-19 07:54:24,0,242.89,WELCOME20,43.37,8%,249.73,Credit Card,Failed,Next Day,Yes,,False
1984,ORD-195963,85,58,2023-12-30 21:58:22,2024-01-01 21:58:22,-1,312.25,NULL,29.82,0.08,331.05,credit card,Refunded,Express,No,Leave at door,
1985,ORD-839514,522,220,2023-07-24 21:15:30,2023-07-31 21:15:30,2,44.22,,45.88,0.05,815.69,Credit Card,Pending,Next Day,Yes,Fragile,True
1986,ORD-645382,801,371,2023-07-21 04:36:06,2023-07-24 04:36:06,3,251.19,SAVE10,29.27,0.1,432.23,cash,Pending,Standard,No,,True
1987,ORD-253089,814,275,2023-07-16 06:09:16,2023-07-19 06:09:16,5,350.59,NULL,35.63,0.08,318.59,CC,Failed,Next Day,No,Leave at door,False
1988,ORD-541515,571,249,2023-10-07 11:53:27,2023-10-08 11:53:27,4,294.12,WELCOME20,20.8,5%,438.64,cash,Pending,Store Pickup,,Ring bell,
1989,ORD-539569,308,16,2023-02-19 00:45:43,2023-02-22 00:45:43,-1,227.03,NULL,45.7,8%,41.96,Credit Card,0,Store Pickup,Yes,Leave at door,
1990,ORD-881286,262,75,2023-08-16 05:13:50,2023-08-16 05:13:50,two,115.6,NULL,41.21,0.05,891.7,CC,Paid,Standard,No,,
1991,ORD-915595,898,106,2023-04-20 18:43:04,2023-04-24 18:43:04,two,158.29,SUMMER,8.34,8%,556.24,paypal,Failed,Next Day,No,Fragile,False
1992,ORD-278441,797,136,2023-05-05 20:51:05,2023-05-09 20:51:05,3,351.81,SUMMER,28.82,8%,113.78,credit card,0,Next Day,Yes,Leave at door,True
1993,ORD-356204,631,417,2023-12-13 23:30:42,2023-12-14 23:30:42,4,115.97,,44.84,8%,295.52,PayPal,Refunded,Express,Yes,Leave at door,
1994,ORD-384412,680,74,2023-07-03 09:56:48,2023-07-02 09:56:48,1,312.75,,39.65,8%,983.72,CC,0,Store Pickup,Yes,,
1995,ORD-793432,865,254,2023-02-02 08:42:55,2023-02-10 08:42:55,2,296.92,NULL,48.13,0.05,597.13,Stripe,Pending,Store Pickup,,,True
1996,ORD-702516,701,18,2023-04-02 23:00:23,2023-04-06 23:00:23,five,485.36,SAVE10,11.57,0.08,298.49,Stripe,Paid,Express,Yes,,
1997,ORD-215990,452,419,2023-02-05 08:37:48,2023-02-05 08:37:48,,35.09,,18.37,5%,432.08,paypal,Refunded,Store Pickup,,Fragile,False
1998,ORD-310460,251,43,2023-03-04 01:24:38,2023-03-02 01:24:38,,58.52,NULL,25.36,0.08,265.89,Stripe,1,Next Day,Yes,Fragile,
1999,ORD-260847,324,50,2023-10-22 01:32:28,2023-10-21 01:32:28,2,255.51,NULL,11.63,0.05,41.49,Credit Card,Paid,Next Day,,,True
2000,ORD-628849,925,3,2023-06-01 12:49:34,2023-06-08 12:49:34,-1,265.92,NULL,19.7,5%,843.61,paypal,Pending,Store Pickup,Yes,,False
2001,ORD-236789,229,232,2023-02-23 12:08:07,2023-03-01 12:08:07,0,24.76,NULL,26.88,0.1,299.55,Stripe,Paid,Express,,,
2002,ORD-497564,702,219,2023-08-25 12:47:44,2023-09-03 12:47:44,-1,413.8,NULL,9.57,0.08,840.03,Credit Card,1,Standard,No,,True
2003,ORD-796308,828,59,2023-03-13 08:49:57,2023-03-18 08:49:57,two,249.89,SUMMER,12.83,0.05,483.77,Credit Card,1,Standard,,Ring bell,True
2004,ORD-629547,636,284,2023-11-28 09:46:30,2023-12-01 09:46:30,five,176.59,WELCOME20,6.24,0.05,191.07,Credit Card,Paid,Standard,,,True
2005,ORD-982852,596,302,2023-10-21 23:17:33,2023-10-24 23:17:33,two,162.83,WELCOME20,35.67,0.05,803.85,Stripe,Refunded,Standard,No,Fragile,True
2006,ORD-485471,297,64,2023-06-19 20:16:58,2023-06-17 20:16:58,5,431.4,NULL,18.08,5%,383.34,Credit Card,0,Next Day,Yes,,
2007,ORD-358117,727,70,2023-01-10 16:44:36,2023-01-09 16:44:36,two,102.38,,11.01,8%,710.65,cash,Refunded,Standard,No,Ring bell,
2008,ORD-133165,237,303,2023-05-13 09:05:33,2023-05-14 09:05:33,,84.41,SAVE10,25.37,0.1,838.86,credit card,1,Next Day,No,Fragile,False
2009,ORD-648359,978,142,2023-12-19 10:18:14,2023-12-19 10:18:14,,110.52,NULL,3.41,5%,963.36,Stripe,Failed,Next Day,No,,False
2010,ORD-424191,625,391,2023-07-26 18:48:30,2023-07-24 18:48:30,five,314.39,SAVE10,46.17,5%,94.96,Credit Card,Failed,Standard,,Ring bell,True
2011,ORD-589482,217,202,2023-08-15 11:12:26,2023-08-20 11:12:26,two,406.41,SUMMER,14.72,0.08,18.3,credit card,Refunded,Standard,No,Fragile,True
2012,ORD-378248,833,207,2023-04-09 12:38:06,2023-04-13 12:38:06,2,168.83,WELCOME20,44.32,0.1,552.94,cash,Failed,Standard,Yes,Fragile,False
2013,ORD-118004,246,415,2023-10-19 17:33:03,2023-10-20 17:33:03,2,90.86,SUMMER,24.88,0.05,271.6,PayPal,Refunded,Store Pickup,,Ring bell,
2014,ORD-751405,448,221,2023-06-04 22:17:22,2023-06-13 22:17:22,3,108.55,,42.51,5%,474.41,credit card,Pending,Store Pickup,,Fragile,
2015,ORD-543662,847,362,2023-04-01 16:39:18,2023-04-10 16:39:18,0,311.5,,12.35,0.1,81.93,Stripe,Refunded,Express,No,,
2016,ORD-841511,319,246,2023-03-10 13:30:08,2023-03-16 13:30:08,five,126.79,NULL,8.76,0.08,506.57,Stripe,Pending,Next Day,,,True
2017,ORD-821423,994,81,2023-12-11 04:55:07,2023-12-19 04:55:07,two,439.25,,42.47,8%,133.61,Credit Card,0,Standard,Yes,Fragile,False
2018,ORD-734653,432,251,2023-02-04 03:29:21,2023-02-05 03:29:21,five,56.43,,10.65,0.1,840.2,cash,1,Store Pickup,,Leave at door,False
2019,ORD-971526,404,51,2023-02-22 19:07:59,2023-02-20 19:07:59,-1,21.02,SUMMER,37.31,0.05,761.89,cash,Failed,Express,No,Ring bell,False
2020,ORD-712540,886,285,2023-10-31 05:13:47,2023-11-07 05:13:47,1,48.75,SAVE10,17.23,5%,83.33,cash,0,Next Day,No,Leave at door,
2021,ORD-610701,37,369,2023-10-02 22:22:11,2023-09-30 22:22:11,4,423.59,WELCOME20,37.41,8%,837.99,Stripe,0,Next Day,No,,False
2022,ORD-878035,576,492,2023-12-16 23:01:00,2023-12-14 23:01:00,-1,327.36,,45.38,0.08,331.71,PayPal,1,Next Day,,Fragile,False
2023,ORD-776774,731,399,2023-03-19 20:08:31,2023-03-17 20:08:31,-1,479.08,,49.08,0.05,359.33,cash,Paid,Store Pickup,No,,
2024,ORD-399867,342,384,2023-10-29 14:02:15,2023-10-30 14:02:15,two,171.47,SUMMER,17.99,8%,188.01,paypal,Paid,Standard,,,True
2025,ORD-474271,389,346,2023-05-05 16:03:06,2023-05-03 16:03:06,1,110.28,WELCOME20,18.38,0.08,836.95,credit card,0,Standard,No,Leave at door,True
2026,ORD-912895,34,204,2023-03-30 18:56:28,2023-03-29 18:56:28,2,283.18,SUMMER,49.07,0.05,410.66,paypal,0,Next Day,No,Leave at door,
2027,ORD-379203,39,25,2023-09-18 01:16:13,2023-09-19 01:16:13,2,271.22,SAVE10,43.08,5%,58.35,PayPal,1,Next Day,No,Leave at door,False
2028,ORD-553645,579,445,2023-12-18 17:22:33,2023-12-22 17:22:33,-1,297.56,SUMMER,2.25,0.08,966.59,credit card,Refunded,Express,Yes,,True
2029,ORD-686394,209,41,2023-12-12 09:04:21,2023-12-11 09:04:21,0,177.03,WELCOME20,28.67,8%,263.33,Credit Card,Refunded,Express,Yes,,True
2030,ORD-975311,830,69,2023-03-24 06:25:36,2023-03-29 06:25:36,2,7.92,WELCOME20,9.06,0.05,936.82,credit card,Failed,Next Day,No,Fragile,True
2031,ORD-835568,856,4,2023-02-04 22:15:21,2023-02-08 22:15:21,5,22.34,,49.7,0.1,308.23,Credit Card,1,Express,No,,
2032,ORD-587273,152,492,2023-09-17 10:29:08,2023-09-23 10:29:08,-1,333.59,SAVE10,6.95,0.05,833.11,CC,Paid,Store Pickup,,Fragile,True
2033,ORD-887835,899,240,2023-12-25 10:26:46,2023-12-28 10:26:46,4,264.01,NULL,27.97,8%,667.58,credit card,1,Next Day,,Fragile,False
2034,ORD-224020,365,361,2023-06-03 21:52:46,2023-06-04 21:52:46,1,411.4,,33.26,8%,862.67,credit card,1,Express,Yes,Leave at door,
2035,ORD-686420,199,441,2023-03-07 10:17:00,2023-03-10 10:17:00,3,153.7,SUMMER,46.85,0.1,976.36,paypal,Failed,Next Day,,,
2036,ORD-272967,601,31,2023-05-31 04:02:29,2023-06-01 04:02:29,,408.66,SUMMER,42.36,8%,872.77,paypal,Refunded,Standard,,Leave at door,True
2037,ORD-285418,760,387,2023-10-07 19:57:32,2023-10-11 19:57:32,five,215.62,WELCOME20,12.29,0.05,409.63,PayPal,0,Store Pickup,,,False
2038,ORD-213168,835,117,2023-10-13 13:59:40,2023-10-19 13:59:40,-1,52.87,WELCOME20,28.63,0.08,816.36,Credit Card,Paid,Next Day,,Ring bell,
2039,ORD-911921,79,195,2023-02-21 10:12:11,2023-02-21 10:12:11,2,489.07,WELCOME20,47.68,0.05,714.53,Stripe,Failed,Standard,Yes,,True
2040,ORD-102004,477,90,2023-10-22 02:38:00,2023-10-22 02:38:00,five,258.41,NULL,36.79,8%,70.99,paypal,Paid,Next Day,Yes,,False
2041,ORD-194963,434,178,2023-09-28 23:32:39,2023-09-27 23:32:39,4,316.59,NULL,34.42,0.1,930.46,cash,Paid,Standard,,,False
2042,ORD-150255,797,145,2023-05-02 14:41:18,2023-04-30 14:41:18,two,337.04,,37.75,0.1,471.3,PayPal,Refunded,Express,,,
2043,ORD-168701,842,444,2023-07-18 22:18:11,2023-07-16 22:18:11,,184.39,NULL,16.13,5%,143.11,Credit Card,0,Standard,Yes,Ring bell,True
2044,ORD-398741,32,202,2023-04-02 06:56:12,2023-04-02 06:56:12,0,375.03,WELCOME20,36.46,0.1,431.12,Credit Card,0,Store Pickup,No,Ring bell,False
2045,ORD-245505,87,322,2023-08-04 08:27:06,2023-08-08 08:27:06,3,435.78,,11.64,0.1,607.11,Credit Card,Refunded,Store Pickup,,Fragile,
2046,ORD-234004,551,344,2023-01-07 21:01:31,2023-01-15 21:01:31,two,196.66,,21.41,8%,577.22,CC,Failed,Express,No,,
2047,ORD-193994,393,203,2023-07-15 00:12:20,2023-07-21 00:12:20,4,330.22,SAVE10,44.5,0.08,579.05,Credit Card,Pending,Next Day,,Fragile,
2048,ORD-733681,613,24,2023-10-03 15:59:02,2023-10-02 15:59:02,2,379.78,NULL,0.95,0.08,263.28,PayPal,Failed,Store Pickup,Yes,Leave at door,
2049,ORD-317107,244,355,2023-11-06 09:54:15,2023-11-10 09:54:15,5,99.11,SUMMER,20.72,8%,636.38,Credit Card,Failed,Express,,Leave at door,
2050,ORD-548784,232,471,2023-10-29 09:50:28,2023-10-27 09:50:28,1,169.64,SUMMER,13.34,0.1,908.34,Stripe,Pending,Store Pickup,No,Leave at door,False
2051,ORD-265221,910,416,2023-04-30 22:42:48,2023-04-29 22:42:48,two,58.85,SAVE10,9.93,0.05,394.78,Stripe,Paid,Express,Yes,Leave at door,
2052,ORD-521396,580,471,2023-09-07 13:40:29,2023-09-10 13:40:29,two,303.09,WELCOME20,41.93,0.08,634.27,Credit Card,1,Store Pickup,,Leave at door,True
2053,ORD-378326,192,482,2023-08-15 23:12:57,2023-08-23 23:12:57,3,401.46,SAVE10,34.82,8%,251.55,PayPal,Pending,Express,,,True
2054,ORD-803138,916,105,2023-03-18 02:00:43,2023-03-20 02:00:43,1,307.37,WELCOME20,5.63,0.05,57.8,credit card,1,Store Pickup,Yes,Fragile,False
2055,ORD-113280,540,275,2023-01-25 05:09:55,2023-01-30 05:09:55,4,93.99,NULL,24.72,0.1,589.87,Credit Card,Paid,Next Day,,Fragile,
2056,ORD-133081,270,322,2023-10-07 03:54:27,2023-10-16 03:54:27,five,275.45,NULL,23.35,8%,57.07,PayPal,Pending,Standard,Yes,,
2057,ORD-658871,940,60,2023-04-28 11:17:16,2023-05-06 11:17:16,five,418.29,,7.13,0.08,726.35,paypal,Refunded,Store Pickup,,Leave at door,False
2058,ORD-299271,738,371,2023-04-21 15:16:55,2023-04-20 15:16:55,1,154.85,,39.99,0.05,673.65,PayPal,Failed,Express,Yes,Ring bell,
2059,ORD-917156,77,450,2023-01-09 21:36:16,2023-01-07 21:36:16,0,417.16,,18.33,0.05,375.63,CC,Pending,Next Day,,,
2060,ORD-349401,735,15,2023-06-30 17:25:08,2023-07-04 17:25:08,-1,393.39,,38.1,0.08,417.18,paypal,Pending,Store Pickup,Yes,,True
2061,ORD-782839,993,85,2023-02-23 14:23:24,2023-02-26 14:23:24,0,15.76,SUMMER,9.6,0.05,918.58,Stripe,Paid,Express,Yes,,
2062,ORD-450467,884,419,2023-01-15 09:25:17,2023-01-20 09:25:17,0,123.53,,15.75,0.08,23.0,Stripe,Refunded,Standard,,,False
2063,ORD-674088,167,197,2023-11-02 10:44:42,2023-11-10 10:44:42,two,273.76,,4.76,8%,567.67,credit card,Pending,Express,Yes,Ring bell,True
2064,ORD-209482,284,235,2023-11-10 04:13:52,2023-11-15 04:13:52,two,360.22,,7.17,5%,924.13,credit card,Refunded,Store Pickup,,Fragile,False
2065,ORD-320522,704,411,2023-03-13 03:09:39,2023-03-12 03:09:39,,440.86,WELCOME20,44.16,0.1,914.85,PayPal,1,Express,,,False
2066,ORD-123550,89,344,2023-09-04 16:02:41,2023-09-09 16:02:41,2,322.32,,5.46,8%,588.81,PayPal,Pending,Express,,,
2067,ORD-301821,544,263,2023-04-15 09:58:27,2023-04-18 09:58:27,4,193.27,SAVE10,4.79,0.1,387.42,Credit Card,Refunded,Standard,Yes,Leave at door,
2068,ORD-504734,649,6,2023-08-21 04:21:43,2023-08-27 04:21:43,4,96.39,,47.02,0.1,107.91,cash,Failed,Store Pickup,,Ring bell,True
2069,ORD-692125,156,494,2023-02-16 05:07:32,2023-02-25 05:07:32,,381.22,,32.3,0.08,182.05,cash,Paid,Store Pickup,Yes,Leave at door,False
2070,ORD-281465,250,381,2023-11-19 07:56:16,2023-11-23 07:56:16,two,107.36,SUMMER,5.05,5%,682.88,Credit Card,0,Standard,No,,False
2071,ORD-780296,95,289,2023-10-30 06:00:38,2023-10-29 06:00:38,3,349.24,,48.59,0.1,26.47,Stripe,Refunded,Next Day,No,Fragile,
2072,ORD-842757,17,58,2023-11-27 10:43:12,2023-12-02 10:43:12,3,94.7,WELCOME20,7.36,0.1,884.65,CC,Paid,Express,No,,False
2073,ORD-780922,117,433,2023-06-29 04:47:36,2023-07-05 04:47:36,2,50.07,NULL,38.32,8%,592.06,cash,0,Express,,Ring bell,False
2074,ORD-101908,983,145,2023-04-07 03:29:06,2023-04-11 03:29:06,1,129.29,,1.74,5%,54.7,Credit Card,Pending,Express,Yes,Fragile,False
2075,ORD-568132,333,366,2023-05-11 03:11:39,2023-05-12 03:11:39,two,146.04,,31.23,5%,247.37,Stripe,Pending,Store Pickup,,Ring bell,False
2076,ORD-249127,823,42,2023-12-27 14:01:22,2024-01-02 14:01:22,five,325.37,,27.34,0.1,598.26,PayPal,1,Store Pickup,Yes,,False
2077,ORD-543766,522,350,2023-08-19 11:49:34,2023-08-20 11:49:34,five,84.64,SUMMER,10.4,5%,45.25,cash,Paid,Express,No,,True
2078,ORD-578334,80,200,2023-12-22 22:44:46,2023-12-31 22:44:46,two,465.5,NULL,32.16,8%,782.19,PayPal,Failed,Store Pickup,No,,False
2079,ORD-622534,646,424,2023-12-24 19:38:29,2023-12-25 19:38:29,5,279.41,SUMMER,30.85,0.08,920.72,Credit Card,Failed,Standard,No,Ring bell,False
2080,ORD-994117,432,174,2023-09-12 04:36:31,2023-09-18 04:36:31,1,248.01,SUMMER,39.92,0.1,961.61,cash,Refunded,Standard,,,True
2081,ORD-739367,203,455,2023-06-22 23:27:05,2023-06-27 23:27:05,five,220.17,SUMMER,43.79,0.05,736.32,CC,Failed,Store Pickup,,Ring bell,
2082,ORD-137942,116,454,2023-02-22 13:51:49,2023-02-23 13:51:49,-1,285.47,WELCOME20,25.51,0.1,858.26,Stripe,0,Express,Yes,Ring bell,
2083,ORD-391136,963,452,2023-09-02 22:31:56,2023-09-07 22:31:56,0,16.11,NULL,24.51,0.1,614.6,PayPal,Paid,Express,Yes,Leave at door,True
2084,ORD-888907,220,385,2023-06-16 16:53:14,2023-06-21 16:53:14,two,495.09,WELCOME20,31.08,0.08,463.96,Stripe,Pending,Express,No,,True
2085,ORD-720955,253,335,2023-12-03 07:26:50,2023-12-07 07:26:50,5,280.97,WELCOME20,36.46,0.05,716.0,CC,Paid,Express,,Ring bell,
2086,ORD-612711,169,95,2023-10-12 06:36:53,2023-10-19 06:36:53,-1,22.42,NULL,17.81,0.05,231.94,PayPal,Paid,Store Pickup,,Ring bell,False
2087,ORD-493153,847,217,2023-01-21 09:30:04,2023-01-24 09:30:04,0,297.04,WELCOME20,25.23,0.05,118.69,Stripe,Pending,Next Day,Yes,,False
2088,ORD-564709,316,111,2023-12-13 15:38:56,2023-12-18 15:38:56,0,221.35,NULL,29.26,0.08,764.23,CC,0,Next Day,Yes,Leave at door,True
2089,ORD-874986,717,353,2023-05-01 22:17:24,2023-05-05 22:17:24,2,16.9,,49.42,5%,958.6,CC,Paid,Express,,,False
2090,ORD-250498,810,180,2023-02-09 03:06:35,2023-02-11 03:06:35,1,462.59,SUMMER,29.39,0.05,581.7,CC,Failed,Express,,,True
2091,ORD-580232,372,163,2023-04-04 11:31:33,2023-04-13 11:31:33,two,10.23,WELCOME20,11.21,5%,487.72,Credit Card,Refunded,Express,Yes,,
2092,ORD-407788,760,119,2023-12-28 09:57:43,2023-12-29 09:57:43,5,291.05,NULL,29.4,8%,539.06,credit card,Refunded,Next Day,,Ring bell,False
2093,ORD-437774,877,325,2023-11-29 06:26:04,2023-12-08 06:26:04,,481.09,SAVE10,40.97,0.08,483.68,Stripe,Paid,Standard,,Fragile,
2094,ORD-178533,977,389,2023-02-22 10:45:36,2023-02-21 10:45:36,2,122.61,WELCOME20,42.87,5%,447.78,CC,0,Next Day,No,,False
2095,ORD-123976,583,228,2023-10-18 05:34:12,2023-10-26 05:34:12,3,130.82,WELCOME20,40.01,0.05,947.57,Stripe,Pending,Store Pickup,,,False
2096,ORD-539170,156,145,2023-03-04 18:34:26,2023-03-09 18:34:26,-1,5.21,NULL,44.41,0.05,484.97,CC,1,Next Day,,Ring bell,False
2097,ORD-211860,614,437,2023-06-11 04:12:33,2023-06-17 04:12:33,,37.84,SAVE10,16.74,5%,90.29,Stripe,0,Store Pickup,,Ring bell,True
2098,ORD-515100,13,308,2023-12-03 20:05:30,2023-12-04 20:05:30,-1,27.22,SAVE10,25.38,5%,767.86,PayPal,Paid,Express,Yes,,
2099,ORD-397862,508,142,2023-03-24 17:07:03,2023-03-25 17:07:03,two,412.21,,38.98,8%,397.65,Stripe,Paid,Store Pickup,No,Ring bell,True
2100,ORD-521306,465,122,2023-10-07 21:23:18,2023-10-09 21:23:18,5,419.19,WELCOME20,13.22,0.08,713.59,cash,1,Express,Yes,Leave at door,True
2101,ORD-845521,783,285,2023-01-27 08:56:09,2023-01-26 08:56:09,5,364.72,SUMMER,18.58,0.1,583.77,credit card,Refunded,Standard,No,Fragile,
2102,ORD-352631,804,392,2023-03-17 14:28:54,2023-03-21 14:28:54,0,179.61,WELCOME20,41.56,8%,716.05,PayPal,0,Express,No,,
2103,ORD-153187,220,226,2023-12-05 20:51:16,2023-12-07 20:51:16,,411.52,SUMMER,38.5,8%,71.37,PayPal,Refunded,Express,,,True
2104,ORD-424837,15,360,2023-01-04 23:21:15,2023-01-07 23:21:15,5,272.19,SUMMER,48.56,8%,43.53,CC,1,Standard,No,,True
2105,ORD-878505,750,257,2023-04-20 11:34:07,2023-04-21 11:34:07,five,155.63,NULL,49.8,0.05,384.76,paypal,Pending,Express,No,Ring bell,True
2106,ORD-481723,117,285,2023-05-19 21:08:08,2023-05-24 21:08:08,-1,221.45,WELCOME20,12.04,5%,696.23,cash,Paid,Express,,Ring bell,
2107,ORD-148582,331,420,2023-12-06 11:59:16,2023-12-11 11:59:16,0,37.56,NULL,45.02,0.08,231.45,credit card,Failed,Express,,,True
2108,ORD-278401,56,435,2023-03-12 19:30:25,2023-03-21 19:30:25,two,472.73,,4.73,0.05,439.07,PayPal,Refunded,Next Day,No,,
2109,ORD-111009,351,165,2023-10-11 01:58:58,2023-10-13 01:58:58,5,311.46,SUMMER,35.49,8%,981.0,paypal,Refunded,Store Pickup,Yes,Leave at door,True
2110,ORD-130644,132,221,2023-07-28 08:47:15,2023-08-06 08:47:15,4,366.96,SAVE10,11.0,0.08,222.73,paypal,0,Express,No,,
2111,ORD-510455,995,69,2023-09-02 06:49:50,2023-09-05 06:49:50,two,339.91,SUMMER,15.02,0.05,849.46,PayPal,Refunded,Next Day,Yes,Leave at door,True
2112,ORD-986067,226,309,2023-05-02 11:38:44,2023-05-02 11:38:44,,335.54,,47.32,0.1,827.21,CC,Pending,Express,Yes,,False
2113,ORD-504501,308,224,2023-11-21 09:56:28,2023-11-19 09:56:28,five,13.54,SUMMER,13.16,8%,892.44,Credit Card,1,Store Pickup,No,Ring bell,False
2114,ORD-679244,475,124,2023-12-15 12:25:22,2023-12-21 12:25:22,1,265.06,NULL,33.66,0.05,915.99,PayPal,Pending,Express,Yes,Ring bell,
2115,ORD-144996,906,436,2023-08-25 13:44:43,2023-08-31 13:44:43,3,411.75,WELCOME20,8.91,0.05,512.25,CC,Refunded,Store Pickup,No,,
2116,ORD-119698,222,344,2023-05-05 23:20:29,2023-05-05 23:20:29,4,27.04,SAVE10,4.67,8%,685.11,credit card,0,Next Day,Yes,,False
2117,ORD-382107,173,339,2023-08-26 15:42:46,2023-08-27 15:42:46,0,478.3,NULL,16.97,0.1,622.7,CC,Paid,Next Day,Yes,Fragile,
2118,ORD-503877,340,12,2023-01-26 11:58:12,2023-01-30 11:58:12,-1,214.96,WELCOME20,31.21,5%,315.86,paypal,Refunded,Express,No,Fragile,
2119,ORD-256192,797,52,2023-09-12 00:56:04,2023-09-11 00:56:04,,148.5,SAVE10,12.4,0.1,286.99,cash,Paid,Standard,,Leave at door,False
2120,ORD-473074,506,129,2023-08-14 05:45:41,2023-08-23 05:45:41,,268.25,,15.01,8%,348.15,cash,0,Store Pickup,,,True
2121,ORD-777677,821,135,2023-11-06 16:22:30,2023-11-06 16:22:30,1,401.6,SUMMER,35.44,5%,226.27,credit card,Paid,Express,No,Fragile,
2122,ORD-957513,157,145,2023-11-03 13:26:49,2023-11-06 13:26:49,4,240.0,SAVE10,5.14,0.05,759.81,cash,Refunded,Next Day,No,,
2123,ORD-904021,151,127,2023-06-09 09:37:45,2023-06-17 09:37:45,-1,324.33,,22.35,0.1,964.93,credit card,Refunded,Express,,Ring bell,True
2124,ORD-591858,697,226,2023-12-08 23:21:19,2023-12-13 23:21:19,3,252.46,WELCOME20,47.09,0.1,869.09,Credit Card,Paid,Store Pickup,,Ring bell,True
2125,ORD-307442,178,427,2023-04-27 00:25:43,2023-04-25 00:25:43,2,317.48,SAVE10,19.85,5%,225.76,Credit Card,Pending,Express,Yes,,
2126,ORD-510680,533,71,2023-11-25 17:37:12,2023-11-26 17:37:12,2,73.33,,21.71,0.05,61.4,PayPal,Pending,Store Pickup,Yes,,
2127,ORD-508490,112,273,2023-11-18 00:27:06,2023-11-16 00:27:06,,24.14,WELCOME20,36.91,0.1,759.52,cash,0,Next Day,Yes,Fragile,True
2128,ORD-327366,683,187,2023-01-06 06:43:15,2023-01-05 06:43:15,4,72.77,NULL,38.95,5%,396.31,CC,Pending,Standard,,Fragile,
2129,ORD-130558,138,3,2023-02-22 05:24:36,2023-02-27 05:24:36,1,146.49,SUMMER,38.48,0.1,826.37,PayPal,Failed,Standard,No,Ring bell,True
2130,ORD-521083,233,285,2023-01-18 19:46:38,2023-01-21 19:46:38,,130.41,,49.89,0.05,781.44,Credit Card,Paid,Next Day,Yes,Leave at door,True
2131,ORD-306587,332,22,2023-08-23 23:26:12,2023-08-29 23:26:12,2,309.51,NULL,3.57,0.05,629.16,paypal,Failed,Next Day,No,Fragile,
2132,ORD-245833,542,166,2023-04-27 13:04:39,2023-04-26 13:04:39,,230.67,WELCOME20,49.11,0.08,262.79,Credit Card,Failed,Express,,Ring bell,
2133,ORD-446898,893,310,2023-06-14 07:31:50,2023-06-14 07:31:50,2,24.21,SAVE10,47.51,5%,113.0,CC,Paid,Next Day,Yes,Ring bell,True
2134,ORD-822589,307,363,2023-02-27 13:26:38,2023-03-05 13:26:38,4,22.26,SUMMER,42.61,8%,260.12,paypal,Failed,Next Day,,,
2135,ORD-590443,161,477,2023-04-30 15:40:36,2023-05-06 15:40:36,4,49.84,WELCOME20,22.71,0.1,514.66,cash,0,Store Pickup,No,,True
2136,ORD-728404,402,498,2023-12-25 02:10:42,2023-12-28 02:10:42,1,179.78,,43.55,0.05,979.67,PayPal,0,Express,Yes,,False
2137,ORD-412267,590,434,2023-04-28 07:41:36,2023-04-28 07:41:36,0,8.06,SUMMER,11.04,0.1,73.05,PayPal,Paid,Store Pickup,No,Leave at door,False
2138,ORD-820034,278,246,2023-01-18 16:32:42,2023-01-20 16:32:42,0,249.52,NULL,39.58,0.1,208.07,Credit Card,1,Express,No,Fragile,True
2139,ORD-356025,320,234,2023-10-31 04:12:24,2023-10-30 04:12:24,,183.53,SUMMER,9.26,8%,631.01,Credit Card,1,Express,Yes,Leave at door,True
2140,ORD-878229,533,325,2023-11-27 19:29:40,2023-12-01 19:29:40,,279.94,NULL,40.77,0.05,311.32,cash,Paid,Standard,Yes,Leave at door,
2141,ORD-124368,897,158,2023-04-23 23:39:36,2023-04-30 23:39:36,,361.81,WELCOME20,30.73,0.08,859.92,Stripe,Paid,Standard,,,True
2142,ORD-499618,497,151,2023-07-05 18:32:09,2023-07-13 18:32:09,1,129.23,SAVE10,4.9,5%,148.02,PayPal,Paid,Next Day,Yes,Ring bell,True
2143,ORD-342341,363,213,2023-06-28 02:45:02,2023-07-03 02:45:02,two,82.76,SUMMER,44.77,0.1,963.53,cash,Pending,Express,Yes,,
2144,ORD-242049,372,376,2023-08-26 00:29:15,2023-08-29 00:29:15,,142.64,SAVE10,28.9,8%,913.25,PayPal,Paid,Next Day,Yes,Ring bell,
2145,ORD-958094,892,218,2023-06-20 21:46:36,2023-06-25 21:46:36,0,5.87,SAVE10,32.81,8%,888.65,credit card,0,Store Pickup,Yes,Ring bell,False
2146,ORD-149993,655,246,2023-07-24 09:04:13,2023-07-23 09:04:13,0,64.41,SUMMER,14.18,5%,181.34,CC,0,Next Day,Yes,Ring bell,True
2147,ORD-560988,36,303,2023-08-25 03:38:43,2023-08-25 03:38:43,-1,376.66,SUMMER,43.58,5%,336.2,credit card,Refunded,Store Pickup,,Ring bell,True
2148,ORD-199076,303,405,2023-05-17 10:57:56,2023-05-21 10:57:56,4,115.29,SAVE10,27.26,0.05,806.06,credit card,1,Standard,No,Leave at door,False
2149,ORD-979326,438,276,2023-04-11 00:52:35,2023-04-18 00:52:35,two,497.18,,21.06,0.1,809.73,PayPal,1,Standard,,,True
2150,ORD-421404,726,151,2023-06-04 20:34:19,2023-06-13 20:34:19,2,88.08,,26.71,0.1,708.12,Stripe,Paid,Store Pickup,No,,
2151,ORD-800625,32,196,2023-09-28 14:06:24,2023-09-26 14:06:24,0,395.44,SUMMER,35.17,5%,453.57,cash,1,Store Pickup,Yes,Ring bell,True
2152,ORD-704774,186,405,2023-08-10 14:13:39,2023-08-14 14:13:39,3,354.0,SAVE10,34.75,0.08,318.47,cash,Paid,Store Pickup,,,
2153,ORD-827385,174,21,2023-04-26 04:25:40,2023-04-29 04:25:40,3,164.46,SAVE10,17.88,0.1,963.33,CC,Paid,Next Day,No,Fragile,True
2154,ORD-296258,566,257,2023-05-09 01:50:29,2023-05-14 01:50:29,0,168.72,WELCOME20,19.26,8%,147.87,PayPal,1,Store Pickup,No,Ring bell,False
2155,ORD-733331,673,399,2023-05-25 10:26:50,2023-05-29 10:26:50,3,283.96,SAVE10,28.11,5%,53.32,credit card,1,Express,Yes,Ring bell,
2156,ORD-633185,250,17,2023-02-23 19:43:35,2023-02-24 19:43:35,5,426.93,,46.22,0.1,19.04,credit card,Refunded,Store Pickup,Yes,,
2157,ORD-760382,763,51,2023-12-25 02:42:43,2023-12-25 02:42:43,two,196.16,WELCOME20,37.27,0.05,777.28,cash,Failed,Standard,No,Leave at door,False
2158,ORD-344204,935,447,2023-10-17 08:34:45,2023-10-17 08:34:45,4,35.28,,19.52,5%,66.14,cash,Refunded,Store Pickup,,Ring bell,
2159,ORD-472660,279,270,2023-06-16 18:58:23,2023-06-17 18:58:23,0,190.34,NULL,16.85,8%,543.26,PayPal,Refunded,Standard,No,,False
2160,ORD-411646,683,315,2023-11-03 17:43:15,2023-11-09 17:43:15,0,107.62,SUMMER,26.18,0.05,373.62,Credit Card,1,Standard,,Leave at door,True
2161,ORD-147520,695,83,2023-10-10 19:52:46,2023-10-16 19:52:46,2,469.91,NULL,43.5,5%,155.44,Credit Card,0,Next Day,,Leave at door,False
2162,ORD-463888,2,306,2023-11-18 06:24:45,2023-11-17 06:24:45,two,350.15,SUMMER,0.43,5%,743.19,PayPal,Refunded,Store Pickup,No,Ring bell,True
2163,ORD-682755,194,124,2023-04-08 08:40:54,2023-04-10 08:40:54,,30.16,,35.52,0.1,64.46,paypal,0,Standard,,Leave at door,
2164,ORD-220127,166,290,2023-09-21 21:50:03,2023-09-19 21:50:03,,150.03,,14.73,0.05,325.21,paypal,1,Express,No,Ring bell,
2165,ORD-342945,759,262,2023-11-02 08:46:20,2023-11-03 08:46:20,five,29.86,NULL,10.42,5%,566.57,Credit Card,Pending,Store Pickup,No,Ring bell,False
2166,ORD-376029,925,365,2023-04-07 10:38:35,2023-04-06 10:38:35,-1,415.86,SUMMER,0.61,8%,408.39,CC,Paid,Store Pickup,Yes,,True
2167,ORD-680358,756,49,2023-01-31 09:14:23,2023-02-05 09:14:23,5,453.62,SUMMER,44.83,0.05,266.56,Stripe,Failed,Standard,No,Fragile,False
2168,ORD-789122,110,6,2023-01-26 22:41:18,2023-01-27 22:41:18,1,60.58,WELCOME20,45.61,0.1,926.74,credit card,0,Next Day,No,Fragile,
2169,ORD-269547,380,117,2023-11-20 04:11:08,2023-11-22 04:11:08,1,222.94,SAVE10,3.07,0.08,931.66,cash,Pending,Next Day,Yes,,
2170,ORD-924801,835,118,2023-09-11 11:07:24,2023-09-19 11:07:24,five,466.28,WELCOME20,26.09,5%,421.93,CC,0,Store Pickup,Yes,Ring bell,True
2171,ORD-130878,999,453,2023-10-21 15:29:46,2023-10-22 15:29:46,4,76.88,,7.63,0.08,399.81,cash,Paid,Store Pickup,,,True
2172,ORD-285950,583,263,2023-06-18 17:13:20,2023-06-20 17:13:20,1,149.49,NULL,37.93,5%,314.31,Credit Card,Paid,Next Day,,Leave at door,
2173,ORD-753758,676,353,2023-12-12 05:05:24,2023-12-14 05:05:24,,155.62,SUMMER,33.27,0.1,857.2,PayPal,Failed,Next Day,Yes,,
2174,ORD-666175,285,461,2023-05-29 18:59:26,2023-05-31 18:59:26,3,19.88,WELCOME20,14.86,0.1,572.24,paypal,Refunded,Express,Yes,,True
2175,ORD-531036,887,435,2023-12-24 00:19:25,2024-01-01 00:19:25,-1,22.96,NULL,5.85,0.1,98.63,Credit Card,Paid,Store Pickup,Yes,,False
2176,ORD-839967,421,374,2023-02-01 23:30:49,2023-02-01 23:30:49,two,476.63,NULL,41.56,0.1,854.79,CC,Failed,Store Pickup,No,,False
2177,ORD-455457,113,129,2023-01-26 11:58:07,2023-01-30 11:58:07,,287.69,SAVE10,33.71,0.05,539.54,CC,0,Store Pickup,No,Fragile,True
2178,ORD-362135,228,397,2023-08-17 08:32:14,2023-08-17 08:32:14,2,156.79,SUMMER,0.34,0.05,421.44,Stripe,0,Next Day,No,Ring bell,True
2179,ORD-152509,471,171,2023-09-09 11:58:33,2023-09-08 11:58:33,two,192.44,NULL,31.39,5%,344.49,cash,0,Standard,Yes,,True
2180,ORD-860895,813,27,2023-12-12 14:52:51,2023-12-12 14:52:51,1,358.85,SUMMER,40.51,0.05,108.43,Credit Card,0,Express,,,
2181,ORD-390686,528,199,2023-11-15 11:35:54,2023-11-23 11:35:54,2,186.43,WELCOME20,29.54,5%,957.14,credit card,0,Next Day,,,False
2182,ORD-318911,496,372,2023-12-14 13:27:50,2023-12-14 13:27:50,two,117.74,NULL,21.24,0.05,743.83,CC,1,Next Day,No,,True
2183,ORD-135309,31,387,2023-01-05 08:42:04,2023-01-10 08:42:04,0,55.41,NULL,29.2,0.05,140.46,credit card,Paid,Express,No,,False
2184,ORD-904272,162,314,2023-01-05 11:41:28,2023-01-06 11:41:28,5,365.82,WELCOME20,30.99,0.05,516.16,credit card,Paid,Store Pickup,Yes,Leave at door,
2185,ORD-726433,818,345,2023-11-18 12:29:40,2023-11-18 12:29:40,,94.38,SUMMER,32.0,8%,560.02,cash,Refunded,Standard,Yes,Ring bell,
2186,ORD-235682,705,97,2023-09-22 17:21:55,2023-09-29 17:21:55,2,39.48,SUMMER,48.35,0.1,176.21,PayPal,Refunded,Express,,,True
2187,ORD-991882,722,488,2023-12-04 17:37:02,2023-12-06 17:37:02,five,216.34,NULL,8.93,8%,432.95,Credit Card,1,Standard,,Leave at door,True
2188,ORD-498120,378,17,2023-08-11 08:43:52,2023-08-12 08:43:52,5,24.59,WELCOME20,31.15,0.05,649.29,Credit Card,Paid,Store Pickup,Yes,Leave at door,True
2189,ORD-480617,446,173,2023-07-26 13:44:24,2023-08-01 13:44:24,two,482.67,,9.4,0.05,291.17,credit card,Refunded,Standard,,Ring bell,True
2190,ORD-602917,744,462,2023-12-07 18:05:43,2023-12-12 18:05:43,4,315.51,SUMMER,10.5,8%,338.29,PayPal,Failed,Store Pickup,,,False
2191,ORD-720986,427,101,2023-05-29 05:46:27,2023-06-06 05:46:27,five,80.58,,33.46,5%,130.81,CC,0,Next Day,No,Ring bell,True
2192,ORD-994455,696,186,2023-02-15 00:33:46,2023-02-19 00:33:46,,90.36,NULL,45.8,0.1,419.11,CC,0,Store Pickup,Yes,Leave at door,False
2193,ORD-586727,504,184,2023-07-02 21:16:26,2023-07-07 21:16:26,0,287.07,,7.95,5%,588.02,Credit Card,Paid,Express,Yes,Ring bell,
2194,ORD-975957,527,438,2023-05-28 16:21:26,2023-05-30 16:21:26,2,181.5,,48.12,0.1,125.36,cash,0,Express,Yes,,
2195,ORD-675561,944,215,2023-02-22 18:18:28,2023-02-23 18:18:28,3,388.26,SUMMER,15.97,0.08,618.64,cash,0,Store Pickup,No,Leave at door,False
2196,ORD-169962,817,251,2023-09-05 08:19:53,2023-09-09 08:19:53,2,275.17,NULL,19.57,0.1,403.82,credit card,Failed,Store Pickup,Yes,Ring bell,False
2197,ORD-605745,721,216,2023-06-21 09:25:23,2023-06-19 09:25:23,5,219.5,,7.68,5%,681.4,PayPal,Pending,Next Day,,,True
2198,ORD-381860,684,29,2023-03-15 04:12:52,2023-03-18 04:12:52,2,481.68,SUMMER,30.79,0.1,321.69,PayPal,1,Next Day,No,,True
2199,ORD-555698,778,102,2023-04-14 11:22:44,2023-04-19 11:22:44,5,198.41,,29.82,0.08,572.81,CC,Refunded,Store Pickup,No,Ring bell,True
2200,ORD-110090,532,123,2023-05-22 14:14:34,2023-05-26 14:14:34,five,203.3,SUMMER,22.11,0.08,616.67,CC,Pending,Standard,Yes,Ring bell,
2201,ORD-296996,582,54,2023-12-03 13:43:26,2023-12-02 13:43:26,2,334.56,NULL,23.8,0.05,693.6,cash,Refunded,Next Day,,,False
2202,ORD-110400,520,283,2023-02-18 11:22:16,2023-02-22 11:22:16,five,405.69,WELCOME20,31.15,0.08,759.37,paypal,Pending,Express,Yes,Leave at door,False
2203,ORD-504388,941,102,2023-05-07 12:49:19,2023-05-10 12:49:19,0,314.98,SUMMER,29.17,8%,144.99,paypal,0,Next Day,,Ring bell,False
2204,ORD-413485,34,117,2023-11-19 12:44:24,2023-11-21 12:44:24,0,350.81,SUMMER,18.71,5%,965.59,credit card,Refunded,Next Day,Yes,Leave at door,False
2205,ORD-897027,736,104,2023-09-04 03:45:57,2023-09-05 03:45:57,5,189.6,,44.21,8%,845.21,paypal,1,Next Day,,,True
2206,ORD-851168,691,45,2023-05-21 20:36:45,2023-05-19 20:36:45,two,242.35,NULL,33.38,8%,566.7,PayPal,Paid,Next Day,,Leave at door,True
2207,ORD-931419,758,114,2023-10-07 05:11:31,2023-10-06 05:11:31,0,102.53,SAVE10,10.27,5%,891.46,paypal,Failed,Store Pickup,,Fragile,False
2208,ORD-425772,490,343,2023-06-15 22:34:38,2023-06-19 22:34:38,-1,341.72,SAVE10,16.0,8%,388.61,Credit Card,Pending,Next Day,No,,True
2209,ORD-689717,772,31,2023-05-27 20:58:41,2023-06-03 20:58:41,2,114.62,WELCOME20,39.39,8%,43.94,Credit Card,Failed,Standard,Yes,,
2210,ORD-900587,620,164,2023-12-28 12:07:09,2023-12-28 12:07:09,-1,5.62,NULL,5.23,8%,729.76,Stripe,Failed,Next Day,Yes,Leave at door,True
2211,ORD-204124,754,465,2023-03-25 21:46:42,2023-03-27 21:46:42,2,467.21,SUMMER,37.51,0.08,943.91,CC,Refunded,Next Day,Yes,,
2212,ORD-410430,423,189,2023-12-21 08:57:21,2023-12-26 08:57:21,1,156.48,SAVE10,17.94,5%,170.24,CC,Paid,Express,No,Leave at door,
2213,ORD-874832,468,293,2023-04-29 15:12:05,2023-05-04 15:12:05,five,102.33,WELCOME20,27.58,5%,647.44,cash,Refunded,Next Day,,Leave at door,False
2214,ORD-129924,24,195,2023-10-13 03:31:54,2023-10-16 03:31:54,5,137.73,NULL,14.03,5%,815.29,credit card,Failed,Express,No,,False
2215,ORD-284561,216,292,2023-02-03 15:27:48,2023-02-05 15:27:48,,168.57,WELCOME20,49.32,8%,906.02,Credit Card,0,Express,No,Leave at door,True
2216,ORD-834122,55,375,2023-02-16 23:29:21,2023-02-15 23:29:21,,239.9,SAVE10,45.29,0.08,283.76,Stripe,1,Store Pickup,,,False
2217,ORD-248518,26,261,2023-06-03 00:20:59,2023-06-09 00:20:59,4,39.33,,46.42,5%,137.45,credit card,Paid,Express,Yes,Fragile,
2218,ORD-281170,281,430,2023-02-07 13:48:52,2023-02-05 13:48:52,two,31.07,,9.24,0.1,255.37,credit card,Paid,Express,No,Ring bell,
2219,ORD-384426,804,207,2023-09-01 12:35:20,2023-09-09 12:35:20,5,149.99,NULL,42.08,5%,581.94,cash,0,Standard,,,True
2220,ORD-253989,327,52,2023-12-07 18:58:27,2023-12-06 18:58:27,0,151.4,WELCOME20,26.77,0.05,919.54,paypal,Failed,Standard,,Fragile,
2221,ORD-573635,970,49,2023-08-30 22:15:55,2023-08-28 22:15:55,3,63.23,SUMMER,35.39,0.1,586.71,CC,Refunded,Express,Yes,,False
2222,ORD-291203,186,6,2023-08-05 04:07:53,2023-08-14 04:07:53,two,205.37,SAVE10,10.88,5%,920.43,credit card,0,Store Pickup,,Fragile,True
2223,ORD-260620,495,379,2023-04-29 16:01:21,2023-04-30 16:01:21,two,145.59,,35.6,8%,772.34,credit card,1,Standard,,,True
2224,ORD-439452,12,394,2023-05-19 23:50:42,2023-05-20 23:50:42,3,17.9,,45.71,5%,602.41,CC,Pending,Standard,,Ring bell,True
2225,ORD-208634,641,374,2023-01-10 01:55:14,2023-01-12 01:55:14,five,443.43,WELCOME20,13.37,0.08,31.58,cash,Refunded,Store Pickup,Yes,,False
2226,ORD-173009,884,224,2023-04-20 12:04:24,2023-04-22 12:04:24,two,443.58,,11.67,0.08,339.75,CC,Paid,Next Day,Yes,,
2227,ORD-577840,434,23,2023-08-05 09:33:23,2023-08-10 09:33:23,1,108.55,WELCOME20,5.22,5%,66.88,Credit Card,0,Standard,,Ring bell,False
2228,ORD-411230,921,496,2023-05-19 01:16:47,2023-05-27 01:16:47,two,85.62,SAVE10,13.34,8%,329.02,CC,Refunded,Express,,,True
2229,ORD-273872,208,145,2023-05-31 04:53:50,2023-06-08 04:53:50,4,275.91,WELCOME20,26.79,8%,71.71,paypal,Pending,Express,Yes,Fragile,
2230,ORD-861986,133,110,2023-05-10 18:15:12,2023-05-10 18:15:12,-1,317.22,,41.64,8%,176.14,Credit Card,1,Express,Yes,Leave at door,True
2231,ORD-398413,339,212,2023-03-20 05:55:10,2023-03-23 05:55:10,,478.98,WELCOME20,13.94,5%,416.58,cash,0,Store Pickup,Yes,,False
2232,ORD-867503,196,300,2023-09-10 15:35:18,2023-09-19 15:35:18,five,191.79,,31.06,5%,519.74,Stripe,1,Express,No,Ring bell,True
2233,ORD-352121,262,41,2023-11-14 12:56:54,2023-11-23 12:56:54,5,311.01,NULL,23.98,0.05,224.97,credit card,Pending,Next Day,Yes,,False
2234,ORD-616934,282,399,2023-05-07 05:33:21,2023-05-07 05:33:21,0,439.7,,14.43,0.08,735.25,paypal,Pending,Store Pickup,,,True
2235,ORD-682085,369,172,2023-09-05 21:11:04,2023-09-04 21:11:04,1,227.73,,25.52,0.1,594.46,paypal,Failed,Standard,Yes,,True
2236,ORD-555243,103,494,2023-02-03 04:19:52,2023-02-08 04:19:52,five,65.56,,8.4,0.1,694.84,Credit Card,Paid,Store Pickup,,Fragile,True
2237,ORD-206378,632,186,2023-09-19 17:03:00,2023-09-17 17:03:00,-1,191.84,NULL,31.98,0.08,735.44,credit card,Failed,Express,,Ring bell,False
2238,ORD-107184,183,214,2023-11-28 13:03:10,2023-12-04 13:03:10,4,72.6,SUMMER,5.78,0.05,729.65,Credit Card,Refunded,Store Pickup,,Ring bell,False
2239,ORD-475888,423,306,2023-11-29 07:09:34,2023-12-07 07:09:34,-1,13.24,,36.55,0.08,936.87,PayPal,Pending,Store Pickup,Yes,Fragile,False
2240,ORD-910652,9,52,2023-09-06 06:36:50,2023-09-10 06:36:50,5,377.02,SUMMER,8.89,0.05,244.85,PayPal,Failed,Store Pickup,Yes,Fragile,False
2241,ORD-636970,557,70,2023-06-29 05:00:02,2023-07-08 05:00:02,3,123.02,SAVE10,49.91,0.05,277.45,Credit Card,Paid,Store Pickup,Yes,,False
2242,ORD-914542,244,196,2023-08-08 02:38:19,2023-08-15 02:38:19,0,5.99,WELCOME20,41.18,8%,103.26,credit card,Paid,Next Day,Yes,,
2243,ORD-886720,782,447,2023-03-27 19:44:02,2023-04-05 19:44:02,3,436.85,SUMMER,17.19,0.08,596.66,cash,Pending,Store Pickup,Yes,,True
2244,ORD-190871,624,442,2023-05-01 19:13:41,2023-05-09 19:13:41,2,224.68,SAVE10,21.31,0.1,401.23,credit card,0,Express,No,,False
2245,ORD-427346,567,151,2023-08-10 08:04:19,2023-08-11 08:04:19,4,123.24,WELCOME20,12.96,5%,501.24,CC,Failed,Standard,Yes,Fragile,
2246,ORD-721309,393,428,2023-02-19 08:53:50,2023-02-19 08:53:50,0,135.08,,38.36,5%,178.12,cash,1,Next Day,No,Leave at door,
2247,ORD-158511,527,109,2023-12-15 18:21:32,2023-12-18 18:21:32,5,124.07,,19.04,0.08,652.57,paypal,Pending,Store Pickup,,Leave at door,True
2248,ORD-210681,37,467,2023-10-23 04:21:14,2023-10-29 04:21:14,five,101.31,,37.76,5%,622.83,Credit Card,Refunded,Standard,,Leave at door,True
2249,ORD-918788,178,118,2023-02-12 13:57:00,2023-02-18 13:57:00,,421.41,NULL,0.92,0.05,272.14,cash,Failed,Next Day,,Ring bell,True
2250,ORD-666202,639,365,2023-07-07 20:22:18,2023-07-08 20:22:18,0,89.31,NULL,6.78,5%,470.76,paypal,Failed,Express,,,False
2251,ORD-534492,629,95,2023-10-08 11:11:06,2023-10-15 11:11:06,five,283.12,NULL,18.25,0.05,895.36,cash,Pending,Express,No,Fragile,True
2252,ORD-707366,852,256,2023-11-05 13:16:20,2023-11-07 13:16:20,five,43.27,NULL,5.45,0.05,775.76,paypal,0,Standard,No,,True
2253,ORD-696098,72,44,2023-07-08 09:52:00,2023-07-16 09:52:00,2,475.01,SAVE10,30.06,0.1,234.67,PayPal,Failed,Store Pickup,,Leave at door,True
2254,ORD-682212,352,436,2023-07-19 20:09:44,2023-07-25 20:09:44,1,303.64,SAVE10,2.54,5%,880.07,PayPal,Failed,Standard,Yes,,
2255,ORD-201062,623,67,2023-09-01 08:36:05,2023-08-31 08:36:05,4,452.06,,42.99,0.1,76.64,Stripe,Refunded,Next Day,,,False
2256,ORD-184800,149,156,2023-08-01 11:15:12,2023-07-31 11:15:12,4,201.95,WELCOME20,38.07,5%,419.79,cash,0,Standard,,Fragile,True
2257,ORD-711843,697,323,2023-12-12 06:32:34,2023-12-14 06:32:34,2,406.28,NULL,10.81,0.05,89.32,cash,Refunded,Standard,No,Leave at door,
2258,ORD-619255,105,206,2023-03-09 09:12:14,2023-03-07 09:12:14,3,427.56,WELCOME20,24.19,5%,924.97,Credit Card,1,Store Pickup,,Leave at door,False
2259,ORD-767092,659,274,2023-08-02 18:44:41,2023-08-07 18:44:41,3,352.96,SAVE10,22.59,0.1,50.3,Stripe,Refunded,Express,No,Fragile,True
2260,ORD-779628,221,155,2023-09-01 16:05:08,2023-09-03 16:05:08,5,51.01,NULL,36.24,8%,159.73,Credit Card,1,Store Pickup,No,,
2261,ORD-999677,826,179,2023-06-09 20:25:02,2023-06-18 20:25:02,1,12.96,SAVE10,20.08,0.1,915.89,credit card,Refunded,Express,,,False
2262,ORD-157056,863,60,2023-05-20 15:15:37,2023-05-27 15:15:37,five,88.44,SAVE10,1.65,8%,586.34,Credit Card,1,Store Pickup,Yes,,True
2263,ORD-518603,374,74,2023-04-03 07:45:26,2023-04-02 07:45:26,two,63.46,SUMMER,13.69,0.08,797.24,cash,0,Express,No,,True
2264,ORD-409995,518,49,2023-05-27 22:50:05,2023-06-05 22:50:05,two,363.94,SAVE10,23.31,0.1,26.24,credit card,Refunded,Store Pickup,No,,
2265,ORD-734371,260,271,2023-11-07 13:22:17,2023-11-13 13:22:17,3,280.72,,48.72,5%,424.9,credit card,Refunded,Express,No,,True
2266,ORD-653599,299,467,2023-08-07 13:48:55,2023-08-06 13:48:55,2,265.35,SAVE10,44.06,8%,984.62,Credit Card,Pending,Express,,Leave at door,
2267,ORD-406837,861,73,2023-11-06 22:04:27,2023-11-10 22:04:27,1,130.17,NULL,9.07,5%,584.02,credit card,Refunded,Express,,,
2268,ORD-704474,42,196,2023-06-16 05:23:36,2023-06-21 05:23:36,-1,81.53,,36.16,8%,851.19,paypal,1,Express,No,Ring bell,
2269,ORD-656445,771,399,2023-03-29 23:48:15,2023-04-01 23:48:15,,107.24,SAVE10,46.84,0.1,963.92,credit card,Pending,Store Pickup,Yes,Fragile,False
2270,ORD-923563,897,179,2023-10-08 04:14:13,2023-10-16 04:14:13,1,203.14,,0.44,0.1,688.19,paypal,1,Next Day,,,
2271,ORD-123920,492,48,2023-03-11 07:57:46,2023-03-15 07:57:46,5,371.37,SAVE10,36.05,5%,334.35,paypal,Refunded,Express,Yes,,False
2272,ORD-325257,439,72,2023-07-02 02:23:51,2023-07-10 02:23:51,five,130.99,,22.97,0.1,315.52,paypal,Refunded,Express,Yes,,True
2273,ORD-177964,783,113,2023-11-14 01:32:57,2023-11-12 01:32:57,five,350.81,WELCOME20,34.01,5%,80.56,CC,1,Express,,Leave at door,False
2274,ORD-246933,47,245,2023-05-04 17:46:59,2023-05-05 17:46:59,4,248.3,SUMMER,30.28,0.05,433.49,Stripe,0,Express,No,Fragile,
2275,ORD-106411,85,385,2023-05-03 01:39:52,2023-05-07 01:39:52,0,443.29,,49.23,8%,916.24,cash,0,Express,Yes,Fragile,True
2276,ORD-296262,686,391,2023-07-22 06:37:34,2023-07-20 06:37:34,0,120.29,NULL,14.44,5%,483.28,CC,0,Standard,No,,
2277,ORD-142988,58,309,2023-02-28 16:09:58,2023-02-26 16:09:58,4,228.17,SUMMER,39.31,8%,911.88,cash,Failed,Standard,Yes,Fragile,
2278,ORD-397370,991,159,2023-08-25 21:42:12,2023-09-02 21:42:12,5,52.85,SUMMER,11.73,0.05,818.97,cash,Pending,Express,No,Ring bell,True
2279,ORD-549176,711,274,2023-03-24 19:06:28,2023-03-27 19:06:28,five,170.9,SAVE10,21.78,8%,984.35,credit card,Pending,Express,,Fragile,
2280,ORD-525338,209,268,2023-02-18 12:41:36,2023-02-19 12:41:36,0,255.91,,48.77,5%,948.22,Stripe,0,Express,Yes,,False
2281,ORD-927736,248,304,2023-03-07 19:44:01,2023-03-07 19:44:01,0,367.71,SUMMER,38.31,0.1,709.42,cash,Refunded,Next Day,Yes,Fragile,True
2282,ORD-254579,211,30,2023-08-14 03:57:45,2023-08-23 03:57:45,,103.05,NULL,15.79,8%,872.51,Stripe,Pending,Store Pickup,Yes,,True
2283,ORD-180414,39,97,2023-08-09 16:06:42,2023-08-11 16:06:42,0,112.96,NULL,30.97,8%,750.6,Stripe,1,Express,No,Leave at door,True
2284,ORD-786068,252,251,2023-11-19 15:41:49,2023-11-25 15:41:49,five,317.63,NULL,2.48,0.05,706.36,Credit Card,Refunded,Next Day,Yes,,
2285,ORD-327749,643,495,2023-07-11 20:42:53,2023-07-18 20:42:53,5,194.32,SAVE10,13.32,0.08,718.4,credit card,Pending,Next Day,Yes,Ring bell,
2286,ORD-868527,926,7,2023-09-09 21:27:35,2023-09-16 21:27:35,-1,243.64,WELCOME20,35.92,0.1,723.83,CC,Paid,Express,No,Ring bell,True
2287,ORD-766939,803,92,2023-08-16 02:39:33,2023-08-25 02:39:33,3,418.89,,28.5,5%,385.62,Stripe,Pending,Store Pickup,No,Leave at door,False
2288,ORD-863472,762,113,2023-09-16 15:02:35,2023-09-25 15:02:35,1,252.05,SUMMER,23.48,0.05,429.33,cash,0,Standard,,Leave at door,
2289,ORD-586474,953,259,2023-03-02 10:12:41,2023-03-10 10:12:41,2,327.99,,34.54,5%,301.13,Stripe,1,Express,No,Leave at door,
2290,ORD-175293,413,107,2023-07-16 17:12:58,2023-07-23 17:12:58,two,330.1,SUMMER,19.92,5%,156.78,cash,Pending,Express,Yes,Leave at door,
2291,ORD-276563,946,63,2023-07-02 08:45:16,2023-07-02 08:45:16,1,402.79,SAVE10,1.31,8%,463.86,PayPal,Failed,Standard,Yes,Fragile,False
2292,ORD-668118,446,390,2023-12-24 05:13:50,2023-12-26 05:13:50,,320.88,,22.05,0.05,900.95,Stripe,0,Store Pickup,,,
2293,ORD-749080,52,479,2023-06-19 02:04:29,2023-06-26 02:04:29,0,37.08,SAVE10,45.11,0.05,654.75,Stripe,Failed,Standard,,Ring bell,
2294,ORD-263834,374,358,2023-08-30 02:18:28,2023-09-01 02:18:28,5,174.38,SAVE10,42.83,0.1,65.62,PayPal,Refunded,Express,Yes,Fragile,False
2295,ORD-210311,526,271,2023-02-02 21:24:12,2023-02-08 21:24:12,-1,494.71,,20.45,0.08,813.09,credit card,Failed,Express,No,Leave at door,False
2296,ORD-258604,931,199,2023-07-10 03:44:00,2023-07-18 03:44:00,two,102.27,,1.11,5%,936.05,CC,1,Next Day,Yes,,
2297,ORD-731042,156,427,2023-02-08 08:28:43,2023-02-17 08:28:43,4,295.43,SUMMER,31.82,0.1,831.13,paypal,Paid,Standard,,,True
2298,ORD-354159,954,478,2023-01-16 12:22:02,2023-01-23 12:22:02,-1,422.26,NULL,37.06,0.1,730.27,CC,Paid,Next Day,Yes,,True
2299,ORD-395139,542,347,2023-07-30 09:31:07,2023-08-07 09:31:07,3,295.35,SAVE10,14.71,5%,158.62,credit card,Refunded,Next Day,Yes,Ring bell,False
2300,ORD-337313,90,337,2023-05-07 15:24:40,2023-05-08 15:24:40,0,189.27,WELCOME20,23.83,8%,355.51,CC,Refunded,Next Day,Yes,Ring bell,
2301,ORD-349732,903,146,2023-03-26 03:12:02,2023-03-24 03:12:02,2,44.71,SUMMER,49.59,8%,569.63,PayPal,Failed,Next Day,,,False
2302,ORD-225185,679,406,2023-08-21 00:48:50,2023-08-28 00:48:50,two,184.02,SUMMER,28.82,5%,86.09,Stripe,1,Standard,,Leave at door,False
2303,ORD-733125,351,61,2023-06-29 18:21:05,2023-07-01 18:21:05,0,95.12,NULL,17.55,0.05,115.21,Stripe,Failed,Standard,,Leave at door,True
2304,ORD-666740,69,120,2023-08-26 10:42:59,2023-08-24 10:42:59,two,480.63,NULL,31.37,0.08,934.91,paypal,1,Standard,No,Ring bell,False
2305,ORD-128747,163,61,2023-10-25 14:16:27,2023-10-28 14:16:27,2,358.94,SAVE10,9.0,8%,705.66,credit card,1,Express,,Ring bell,False
2306,ORD-657532,242,309,2023-05-26 11:25:21,2023-06-04 11:25:21,3,375.94,SUMMER,9.96,0.08,282.34,Stripe,Paid,Store Pickup,No,Ring bell,
2307,ORD-989222,495,26,2023-05-24 13:13:03,2023-05-31 13:13:03,4,220.8,SUMMER,46.25,0.1,334.09,credit card,1,Next Day,No,Leave at door,
2308,ORD-681566,383,115,2023-06-28 08:35:40,2023-07-05 08:35:40,five,59.43,WELCOME20,11.96,0.1,390.59,Credit Card,Pending,Express,,,False
2309,ORD-708448,52,475,2023-03-27 01:28:56,2023-03-31 01:28:56,5,137.02,SAVE10,15.54,5%,84.32,cash,1,Standard,No,,False
2310,ORD-300219,654,40,2023-05-28 03:19:23,2023-05-26 03:19:23,-1,133.56,SAVE10,27.19,5%,741.79,paypal,Paid,Standard,No,,
2311,ORD-430125,63,344,2023-03-31 09:15:05,2023-04-07 09:15:05,1,245.96,NULL,44.98,5%,185.07,cash,0,Express,Yes,Fragile,True
2312,ORD-516697,509,116,2023-04-20 22:00:06,2023-04-21 22:00:06,4,233.18,SAVE10,39.07,8%,807.07,credit card,Failed,Next Day,No,Fragile,
2313,ORD-467866,292,136,2023-02-10 01:41:27,2023-02-16 01:41:27,4,219.54,WELCOME20,2.19,0.08,847.41,CC,1,Standard,No,,
2314,ORD-831030,91,277,2023-12-18 08:42:58,2023-12-16 08:42:58,,250.51,SAVE10,34.65,0.1,642.05,CC,Pending,Next Day,,Ring bell,
2315,ORD-354543,664,477,2023-11-10 08:46:45,2023-11-16 08:46:45,two,493.58,,25.2,0.08,772.16,CC,Refunded,Next Day,Yes,,
2316,ORD-517141,424,299,2023-04-27 13:15:26,2023-05-02 13:15:26,two,152.69,,23.78,8%,180.12,CC,Failed,Store Pickup,No,Fragile,
2317,ORD-308945,669,21,2023-10-11 19:56:25,2023-10-13 19:56:25,,309.56,WELCOME20,34.58,0.08,580.18,credit card,Refunded,Standard,No,Fragile,True
2318,ORD-991629,821,387,2023-05-17 09:10:45,2023-05-20 09:10:45,-1,123.56,NULL,9.81,0.08,680.03,PayPal,Pending,Express,No,,
2319,ORD-936944,365,31,2023-07-17 11:49:48,2023-07-21 11:49:48,two,235.97,SUMMER,49.07,5%,664.94,paypal,Paid,Store Pickup,,,
2320,ORD-501337,150,247,2023-06-26 10:21:20,2023-06-27 10:21:20,five,104.02,SAVE10,32.27,0.08,126.12,CC,0,Next Day,,Leave at door,True
2321,ORD-329516,840,411,2023-06-23 06:11:49,2023-06-26 06:11:49,5,281.31,NULL,18.28,0.08,350.94,credit card,Paid,Express,Yes,Fragile,False
2322,ORD-356308,271,494,2023-05-30 02:37:51,2023-06-03 02:37:51,1,136.18,NULL,30.01,0.08,331.79,Stripe,0,Store Pickup,No,,True
2323,ORD-152786,881,27,2023-04-04 13:11:08,2023-04-12 13:11:08,1,23.21,SAVE10,10.82,0.05,576.8,Stripe,Failed,Store Pickup,Yes,Ring bell,
2324,ORD-164447,581,73,2023-01-07 11:52:13,2023-01-10 11:52:13,2,408.56,SUMMER,31.69,0.1,767.58,credit card,1,Store Pickup,,,False
2325,ORD-948077,116,441,2023-09-22 23:15:46,2023-09-30 23:15:46,2,68.49,SAVE10,1.41,0.1,574.88,CC,1,Next Day,No,Fragile,True
2326,ORD-988957,704,97,2023-08-02 06:27:54,2023-08-11 06:27:54,5,187.18,SUMMER,17.06,0.08,757.28,Credit Card,Refunded,Next Day,No,Leave at door,False
2327,ORD-601582,516,161,2023-02-20 13:45:35,2023-02-23 13:45:35,0,241.2,WELCOME20,37.38,5%,107.98,credit card,Paid,Standard,Yes,Fragile,True
2328,ORD-705308,587,346,2023-06-23 10:45:22,2023-06-22 10:45:22,0,219.08,SUMMER,40.4,5%,879.36,paypal,1,Store Pickup,No,Leave at door,True
2329,ORD-800567,914,476,2023-03-27 21:19:14,2023-03-29 21:19:14,4,364.2,NULL,12.65,5%,541.25,paypal,0,Express,,,False
2330,ORD-165039,810,300,2023-07-13 19:37:45,2023-07-13 19:37:45,4,300.4,WELCOME20,26.97,0.1,47.12,Credit Card,1,Next Day,Yes,Leave at door,False
2331,ORD-482214,241,299,2023-08-31 07:52:58,2023-09-04 07:52:58,,151.21,,26.42,8%,646.78,Stripe,Paid,Store Pickup,Yes,Leave at door,False
2332,ORD-436806,30,287,2023-09-04 01:14:54,2023-09-05 01:14:54,3,30.59,WELCOME20,21.07,0.08,522.17,Stripe,Paid,Express,No,,False
2333,ORD-539874,143,373,2023-08-02 10:57:14,2023-07-31 10:57:14,2,384.96,SUMMER,11.42,0.1,228.17,credit card,Pending,Next Day,,,
2334,ORD-274432,326,449,2023-05-15 01:39:58,2023-05-24 01:39:58,3,179.5,WELCOME20,35.16,5%,766.78,Credit Card,Refunded,Express,No,Fragile,True
2335,ORD-267437,695,212,2023-11-24 04:58:01,2023-12-03 04:58:01,two,445.41,WELCOME20,12.62,0.1,934.23,credit card,Paid,Express,Yes,Ring bell,
2336,ORD-356673,949,76,2023-12-07 07:10:50,2023-12-10 07:10:50,1,200.55,,45.55,0.1,329.46,credit card,Pending,Standard,Yes,,True
2337,ORD-188904,16,401,2023-07-01 01:32:07,2023-07-04 01:32:07,4,360.24,SUMMER,26.43,0.1,498.98,Credit Card,Paid,Next Day,,,
2338,ORD-640270,111,143,2023-06-05 11:09:00,2023-06-09 11:09:00,0,470.08,NULL,43.52,5%,136.89,Stripe,Failed,Next Day,Yes,Ring bell,
2339,ORD-204591,872,34,2023-07-22 05:32:15,2023-07-30 05:32:15,5,327.32,WELCOME20,14.54,8%,930.5,cash,0,Next Day,,Fragile,True
2340,ORD-738463,713,498,2023-04-10 21:02:28,2023-04-15 21:02:28,2,209.68,SAVE10,40.35,0.05,325.61,PayPal,0,Next Day,No,,
2341,ORD-108754,107,336,2023-12-26 00:40:44,2023-12-26 00:40:44,1,285.86,NULL,5.68,0.08,202.84,CC,Failed,Standard,,Fragile,False
2342,ORD-934739,379,4,2023-11-25 20:19:20,2023-11-28 20:19:20,-1,274.01,WELCOME20,38.34,0.08,483.64,CC,Failed,Standard,No,Ring bell,False
2343,ORD-483111,162,328,2023-09-03 16:22:16,2023-09-10 16:22:16,5,294.49,NULL,19.35,0.1,52.85,CC,Paid,Store Pickup,No,Fragile,
2344,ORD-808749,283,98,2023-07-29 08:25:20,2023-07-28 08:25:20,3,77.68,SAVE10,23.5,8%,260.31,Credit Card,1,Next Day,Yes,,
2345,ORD-851950,269,366,2023-07-10 16:10:09,2023-07-16 16:10:09,five,350.76,NULL,8.34,5%,76.98,credit card,1,Express,No,,True
2346,ORD-830484,484,217,2023-03-07 07:02:15,2023-03-06 07:02:15,3,76.8,NULL,0.93,0.05,136.1,cash,Failed,Standard,Yes,Leave at door,True
2347,ORD-701606,667,463,2023-05-11 06:41:40,2023-05-11 06:41:40,2,12.24,SAVE10,33.31,0.05,121.04,cash,Refunded,Express,,Fragile,
2348,ORD-431245,73,28,2023-09-23 00:41:19,2023-10-02 00:41:19,5,314.27,SAVE10,29.39,0.1,873.7,credit card,0,Express,,Leave at door,True
2349,ORD-711397,197,201,2023-09-16 11:38:46,2023-09-23 11:38:46,five,62.87,SAVE10,31.12,0.1,931.13,paypal,Pending,Express,No,,False
2350,ORD-175210,243,386,2023-05-12 15:53:36,2023-05-21 15:53:36,two,386.35,,12.75,5%,479.78,cash,Failed,Store Pickup,,Leave at door,False
2351,ORD-756368,598,273,2023-03-16 00:42:33,2023-03-25 00:42:33,-1,433.65,SAVE10,11.96,5%,634.11,credit card,0,Store Pickup,No,Fragile,False
2352,ORD-455713,799,314,2023-05-20 03:33:31,2023-05-19 03:33:31,3,472.64,NULL,41.51,5%,698.94,Stripe,Pending,Next Day,,Ring bell,True
2353,ORD-938038,259,127,2023-05-17 04:18:28,2023-05-23 04:18:28,-1,333.92,SAVE10,38.06,0.1,397.4,PayPal,Pending,Standard,No,,True
2354,ORD-968689,798,202,2023-03-23 13:56:26,2023-03-21 13:56:26,5,243.6,WELCOME20,16.84,8%,376.51,CC,Failed,Next Day,No,,True
2355,ORD-419260,149,9,2023-04-27 09:49:31,2023-04-29 09:49:31,1,179.38,SAVE10,31.89,0.1,678.81,cash,1,Store Pickup,,Leave at door,True
2356,ORD-728398,867,287,2023-11-20 12:43:30,2023-11-18 12:43:30,5,248.01,SAVE10,41.41,0.1,382.95,Stripe,Refunded,Store Pickup,,,
2357,ORD-213204,390,450,2023-03-02 10:33:15,2023-03-04 10:33:15,0,99.22,SUMMER,44.44,0.05,585.2,Stripe,0,Express,,,
2358,ORD-795583,988,88,2023-10-13 00:03:25,2023-10-18 00:03:25,five,177.47,NULL,0.29,5%,520.04,cash,Failed,Next Day,,Ring bell,
2359,ORD-691230,416,318,2023-05-16 09:16:17,2023-05-21 09:16:17,1,360.38,NULL,40.67,0.08,529.22,cash,Pending,Express,No,Leave at door,
2360,ORD-789439,426,19,2023-08-01 13:16:17,2023-08-09 13:16:17,3,112.62,WELCOME20,17.52,5%,831.07,PayPal,0,Store Pickup,No,Ring bell,False
2361,ORD-910278,997,81,2023-06-12 08:15:20,2023-06-17 08:15:20,two,135.71,,35.92,8%,707.02,CC,Paid,Next Day,,Ring bell,True
2362,ORD-257769,702,107,2023-06-28 22:02:36,2023-06-27 22:02:36,-1,375.92,SUMMER,18.57,8%,961.08,cash,Paid,Next Day,,,False
2363,ORD-483903,217,497,2023-04-30 16:55:31,2023-05-05 16:55:31,5,93.03,WELCOME20,30.31,5%,793.07,Credit Card,0,Standard,Yes,Leave at door,True
2364,ORD-770854,928,458,2023-10-22 06:01:35,2023-10-31 06:01:35,,126.71,WELCOME20,32.34,5%,154.33,PayPal,0,Store Pickup,No,Ring bell,
2365,ORD-743199,867,498,2023-11-13 14:36:35,2023-11-15 14:36:35,2,13.69,NULL,20.25,0.1,741.1,Stripe,Pending,Store Pickup,No,Fragile,False
2366,ORD-447366,86,311,2023-01-21 09:46:30,2023-01-19 09:46:30,3,361.43,SUMMER,25.64,0.08,668.99,cash,Failed,Standard,,,True
2367,ORD-354105,216,412,2023-07-27 13:53:29,2023-07-31 13:53:29,2,310.86,NULL,36.32,0.1,649.58,credit card,1,Store Pickup,Yes,Leave at door,
2368,ORD-160042,423,230,2023-12-30 14:05:03,2024-01-02 14:05:03,1,348.72,,23.82,0.05,485.94,CC,Failed,Express,,,True
2369,ORD-557182,320,112,2023-01-10 21:43:37,2023-01-12 21:43:37,0,111.09,NULL,0.7,0.05,71.84,paypal,Refunded,Express,No,Ring bell,True
2370,ORD-610855,118,220,2023-09-27 12:34:52,2023-09-25 12:34:52,3,345.25,SAVE10,0.65,8%,951.97,PayPal,0,Express,No,Fragile,
2371,ORD-968638,926,123,2023-02-07 15:01:21,2023-02-05 15:01:21,0,300.21,NULL,33.07,8%,853.41,Stripe,Paid,Next Day,Yes,,False
2372,ORD-737919,959,498,2023-07-20 15:22:10,2023-07-23 15:22:10,0,186.23,SAVE10,42.36,0.08,491.94,Credit Card,Pending,Express,,,True
2373,ORD-605879,882,244,2023-09-08 01:37:22,2023-09-15 01:37:22,two,221.72,WELCOME20,39.26,8%,167.0,Stripe,1,Store Pickup,Yes,Fragile,
2374,ORD-599074,992,178,2023-10-18 11:41:57,2023-10-27 11:41:57,1,286.12,,15.52,0.05,826.23,paypal,Failed,Standard,,Leave at door,True
2375,ORD-501228,415,65,2023-01-20 04:18:26,2023-01-24 04:18:26,5,249.18,SAVE10,23.56,0.08,436.36,cash,Refunded,Express,Yes,,True
2376,ORD-949475,599,380,2023-08-05 20:14:50,2023-08-12 20:14:50,,322.7,,11.71,0.05,396.21,cash,Failed,Express,,,True
2377,ORD-969692,40,3,2023-01-19 18:49:24,2023-01-26 18:49:24,five,94.58,NULL,49.46,5%,668.73,Credit Card,Refunded,Next Day,,,False
2378,ORD-610121,161,207,2023-10-15 18:18:27,2023-10-13 18:18:27,0,272.65,NULL,13.03,5%,761.09,CC,Failed,Store Pickup,,Ring bell,False
2379,ORD-724880,703,436,2023-03-13 05:34:42,2023-03-19 05:34:42,1,227.89,WELCOME20,20.81,0.08,72.21,PayPal,1,Standard,No,Ring bell,False
2380,ORD-222306,537,394,2023-12-29 14:56:07,2023-12-30 14:56:07,two,233.21,NULL,34.06,0.1,769.88,Credit Card,1,Store Pickup,,,False
2381,ORD-279666,420,21,2023-01-05 03:32:29,2023-01-07 03:32:29,3,237.34,SAVE10,43.8,8%,736.6,paypal,Pending,Express,No,,
2382,ORD-853614,664,293,2023-07-26 11:10:01,2023-07-25 11:10:01,4,441.33,WELCOME20,2.57,0.08,593.32,Stripe,1,Store Pickup,Yes,,False
2383,ORD-815128,95,15,2023-09-19 16:13:54,2023-09-28 16:13:54,4,410.22,,15.05,8%,345.03,paypal,Refunded,Standard,,Leave at door,True
2384,ORD-636902,442,343,2023-07-14 04:14:29,2023-07-21 04:14:29,,316.64,WELCOME20,28.45,0.05,173.15,credit card,Pending,Express,No,,
2385,ORD-273513,935,206,2023-10-06 17:12:46,2023-10-11 17:12:46,two,359.66,,30.92,0.1,111.63,Credit Card,1,Store Pickup,Yes,Leave at door,True
2386,ORD-390566,558,463,2023-09-22 19:21:58,2023-09-21 19:21:58,1,26.19,SUMMER,3.5,8%,11.17,PayPal,Paid,Standard,,Fragile,False
2387,ORD-605163,973,202,2023-04-21 12:18:30,2023-04-21 12:18:30,two,373.28,SAVE10,33.2,5%,214.4,PayPal,Refunded,Express,Yes,Fragile,True
2388,ORD-856471,650,120,2023-04-12 04:04:33,2023-04-21 04:04:33,five,245.65,SAVE10,26.4,5%,417.22,Stripe,Pending,Express,No,Ring bell,True
2389,ORD-936828,983,137,2023-10-28 09:32:29,2023-11-03 09:32:29,five,162.29,,41.38,0.05,251.21,Stripe,Refunded,Store Pickup,No,Ring bell,True
2390,ORD-202429,466,300,2023-02-25 03:04:50,2023-02-24 03:04:50,5,74.19,NULL,11.11,0.08,315.89,cash,Pending,Next Day,,Ring bell,True
2391,ORD-434308,288,295,2023-04-03 08:49:31,2023-04-06 08:49:31,4,42.23,NULL,9.75,8%,396.55,Stripe,Refunded,Next Day,No,Fragile,False
2392,ORD-587568,865,389,2023-04-26 18:27:37,2023-05-05 18:27:37,4,27.22,SUMMER,39.67,0.05,315.18,credit card,Paid,Standard,No,Leave at door,True
2393,ORD-651470,676,25,2023-06-05 02:35:53,2023-06-06 02:35:53,five,85.09,,35.19,5%,727.37,paypal,1,Store Pickup,Yes,,True
2394,ORD-644346,412,312,2023-08-19 00:32:46,2023-08-23 00:32:46,two,19.92,SUMMER,39.58,5%,496.81,Stripe,Failed,Standard,,Ring bell,True
2395,ORD-135283,400,234,2023-09-29 12:28:51,2023-10-02 12:28:51,,367.66,,39.1,5%,29.13,cash,Failed,Store Pickup,,Fragile,True
2396,ORD-772580,528,121,2023-12-07 00:30:46,2023-12-14 00:30:46,,128.06,SUMMER,5.2,0.1,234.4,Credit Card,Failed,Standard,,Ring bell,False
2397,ORD-917457,18,90,2023-06-10 23:58:57,2023-06-16 23:58:57,0,187.53,,13.93,0.1,712.56,Stripe,Pending,Standard,Yes,,True
2398,ORD-926023,136,320,2023-05-30 16:24:34,2023-06-05 16:24:34,3,412.24,SAVE10,13.0,5%,307.92,paypal,1,Store Pickup,No,,
2399,ORD-915017,464,200,2023-09-25 17:21:10,2023-10-02 17:21:10,4,61.76,SUMMER,46.73,0.08,920.94,Credit Card,0,Next Day,,Leave at door,
2400,ORD-991576,759,470,2023-11-10 09:51:50,2023-11-11 09:51:50,five,418.62,SUMMER,24.37,0.1,715.54,Credit Card,Pending,Standard,,Ring bell,True
2401,ORD-163643,248,180,2023-09-16 00:54:39,2023-09-14 00:54:39,two,321.57,,5.55,8%,297.03,Credit Card,Pending,Store Pickup,Yes,,True
2402,ORD-959244,843,345,2023-06-02 05:51:05,2023-06-01 05:51:05,1,174.3,WELCOME20,14.48,0.1,521.25,paypal,Pending,Store Pickup,Yes,,False
2403,ORD-746058,710,368,2023-01-10 11:25:06,2023-01-15 11:25:06,3,63.31,WELCOME20,43.6,8%,670.57,Stripe,0,Store Pickup,,,
2404,ORD-957233,1,76,2023-12-05 10:21:15,2023-12-12 10:21:15,,50.29,SAVE10,42.35,0.1,201.43,paypal,Pending,Express,,Fragile,False
2405,ORD-893503,702,137,2023-05-04 01:17:15,2023-05-09 01:17:15,2,171.08,NULL,45.02,5%,253.73,paypal,1,Store Pickup,Yes,Fragile,True
2406,ORD-189960,381,138,2023-01-21 01:53:22,2023-01-20 01:53:22,2,74.47,NULL,19.43,8%,512.05,CC,Failed,Store Pickup,Yes,Ring bell,
2407,ORD-369469,509,496,2023-06-09 13:02:28,2023-06-10 13:02:28,two,137.52,SAVE10,32.07,0.08,925.65,cash,Refunded,Express,Yes,Ring bell,
2408,ORD-629742,460,10,2023-10-24 11:15:34,2023-10-22 11:15:34,-1,31.21,NULL,13.91,0.1,350.57,paypal,Pending,Express,Yes,Fragile,False
2409,ORD-350191,505,201,2023-03-13 00:57:55,2023-03-17 00:57:55,-1,299.53,,9.04,0.1,408.11,credit card,1,Next Day,No,Leave at door,True
2410,ORD-315018,806,318,2023-11-30 15:28:12,2023-12-01 15:28:12,4,76.91,WELCOME20,1.1,5%,198.71,cash,Paid,Store Pickup,No,Leave at door,
2411,ORD-756558,476,346,2023-06-22 11:19:40,2023-06-30 11:19:40,1,379.58,SAVE10,11.17,8%,597.28,CC,Refunded,Standard,,,False
2412,ORD-705007,557,483,2023-05-22 03:36:10,2023-05-27 03:36:10,0,113.0,,30.22,5%,742.75,Credit Card,Pending,Express,No,,
2413,ORD-249495,954,219,2023-08-03 17:14:50,2023-08-09 17:14:50,two,400.0,SAVE10,45.21,8%,446.24,Stripe,Pending,Express,Yes,Leave at door,True
2414,ORD-749263,849,60,2023-11-28 18:59:59,2023-12-07 18:59:59,2,98.99,WELCOME20,6.67,0.1,752.75,PayPal,Refunded,Next Day,,Ring bell,True
2415,ORD-967531,897,479,2023-08-20 08:36:30,2023-08-26 08:36:30,2,362.08,NULL,45.9,0.1,309.58,Stripe,Refunded,Next Day,Yes,Leave at door,True
2416,ORD-148609,32,147,2023-07-20 14:02:56,2023-07-20 14:02:56,1,169.87,,17.27,0.1,709.91,CC,Pending,Next Day,No,,False
2417,ORD-332298,904,107,2023-02-18 22:27:01,2023-02-20 22:27:01,4,293.64,WELCOME20,21.34,0.1,265.76,cash,1,Store Pickup,Yes,Ring bell,True
2418,ORD-563915,118,38,2023-12-09 08:15:45,2023-12-12 08:15:45,-1,24.14,SAVE10,18.25,0.05,782.84,CC,Paid,Store Pickup,,,False
2419,ORD-730683,808,134,2023-05-06 18:05:06,2023-05-09 18:05:06,5,250.15,SUMMER,20.43,0.1,832.34,cash,1,Store Pickup,No,Fragile,
2420,ORD-984912,184,399,2023-06-06 18:25:07,2023-06-13 18:25:07,4,78.6,,12.96,0.1,799.75,cash,0,Express,,,True
2421,ORD-799733,191,221,2023-01-05 10:48:53,2023-01-10 10:48:53,4,245.73,SAVE10,34.93,8%,223.32,Credit Card,Failed,Next Day,No,,False
2422,ORD-522260,747,303,2023-02-19 19:30:29,2023-02-22 19:30:29,,74.97,SAVE10,37.91,0.1,697.31,paypal,Failed,Express,Yes,,False
2423,ORD-760959,750,429,2023-08-24 20:58:30,2023-08-27 20:58:30,0,221.36,WELCOME20,41.16,0.1,543.15,paypal,Failed,Standard,,Ring bell,False
2424,ORD-126378,728,133,2023-07-28 18:48:04,2023-07-29 18:48:04,0,59.76,SAVE10,17.06,8%,986.18,CC,Pending,Store Pickup,No,,True
2425,ORD-467624,74,334,2023-08-19 15:26:30,2023-08-23 15:26:30,2,113.88,,38.23,0.1,367.96,paypal,Paid,Express,No,,False
2426,ORD-598079,623,53,2023-01-28 18:23:29,2023-02-02 18:23:29,0,299.56,,31.88,0.1,773.54,CC,Paid,Standard,No,,True
2427,ORD-322717,103,450,2023-01-16 22:57:36,2023-01-16 22:57:36,2,488.45,SAVE10,47.9,5%,376.38,Stripe,0,Express,No,Ring bell,True
2428,ORD-881848,871,62,2023-11-02 10:30:03,2023-11-06 10:30:03,4,227.35,WELCOME20,21.24,0.05,402.89,PayPal,Pending,Standard,Yes,,
2429,ORD-319068,586,23,2023-02-21 20:03:53,2023-02-21 20:03:53,1,345.15,,49.62,8%,119.88,Stripe,Pending,Express,Yes,Leave at door,
2430,ORD-881049,420,44,2023-04-12 02:23:35,2023-04-17 02:23:35,5,272.02,SUMMER,37.02,5%,247.26,PayPal,Pending,Express,No,,True
2431,ORD-548247,473,308,2023-03-23 13:04:32,2023-03-21 13:04:32,1,251.69,NULL,38.81,0.08,172.84,Credit Card,Paid,Store Pickup,Yes,Leave at door,
2432,ORD-214962,764,46,2023-10-25 22:36:59,2023-10-23 22:36:59,4,37.03,WELCOME20,1.29,0.08,167.61,credit card,Pending,Express,Yes,Fragile,False
2433,ORD-365237,114,147,2023-07-23 01:59:29,2023-07-26 01:59:29,five,76.43,WELCOME20,24.87,0.05,18.93,credit card,Refunded,Express,No,Fragile,True
2434,ORD-725943,379,216,2023-07-31 15:19:22,2023-08-07 15:19:22,two,442.11,NULL,26.42,0.08,795.84,Stripe,Refunded,Next Day,Yes,Ring bell,
2435,ORD-948430,313,340,2023-07-23 11:40:11,2023-07-29 11:40:11,-1,208.03,NULL,2.03,0.05,473.25,paypal,Refunded,Express,,Ring bell,False
2436,ORD-500188,330,47,2023-06-14 15:48:25,2023-06-23 15:48:25,two,309.09,,15.61,0.08,806.13,credit card,Pending,Store Pickup,,Fragile,True
2437,ORD-366006,339,347,2023-10-22 11:41:09,2023-10-23 11:41:09,5,266.48,SAVE10,47.78,0.08,616.42,PayPal,Refunded,Express,Yes,Ring bell,False
2438,ORD-690421,238,308,2023-07-28 15:12:16,2023-07-31 15:12:16,0,192.55,SAVE10,21.31,5%,833.02,Credit Card,0,Store Pickup,No,Leave at door,True
2439,ORD-679467,173,24,2023-03-01 17:20:25,2023-03-10 17:20:25,two,196.97,SUMMER,9.34,0.08,508.73,PayPal,Pending,Next Day,,Leave at door,
2440,ORD-756305,79,145,2023-04-07 02:09:06,2023-04-09 02:09:06,0,279.96,SAVE10,25.67,0.05,103.1,cash,0,Store Pickup,Yes,,False
2441,ORD-616738,464,89,2023-02-02 20:02:14,2023-02-11 20:02:14,4,74.87,SUMMER,1.69,0.1,620.6,CC,Refunded,Next Day,Yes,Ring bell,
2442,ORD-688739,898,174,2023-06-25 15:23:23,2023-06-23 15:23:23,5,196.69,SUMMER,25.8,0.1,680.99,paypal,Pending,Next Day,No,Ring bell,False
2443,ORD-171936,605,64,2023-12-27 22:40:07,2023-12-30 22:40:07,,226.25,WELCOME20,29.71,0.1,630.24,paypal,1,Next Day,No,,False
2444,ORD-224567,964,119,2023-05-01 10:13:39,2023-05-07 10:13:39,-1,492.64,WELCOME20,17.88,0.05,803.32,credit card,Failed,Next Day,Yes,,False
2445,ORD-901420,501,223,2023-03-22 08:54:35,2023-03-31 08:54:35,-1,178.97,,38.13,0.05,734.18,CC,1,Next Day,No,Leave at door,False
2446,ORD-777510,562,156,2023-06-03 13:28:02,2023-06-03 13:28:02,five,324.07,NULL,6.79,0.1,438.31,credit card,Failed,Store Pickup,,,
2447,ORD-822522,285,178,2023-11-13 16:37:36,2023-11-21 16:37:36,,73.02,NULL,43.91,0.08,820.91,cash,Failed,Next Day,,,False
2448,ORD-801101,223,320,2023-10-27 12:51:39,2023-10-27 12:51:39,2,37.41,SUMMER,47.77,0.1,694.87,credit card,Refunded,Next Day,Yes,Ring bell,
2449,ORD-423408,593,412,2023-10-31 05:51:36,2023-10-30 05:51:36,-1,436.41,NULL,0.06,8%,129.16,credit card,Failed,Next Day,Yes,,False
2450,ORD-601009,266,342,2023-01-13 14:00:41,2023-01-14 14:00:41,3,366.71,SUMMER,42.14,0.05,544.47,CC,Failed,Next Day,No,Ring bell,True
2451,ORD-367661,667,56,2023-05-05 13:57:41,2023-05-12 13:57:41,2,162.16,NULL,25.31,8%,731.27,credit card,1,Next Day,,,True
2452,ORD-129968,373,59,2023-05-13 12:56:31,2023-05-13 12:56:31,-1,254.77,,23.07,8%,557.76,cash,Failed,Standard,No,Fragile,False
2453,ORD-211307,233,389,2023-06-06 23:46:45,2023-06-15 23:46:45,4,72.19,WELCOME20,11.93,0.05,949.54,paypal,Pending,Express,Yes,Ring bell,True
2454,ORD-968095,911,438,2023-05-24 03:12:56,2023-05-23 03:12:56,5,355.04,WELCOME20,22.37,0.1,110.48,credit card,0,Express,Yes,,False
2455,ORD-822234,828,428,2023-08-28 15:48:37,2023-08-26 15:48:37,5,39.81,SUMMER,47.52,5%,725.1,CC,0,Next Day,Yes,,
2456,ORD-689318,236,426,2023-10-27 05:40:59,2023-10-27 05:40:59,3,379.73,NULL,10.54,8%,826.21,CC,Pending,Next Day,Yes,,True
2457,ORD-867327,671,456,2023-08-08 18:29:56,2023-08-15 18:29:56,4,275.68,SAVE10,8.95,0.1,705.63,PayPal,Refunded,Standard,Yes,,False
2458,ORD-538672,917,381,2023-04-03 13:23:38,2023-04-06 13:23:38,3,143.03,,12.09,5%,391.73,credit card,1,Next Day,Yes,Leave at door,False
2459,ORD-102231,828,486,2023-07-27 08:50:07,2023-08-02 08:50:07,0,431.97,NULL,27.59,8%,391.63,CC,Paid,Standard,No,Ring bell,
2460,ORD-758960,763,220,2023-06-10 00:39:42,2023-06-18 00:39:42,1,493.11,SAVE10,46.51,0.1,590.7,Stripe,0,Express,No,Leave at door,
2461,ORD-817121,314,185,2023-04-19 12:57:57,2023-04-21 12:57:57,-1,130.9,,28.69,8%,403.13,credit card,1,Store Pickup,No,,False
2462,ORD-690891,937,47,2023-09-21 06:51:09,2023-09-21 06:51:09,4,404.09,,12.17,0.1,884.35,Credit Card,0,Express,,Leave at door,False
2463,ORD-912796,942,460,2023-07-03 22:49:14,2023-07-05 22:49:14,1,376.33,WELCOME20,22.02,0.08,118.83,paypal,Paid,Store Pickup,No,Leave at door,False
2464,ORD-514519,813,377,2023-08-29 03:14:47,2023-08-31 03:14:47,1,374.86,SUMMER,19.52,0.08,642.77,paypal,Failed,Store Pickup,Yes,Ring bell,False
2465,ORD-244568,380,409,2023-09-01 02:24:36,2023-09-03 02:24:36,5,478.83,NULL,2.33,0.05,142.77,Stripe,Paid,Store Pickup,No,Ring bell,False
2466,ORD-978973,794,102,2023-03-05 18:13:53,2023-03-14 18:13:53,5,245.88,,25.53,5%,544.76,credit card,Failed,Next Day,No,Fragile,False
2467,ORD-529454,614,44,2023-10-30 09:24:59,2023-11-08 09:24:59,,338.71,NULL,6.3,8%,718.43,cash,0,Standard,,Leave at door,
2468,ORD-104165,563,15,2023-01-22 15:24:43,2023-01-26 15:24:43,0,412.82,,42.11,8%,173.86,paypal,1,Store Pickup,Yes,Ring bell,True
2469,ORD-124888,420,236,2023-11-09 06:23:29,2023-11-11 06:23:29,4,242.37,WELCOME20,27.45,0.1,706.99,paypal,1,Standard,,Leave at door,False
2470,ORD-108667,52,361,2023-01-04 03:26:49,2023-01-08 03:26:49,five,243.31,SUMMER,42.23,5%,148.58,cash,Refunded,Express,,Leave at door,False
2471,ORD-985858,721,51,2023-08-27 22:33:19,2023-09-02 22:33:19,4,162.73,SAVE10,47.8,8%,624.35,Credit Card,0,Store Pickup,,,
2472,ORD-452753,819,309,2023-08-23 11:28:52,2023-08-25 11:28:52,0,391.51,SAVE10,47.16,5%,510.5,paypal,Refunded,Express,No,,True
2473,ORD-550721,643,34,2023-01-27 13:04:34,2023-01-26 13:04:34,5,344.67,WELCOME20,5.02,5%,305.09,paypal,0,Standard,Yes,Leave at door,
2474,ORD-253275,509,124,2023-11-10 12:22:01,2023-11-12 12:22:01,5,228.31,,47.24,0.08,120.43,CC,Failed,Standard,Yes,,
2475,ORD-879376,782,493,2023-05-20 17:51:14,2023-05-25 17:51:14,-1,212.57,WELCOME20,39.79,8%,738.5,paypal,0,Express,,Ring bell,False
2476,ORD-712401,945,77,2023-03-15 08:24:39,2023-03-24 08:24:39,two,40.93,SUMMER,38.88,8%,387.99,credit card,0,Standard,Yes,Leave at door,False
2477,ORD-169985,205,392,2023-03-09 22:08:38,2023-03-10 22:08:38,5,8.22,SAVE10,4.51,0.05,95.67,paypal,Failed,Express,Yes,,
2478,ORD-556489,731,123,2023-04-10 03:31:44,2023-04-09 03:31:44,3,266.8,NULL,8.98,5%,775.06,credit card,Pending,Standard,,Ring bell,False
2479,ORD-381025,257,205,2023-01-19 09:28:11,2023-01-26 09:28:11,-1,211.66,SAVE10,48.76,0.1,240.57,paypal,Pending,Next Day,No,Leave at door,False
2480,ORD-494091,185,228,2023-07-19 02:48:28,2023-07-19 02:48:28,2,399.04,SUMMER,10.67,0.08,739.09,credit card,0,Express,,Leave at door,False
2481,ORD-834104,145,70,2023-02-04 04:53:47,2023-02-10 04:53:47,two,273.61,,8.45,0.05,569.25,paypal,Pending,Store Pickup,,,True
2482,ORD-229833,690,230,2023-01-27 16:53:56,2023-02-02 16:53:56,two,468.67,WELCOME20,18.12,0.08,202.58,Stripe,1,Store Pickup,No,Ring bell,True
2483,ORD-628172,994,480,2023-04-21 18:48:15,2023-04-26 18:48:15,3,102.09,SAVE10,45.67,0.1,85.64,credit card,0,Store Pickup,No,Leave at door,False
2484,ORD-463922,14,21,2023-06-25 10:52:08,2023-06-30 10:52:08,two,495.12,SAVE10,23.81,0.05,597.32,paypal,Paid,Standard,No,Leave at door,
2485,ORD-429819,246,108,2023-06-16 08:49:39,2023-06-21 08:49:39,five,152.47,NULL,46.03,0.08,34.96,cash,Failed,Express,No,Fragile,True
2486,ORD-468491,187,364,2023-02-07 07:40:00,2023-02-12 07:40:00,5,323.0,WELCOME20,16.72,0.1,74.81,Credit Card,Refunded,Standard,,Leave at door,
2487,ORD-892658,337,241,2023-06-01 02:37:11,2023-06-06 02:37:11,5,253.42,NULL,11.33,0.05,705.2,CC,Failed,Store Pickup,No,Fragile,False
2488,ORD-973156,259,251,2023-07-02 05:52:20,2023-06-30 05:52:20,-1,182.99,NULL,24.76,0.1,543.49,CC,0,Next Day,Yes,Fragile,
2489,ORD-175071,866,135,2023-09-28 17:31:45,2023-10-01 17:31:45,0,73.96,,30.77,0.05,333.03,CC,Paid,Store Pickup,,Ring bell,
2490,ORD-874569,40,90,2023-03-07 10:21:18,2023-03-16 10:21:18,3,71.74,SAVE10,19.57,8%,543.84,cash,Failed,Store Pickup,,,True
2491,ORD-980457,601,79,2023-01-06 08:48:43,2023-01-12 08:48:43,5,357.2,WELCOME20,17.3,8%,595.73,CC,Refunded,Store Pickup,No,Fragile,
2492,ORD-191548,637,440,2023-10-12 06:36:16,2023-10-17 06:36:16,1,191.93,,10.9,0.08,569.63,cash,Refunded,Next Day,No,Ring bell,
2493,ORD-773381,962,177,2023-09-11 15:45:33,2023-09-11 15:45:33,,480.84,,13.75,5%,646.13,Credit Card,Paid,Next Day,Yes,,True
2494,ORD-456146,418,298,2023-11-12 18:30:35,2023-11-20 18:30:35,5,166.2,,33.66,5%,940.89,Stripe,Refunded,Express,No,Fragile,False
2495,ORD-589249,986,407,2023-07-22 03:06:19,2023-07-20 03:06:19,4,491.84,SUMMER,18.49,0.1,394.89,Stripe,1,Next Day,,,
2496,ORD-879947,351,308,2023-10-09 23:21:47,2023-10-08 23:21:47,1,106.68,SUMMER,3.99,0.05,308.14,Credit Card,Refunded,Express,No,,False
2497,ORD-199456,9,102,2023-11-05 08:20:02,2023-11-13 08:20:02,0,55.89,,6.91,8%,48.05,paypal,Paid,Next Day,Yes,Fragile,False
2498,ORD-674390,350,361,2023-09-25 02:50:32,2023-09-24 02:50:32,1,159.72,SUMMER,18.62,5%,155.6,Credit Card,Paid,Express,,Fragile,False
2499,ORD-452399,84,335,2023-03-24 04:01:52,2023-03-28 04:01:52,two,443.36,WELCOME20,46.23,8%,115.19,CC,Failed,Store Pickup,,,True
2500,ORD-942723,533,112,2023-07-09 05:56:03,2023-07-18 05:56:03,,263.32,SAVE10,18.95,0.1,342.09,cash,Refunded,Next Day,No,Leave at door,False
