shipment_id,order_ref,carrier,tracking_code,dispatch_timestamp,delivery_timestamp,est_days_to_deliver,actual_days_to_deliver,shipping_cost,fuel_surcharge,recipient_name,delivery_zone,weight_billed,package_dimensions_in,status_log
2363,ORD-483903,USPS,TRK403769633,2023-05-05 16:55:31,2023-05-12 16:55:31,4,,16.74,3.58,Mary,International,14.0 kg,10x12x20,Delivered
2135,ORD-590443,USPS,TRK755624572,2023-05-06 15:40:36,2023-05-14 15:40:36,8,,38.78,1.33,,International,7.23 kg,17x10x8,Lost
1445,ORD-604119,USPS,TRK374906026,2023-12-25 13:49:12,2024-01-06 13:49:12,9,,16.06,3.91,David,International,3.13 lbs,17x14x19,Lost
2044,ORD-398741,UPS,TRK323138366,2023-04-02 06:56:12,2023-04-03 06:56:12,4,,32.81,2.52,Jane,NA,17.29 lbs,17x14x7,Exception
1753,ORD-226256,FedEx,TRK190868440,2023-07-20 14:26:28,2023-07-26 14:26:28,4,,13.46,4.55,Alex,International,0.75 lbs,17x7x8,Exception
1256,ORD-230689,DHL,TRK293236293,2023-06-19 02:39:57,2023-06-28 02:39:57,3,,26.87,1.44,Alex,Domestic,2.26 lbs,9x17x10,In Transit
1850,ORD-522363,UPS,TRK221445387,2023-07-05 06:38:04,2023-07-17 06:38:04,6,,44.63,4.86,Jane,,19.89 kg,14x13x12,Lost
2218,ORD-281170,ups,TRK496266303,2023-02-05 13:48:52,2023-02-12 13:48:52,7,,48.61,3.95,Mary,Domestic,6.24 kg,18x18x13,Delivered
304,ORD-939855,USPS,TRK495823774,2023-04-23 10:58:27,2023-04-26 10:58:27,4,,33.81,4.05,Emily,,10.92 lbs,10x20x7,Delivered
1899,ORD-323498,USPS,TRK282381405,2023-12-29 11:53:24,2023-12-30 11:53:24,9,,24.35,3.54,Emily,International,10.57 lbs,9x10x5,Lost
2270,ORD-923563,DHL,TRK383876111,2023-10-16 04:14:13,2023-10-18 04:14:13,3,,45.37,3.17,Mary,EU,13.58 lbs,16x5x8,Exception
1911,ORD-856886,FedEx,TRK509824512,2023-06-30 03:28:26,2023-07-04 03:28:26,7,,33.83,3.3,Emily,,5.28 kg,16x14x13,Lost
903,ORD-294452,FedEx,TRK407101780,2023-06-15 13:47:51,2023-06-20 13:47:51,9,,9.63,1.74,John,EU,7.29 kg,6x13x12,Returned
1936,ORD-535382,FedEx,TRK891130279,2023-05-14 04:39:22,2023-05-22 04:39:22,3,,36.0,3.8,Mike,NA,8.48 kg,13x14x11,Lost
1407,ORD-876732,USPS,TRK863827175,2023-08-03 07:50:10,2023-08-09 07:50:10,7,,7.74,3.15,Alex,EU,1.69 lbs,20x10x15,Returned
2021,ORD-610701,ups,TRK317143843,2023-09-30 22:22:11,2023-10-09 22:22:11,5,,37.11,1.94,Mike,EU,4.09 lbs,8x11x17,Lost
250,ORD-299007,DHL,TRK994056877,2023-03-31 05:26:26,2023-04-09 05:26:26,6,,39.9,2.55,KIM,International,12.63 lbs,12x11x9,In Transit
596,ORD-413586,FedEx,TRK704766156,2024-01-06 04:42:22,2024-01-19 04:42:22,3,,17.44,4.92,,Domestic,18.95 kg,12x8x14,Returned
1822,ORD-374523,UPS,TRK656218032,2023-04-19 09:51:33,2023-04-21 09:51:33,3,,18.15,1.47,Mary,EU,11.1 lbs,11x6x15,Exception
1807,ORD-837627,fedex,TRK516544521,2023-03-18 22:52:24,2023-03-26 22:52:24,4,,12.58,2.34,Mike,,6.47 kg,10x8x9,In Transit
2046,ORD-234004,FedEx,TRK251840319,2023-01-15 21:01:31,2023-01-26 21:01:31,3,,30.68,2.82,Mike,Domestic,5.62 kg,12x17x15,In Transit
949,ORD-285399,FedEx,TRK662545647,2023-11-15 02:54:45,2023-11-17 02:54:45,9,,33.17,3.12,Sarah,,6.56 lbs,8x11x6,In Transit
1505,ORD-978894,ups,TRK489754798,2023-06-11 06:53:05,2023-06-18 06:53:05,3,,29.15,3.17,chris,NA,13.52 lbs,16x14x7,Returned
693,ORD-181072,DHL,TRK699841848,2023-12-03 03:13:19,2023-12-16 03:13:19,4,,40.22,3.75,KIM,International,8.93 lbs,5x7x12,Lost
457,ORD-263198,UPS,TRK700227197,2023-08-02 06:29:55,2023-08-14 06:29:55,4,,8.37,3.3,Alex,International,1.54 lbs,15x7x16,Delivered
2439,ORD-679467,USPS,TRK886747611,2023-03-10 17:20:25,2023-03-23 17:20:25,4,,5.82,4.05,Jane,International,19.95 kg,5x14x10,Lost
676,ORD-551575,DHL,TRK127984921,2023-02-01 16:53:28,2023-02-11 16:53:28,8,,46.29,1.97,KIM,EU,4.77 lbs,7x6x15,Delivered
533,ORD-779767,fedex,TRK459438007,2023-04-10 19:55:26,2023-04-13 19:55:26,8,,43.37,4.54,Mary,International,7.83 kg,14x9x17,Exception
626,ORD-587204,ups,TRK973094960,2023-11-06 19:29:25,2023-11-12 19:29:25,5,,24.02,2.77,chris,EU,16.8 lbs,10x17x12,In Transit
1292,ORD-422620,FedEx,TRK473805385,2023-03-09 14:47:44,2023-03-12 14:47:44,9,,37.99,3.4,Sarah,EU,8.98 kg,20x7x19,In Transit
2482,ORD-229833,USPS,TRK373797661,2023-02-02 16:53:56,2023-02-03 16:53:56,9,,10.56,3.44,John,NA,7.02 kg,15x5x16,Returned
332,ORD-376936,ups,TRK386251322,2023-04-11 18:34:08,2023-04-14 18:34:08,8,,34.45,4.18,KIM,Domestic,12.77 kg,17x8x20,In Transit
603,ORD-740094,DHL,TRK326461060,2023-11-02 14:22:00,2023-11-14 14:22:00,7,,43.94,4.57,  sam  ,Domestic,9.29 lbs,17x7x9,In Transit
1164,ORD-810346,UPS,TRK964384144,2023-11-27 04:34:51,2023-11-29 04:34:51,2,,37.23,3.66,  sam  ,,16.11 lbs,19x13x15,Lost
1367,ORD-918906,UPS,TRK138966566,2024-01-05 01:22:28,2024-01-07 01:22:28,7,,33.79,2.78,Mary,EU,9.13 lbs,13x11x18,Delivered
179,ORD-535940,fedex,TRK359649853,2023-12-07 10:51:28,2023-12-18 10:51:28,5,,30.19,4.98,  sam  ,EU,2.87 lbs,7x14x19,In Transit
1448,ORD-862405,FedEx,TRK417051825,2023-08-11 16:28:24,2023-08-15 16:28:24,5,,25.82,3.87,John,,15.64 lbs,19x8x20,Delivered
543,ORD-735385,DHL,TRK226930601,2023-07-09 13:29:00,2023-07-13 13:29:00,4,,10.77,3.39,Jane,Domestic,2.79 kg,7x18x13,Exception
1243,ORD-482965,ups,TRK805290187,2023-12-14 11:14:08,2023-12-18 11:14:08,4,,27.5,1.69,Mike,NA,14.98 kg,9x19x17,Delivered
561,ORD-751553,fedex,TRK474385593,2023-12-15 18:12:00,2023-12-20 18:12:00,5,,31.29,3.25,,Domestic,9.53 kg,5x18x7,Exception
2017,ORD-821423,FedEx,TRK996416518,2023-12-19 04:55:07,2023-12-22 04:55:07,8,,31.05,4.89,Alex,EU,14.99 kg,9x14x8,Returned
2081,ORD-739367,USPS,TRK889469228,2023-06-27 23:27:05,2023-07-03 23:27:05,2,,46.53,1.71,chris,,8.1 kg,7x15x10,Returned
1344,ORD-669098,USPS,TRK399019897,2023-03-29 10:50:01,2023-03-31 10:50:01,9,,44.58,2.8,KIM,EU,13.8 lbs,7x20x7,In Transit
444,ORD-807796,ups,TRK571999013,2023-06-03 05:34:26,2023-06-05 05:34:26,5,,40.35,4.75,chris,NA,2.59 lbs,12x15x10,Exception
372,ORD-192861,fedex,TRK225245310,2023-06-11 19:14:00,2023-06-23 19:14:00,4,,31.28,3.34,chris,International,5.63 lbs,14x9x19,Delivered
65,ORD-686311,ups,TRK799362160,2023-04-24 10:25:00,2023-04-26 10:25:00,3,,28.86,2.6,,NA,8.75 kg,14x17x16,Lost
804,ORD-604754,ups,TRK790925255,2023-08-04 01:22:50,2023-08-12 01:22:50,8,,31.89,2.08,  sam  ,NA,12.02 lbs,17x9x6,Returned
1970,ORD-688737,fedex,TRK883914456,2023-03-28 02:57:47,2023-04-04 02:57:47,7,,6.9,3.67,Mary,International,9.92 lbs,8x9x5,Delivered
1453,ORD-804970,USPS,TRK748101202,2023-07-15 18:13:09,2023-07-20 18:13:09,3,,26.16,1.51,Mary,NA,9.4 lbs,6x16x6,Delivered
615,ORD-882715,FedEx,TRK186375536,2023-01-21 12:19:37,2023-01-28 12:19:37,3,,39.52,3.92,KIM,EU,1.32 kg,19x7x18,Exception
914,ORD-970093,USPS,TRK237622212,2023-09-29 11:22:25,2023-10-02 11:22:25,5,,49.66,1.49,  sam  ,Domestic,7.95 lbs,7x20x5,Returned
2033,ORD-887835,fedex,TRK425779289,2023-12-28 10:26:46,2024-01-09 10:26:46,7,,8.39,3.26,Sarah,Domestic,6.27 kg,8x12x7,Exception
991,ORD-244194,ups,TRK663284975,2023-03-12 10:40:25,2023-03-21 10:40:25,2,,18.07,2.27,Mike,EU,13.16 kg,16x20x6,Lost
806,ORD-641098,fedex,TRK628587237,2023-05-25 05:53:35,2023-06-05 05:53:35,9,,19.71,4.29,,International,11.56 kg,19x12x8,Lost
2164,ORD-220127,UPS,TRK914259082,2023-09-19 21:50:03,2023-10-01 21:50:03,9,,38.5,3.87,Mary,NA,2.66 lbs,8x9x11,Delivered
186,ORD-881846,UPS,TRK935893742,2023-05-24 20:41:05,2023-06-02 20:41:05,2,,14.59,1.68,Sarah,Domestic,17.17 kg,6x11x8,Returned
365,ORD-744601,DHL,TRK681217243,2023-03-18 04:35:33,2023-03-31 04:35:33,8,,30.98,4.05,  sam  ,International,17.89 lbs,18x6x20,Delivered
1844,ORD-391934,USPS,TRK523228427,2023-01-16 12:09:59,2023-01-29 12:09:59,9,,24.21,4.2,Jane,NA,18.35 lbs,5x15x20,Lost
1593,ORD-484337,UPS,TRK503163489,2023-10-04 18:12:01,2023-10-17 18:12:01,8,,6.27,3.06,Sarah,Domestic,7.38 lbs,19x19x8,Exception
2311,ORD-430125,USPS,TRK580584266,2023-04-07 09:15:05,2023-04-12 09:15:05,4,,13.52,2.55,Mike,International,7.31 kg,15x17x5,Exception
2094,ORD-178533,fedex,TRK155076530,2023-02-21 10:45:36,2023-02-22 10:45:36,3,,23.75,1.25,chris,EU,13.02 kg,8x10x16,Returned
1750,ORD-616279,DHL,TRK315656053,2023-02-20 18:13:35,2023-02-25 18:13:35,5,,9.68,2.97,Sarah,NA,17.67 kg,15x8x18,Lost
557,ORD-431148,UPS,TRK581794185,2023-05-01 12:07:02,2023-05-11 12:07:02,2,,9.56,1.47,Emily,EU,19.64 kg,6x20x11,Exception
898,ORD-740584,UPS,TRK548480522,2023-01-12 07:52:35,2023-01-14 07:52:35,7,,5.34,1.86,Sarah,EU,4.13 lbs,9x5x7,Lost
1533,ORD-975161,USPS,TRK631509605,2023-12-05 15:29:28,2023-12-08 15:29:28,6,,29.85,4.86,John,EU,19.84 kg,13x8x20,Exception
1550,ORD-621383,USPS,TRK412253750,2023-04-14 23:21:18,2023-04-23 23:21:18,3,,29.54,4.23,David,EU,12.42 lbs,16x13x15,Returned
1384,ORD-407478,fedex,TRK270859877,2023-09-01 06:58:16,2023-09-09 06:58:16,3,,40.12,1.42,chris,International,6.94 lbs,10x13x19,In Transit
346,ORD-319008,FedEx,TRK644427433,2023-10-31 10:20:35,2023-11-10 10:20:35,3,,35.3,1.26,KIM,,14.91 lbs,14x8x16,Lost
1869,ORD-932875,ups,TRK162338236,2023-07-06 15:25:57,2023-07-16 15:25:57,8,,31.69,3.44,Mary,International,15.94 kg,18x16x12,Exception
990,ORD-353180,DHL,TRK986552291,2023-02-23 12:29:16,2023-02-25 12:29:16,6,,36.93,4.02,David,EU,9.34 lbs,16x14x10,Exception
1345,ORD-147058,USPS,TRK424215867,2023-09-02 22:51:32,2023-09-15 22:51:32,2,,27.19,2.05,Emily,,7.99 lbs,12x17x7,In Transit
1808,ORD-979484,USPS,TRK424842536,2023-04-03 16:00:28,2023-04-05 16:00:28,3,,44.95,1.27,KIM,International,12.07 lbs,13x17x18,In Transit
954,ORD-174773,FedEx,TRK230728591,2023-11-09 02:31:01,2023-11-15 02:31:01,4,,6.44,2.04,Sarah,NA,14.08 lbs,13x9x11,Returned
860,ORD-470334,FedEx,TRK130244545,2023-03-06 08:10:46,2023-03-09 08:10:46,8,,34.73,1.73,  sam  ,,19.0 lbs,11x15x8,In Transit
524,ORD-793576,fedex,TRK734442232,2023-04-24 05:19:11,2023-04-26 05:19:11,6,,7.4,2.98,KIM,EU,19.15 lbs,18x7x10,Delivered
390,ORD-455387,DHL,TRK903908929,2023-01-18 09:07:29,2023-01-24 09:07:29,4,,7.24,3.62,David,Domestic,18.88 lbs,19x11x8,In Transit
2302,ORD-225185,USPS,TRK376038585,2023-08-28 00:48:50,2023-09-02 00:48:50,8,,27.9,1.96,KIM,EU,10.2 lbs,10x20x15,In Transit
459,ORD-185147,DHL,TRK856532478,2023-03-26 12:01:20,2023-04-03 12:01:20,7,,36.57,4.64,Jane,International,2.28 kg,12x10x11,Exception
888,ORD-354353,FedEx,TRK578999052,2023-03-19 00:25:32,2023-03-29 00:25:32,7,,32.69,2.42,David,Domestic,11.33 kg,7x13x9,Returned
846,ORD-512754,fedex,TRK494687209,2023-04-13 19:22:33,2023-04-22 19:22:33,8,,22.18,3.71,David,EU,5.76 kg,6x17x15,Returned
1697,ORD-539961,UPS,TRK646692434,2023-06-03 03:32:05,2023-06-14 03:32:05,5,,47.92,4.29,  sam  ,International,10.55 kg,17x17x12,Lost
2093,ORD-437774,fedex,TRK360467494,2023-12-08 06:26:04,2023-12-21 06:26:04,8,,36.09,1.22,Jane,EU,2.14 lbs,14x9x6,Lost
1877,ORD-295378,DHL,TRK256901417,2023-02-20 16:25:30,2023-03-04 16:25:30,8,,12.66,1.49,Mary,,13.67 kg,6x14x9,Lost
465,ORD-609725,fedex,TRK664760753,2023-06-20 11:31:25,2023-07-01 11:31:25,2,,8.11,3.94,John,NA,6.25 lbs,12x19x9,Lost
1660,ORD-976810,UPS,TRK826584658,2023-05-04 06:59:03,2023-05-13 06:59:03,2,,20.07,2.63,  sam  ,NA,10.44 lbs,6x15x13,Lost
504,ORD-776489,UPS,TRK699541468,2023-05-03 22:49:47,2023-05-11 22:49:47,2,,40.27,4.14,Mary,,10.39 lbs,11x7x18,Exception
2152,ORD-704774,FedEx,TRK206473322,2023-08-14 14:13:39,2023-08-18 14:13:39,9,,43.04,1.29,,NA,8.64 kg,14x6x9,In Transit
34,ORD-111001,DHL,TRK722783910,2023-04-14 17:51:07,2023-04-15 17:51:07,7,,23.16,3.45,KIM,,3.67 kg,11x15x20,Exception
20,ORD-954558,USPS,TRK386506419,2023-09-04 14:23:23,2023-09-09 14:23:23,6,,32.06,1.19,,Domestic,19.84 kg,7x16x5,Lost
1149,ORD-284324,UPS,TRK426906856,2023-08-03 06:22:47,2023-08-08 06:22:47,9,,27.34,4.88,Alex,International,7.74 lbs,16x18x11,Exception
1682,ORD-373760,USPS,TRK187318927,2023-04-08 20:45:08,2023-04-20 20:45:08,4,,16.01,4.4,John,NA,14.71 kg,19x16x18,Returned
2120,ORD-473074,DHL,TRK364440902,2023-08-23 05:45:41,2023-08-26 05:45:41,7,,11.71,1.28,  sam  ,EU,18.66 kg,13x8x9,Lost
2184,ORD-904272,DHL,TRK678875256,2023-01-06 11:41:28,2023-01-10 11:41:28,5,,12.61,4.52,Alex,Domestic,6.09 kg,14x13x20,Exception
131,ORD-655403,USPS,TRK927364315,2023-11-30 21:55:58,2023-12-08 21:55:58,2,,12.22,2.17,Emily,,19.07 lbs,13x10x20,Exception
2255,ORD-201062,fedex,TRK532604261,2023-08-31 08:36:05,2023-09-11 08:36:05,7,,12.02,2.0,John,Domestic,6.65 lbs,9x14x11,Returned
1674,ORD-532910,USPS,TRK584420079,2023-05-07 15:55:40,2023-05-19 15:55:40,8,,29.29,2.79,,International,9.39 kg,11x13x8,Lost
1235,ORD-598714,fedex,TRK818788257,2023-07-16 18:21:12,2023-07-24 18:21:12,2,,11.93,3.42,KIM,,6.35 lbs,20x14x17,Delivered
1451,ORD-409929,ups,TRK155635794,2023-09-28 04:02:37,2023-10-06 04:02:37,3,,28.78,2.61,Alex,International,12.67 lbs,16x15x6,In Transit
1255,ORD-237543,ups,TRK350683111,2023-07-14 17:10:27,2023-07-22 17:10:27,3,,31.03,3.73,Jane,,1.91 lbs,7x16x18,In Transit
1466,ORD-476422,FedEx,TRK213797070,2023-04-20 05:55:51,2023-05-02 05:55:51,6,,46.89,1.8,chris,International,6.74 kg,20x12x8,Delivered
933,ORD-587807,fedex,TRK383286360,2023-09-21 23:58:26,2023-10-03 23:58:26,7,,31.22,4.02,  sam  ,Domestic,2.09 kg,18x20x14,Delivered
1684,ORD-466810,ups,TRK298255415,2023-12-29 06:17:55,2024-01-01 06:17:55,4,,27.45,1.24,Mike,,11.79 lbs,6x5x8,Delivered
78,ORD-577285,fedex,TRK841340335,2023-01-27 21:34:59,2023-02-09 21:34:59,2,,34.22,2.61,chris,EU,1.92 kg,17x16x7,Lost
2043,ORD-168701,FedEx,TRK805225799,2023-07-16 22:18:11,2023-07-28 22:18:11,8,,49.23,4.48,Alex,Domestic,11.25 kg,10x16x13,In Transit
1967,ORD-645989,ups,TRK914174667,2023-07-10 01:48:11,2023-07-20 01:48:11,8,,8.2,1.65,Emily,NA,0.6 lbs,9x19x9,Returned
1759,ORD-935282,ups,TRK163488734,2023-09-27 19:16:13,2023-09-29 19:16:13,7,,34.74,3.59,Alex,International,18.63 lbs,10x8x14,In Transit
2343,ORD-483111,DHL,TRK330311027,2023-09-10 16:22:16,2023-09-12 16:22:16,9,,49.2,1.94,Emily,EU,15.71 lbs,8x17x17,Lost
1614,ORD-731620,USPS,TRK852731738,2023-05-25 01:17:05,2023-05-31 01:17:05,8,,9.35,2.1,David,International,18.77 lbs,15x5x8,In Transit
1379,ORD-523174,fedex,TRK438489565,2023-06-04 15:57:44,2023-06-13 15:57:44,8,,13.97,4.75,Sarah,,11.37 lbs,11x14x17,Returned
1691,ORD-270091,USPS,TRK586733071,2023-01-27 04:58:35,2023-02-02 04:58:35,8,,23.32,3.51,Alex,,19.71 kg,5x16x13,Lost
1554,ORD-522255,DHL,TRK923443620,2023-12-11 17:34:52,2023-12-19 17:34:52,4,,21.8,3.92,KIM,International,10.38 kg,5x5x8,Returned
1074,ORD-691742,USPS,TRK308914662,2023-12-30 13:09:19,2024-01-03 13:09:19,5,,18.06,4.18,Jane,,16.3 lbs,5x11x12,In Transit
612,ORD-892146,FedEx,TRK883580689,2023-02-18 00:58:12,2023-02-20 00:58:12,7,,37.04,4.54,chris,EU,6.85 lbs,9x9x10,Exception
1761,ORD-616685,FedEx,TRK432665170,2023-12-13 12:34:12,2023-12-14 12:34:12,7,,7.68,3.86,Sarah,International,4.62 lbs,16x9x10,Returned
844,ORD-717275,DHL,TRK609286831,2023-10-18 06:31:25,2023-10-22 06:31:25,3,,13.25,1.13,Emily,Domestic,15.78 kg,19x18x18,Lost
268,ORD-993586,DHL,TRK386569182,2023-10-16 21:41:21,2023-10-22 21:41:21,2,,29.12,4.83,Mary,NA,4.24 lbs,14x17x11,Returned
1840,ORD-724355,DHL,TRK132909008,2023-08-21 14:34:09,2023-08-24 14:34:09,7,,42.74,1.7,Mary,NA,9.72 lbs,8x15x19,Lost
1771,ORD-833370,FedEx,TRK706049740,2023-04-10 06:38:02,2023-04-18 06:38:02,9,,36.57,4.37,Mike,Domestic,12.79 kg,6x18x8,Lost
127,ORD-832665,ups,TRK660953809,2023-05-03 10:00:55,2023-05-14 10:00:55,4,,46.89,1.04,Alex,International,19.67 kg,7x15x7,Returned
942,ORD-167557,fedex,TRK223980034,2023-09-22 09:42:08,2023-09-30 09:42:08,5,,8.85,1.96,Alex,International,12.03 lbs,19x15x19,Lost
314,ORD-792829,DHL,TRK701943497,2023-12-31 18:45:36,2024-01-04 18:45:36,3,,31.37,3.75,  sam  ,EU,13.07 kg,12x15x14,Lost
2236,ORD-555243,ups,TRK401986222,2023-02-08 04:19:52,2023-02-19 04:19:52,6,,40.55,2.65,Jane,EU,13.11 kg,12x6x12,In Transit
1567,ORD-257705,FedEx,TRK624861906,2023-12-09 02:02:34,2023-12-21 02:02:34,5,,49.4,4.22,Emily,,0.55 kg,15x10x13,Lost
1909,ORD-367394,ups,TRK587521464,2023-12-11 08:00:34,2023-12-17 08:00:34,4,,43.15,2.12,John,Domestic,17.6 kg,20x16x13,In Transit
508,ORD-224675,fedex,TRK346952179,2023-05-07 03:05:02,2023-05-20 03:05:02,4,,28.63,1.81,Jane,International,14.04 kg,16x14x13,Returned
670,ORD-287072,UPS,TRK147894599,2023-10-24 07:39:40,2023-10-27 07:39:40,5,,25.29,1.89,Alex,Domestic,14.06 kg,13x15x13,Returned
229,ORD-382987,USPS,TRK515310856,2023-12-12 13:18:24,2023-12-22 13:18:24,6,,30.7,1.67,Alex,,15.16 kg,20x12x10,In Transit
420,ORD-447212,FedEx,TRK962102951,2023-12-17 06:50:38,2023-12-23 06:50:38,4,,19.76,4.92,David,EU,2.57 lbs,17x8x12,Lost
430,ORD-678550,FedEx,TRK346437471,2023-01-15 02:50:55,2023-01-25 02:50:55,7,,6.25,3.12,chris,International,19.47 kg,9x20x12,In Transit
230,ORD-779659,fedex,TRK620932408,2023-02-12 20:01:36,2023-02-20 20:01:36,8,,32.51,3.18,KIM,NA,19.17 lbs,10x7x12,In Transit
662,ORD-815114,USPS,TRK459738345,2023-08-08 13:15:35,2023-08-19 13:15:35,5,,16.68,3.37,Emily,NA,7.87 lbs,10x10x15,Delivered
1297,ORD-990679,USPS,TRK460332879,2023-05-02 07:14:16,2023-05-10 07:14:16,3,,41.94,4.96,Mary,,13.52 kg,9x18x13,Delivered
1999,ORD-260847,USPS,TRK894677141,2023-10-21 01:32:28,2023-10-27 01:32:28,8,,10.6,2.94,Mike,EU,8.5 lbs,15x12x13,Lost
458,ORD-923369,DHL,TRK933904957,2023-04-11 21:42:04,2023-04-12 21:42:04,7,,27.14,2.97,John,,4.4 lbs,18x10x9,Exception
1516,ORD-826873,DHL,TRK926786021,2023-08-22 07:25:03,2023-08-31 07:25:03,4,,20.91,4.43,Jane,Domestic,13.71 kg,15x17x8,Lost
546,ORD-419217,fedex,TRK515635167,2023-03-03 08:17:04,2023-03-05 08:17:04,9,,35.62,4.07,KIM,EU,18.66 lbs,17x20x20,Lost
1298,ORD-830687,UPS,TRK148642277,2023-06-20 02:58:23,2023-06-25 02:58:23,8,,28.7,4.61,  sam  ,EU,12.82 kg,8x15x8,Delivered
364,ORD-880770,USPS,TRK101800977,2023-07-12 17:32:04,2023-07-23 17:32:04,7,,23.57,1.44,,,1.43 lbs,17x18x8,In Transit
618,ORD-193550,DHL,TRK782812422,2023-12-11 02:49:32,2023-12-13 02:49:32,4,,25.81,3.25,Sarah,,7.78 lbs,7x12x17,Returned
279,ORD-891283,DHL,TRK408194191,2023-01-12 10:55:59,2023-01-24 10:55:59,8,,9.59,2.0,John,International,14.77 kg,18x10x16,Returned
2153,ORD-827385,DHL,TRK137382659,2023-04-29 04:25:40,2023-05-12 04:25:40,2,,49.18,4.06,Jane,Domestic,15.5 kg,12x12x14,In Transit
325,ORD-508930,DHL,TRK249816140,2023-10-21 02:28:41,2023-10-30 02:28:41,6,,30.18,2.65,Sarah,EU,18.09 kg,9x17x14,Returned
921,ORD-159165,ups,TRK671686567,2023-04-04 19:07:49,2023-04-13 19:07:49,8,,14.46,2.4,,NA,3.26 kg,8x13x9,Returned
1223,ORD-970245,ups,TRK811268657,2023-04-15 09:32:16,2023-04-24 09:32:16,7,,13.24,1.95,Sarah,NA,7.53 lbs,6x7x20,Exception
1216,ORD-454779,USPS,TRK920401498,2023-05-14 18:47:27,2023-05-15 18:47:27,9,,8.92,2.74,Jane,EU,10.63 kg,7x17x19,Delivered
288,ORD-566521,FedEx,TRK197959666,2023-06-19 15:47:36,2023-06-22 15:47:36,8,,45.51,4.79,John,EU,14.95 lbs,15x16x5,Returned
1687,ORD-461898,ups,TRK594008592,2023-02-06 00:14:19,2023-02-17 00:14:19,8,,41.48,1.85,,Domestic,15.14 lbs,9x18x8,Lost
1035,ORD-146104,fedex,TRK595474930,2023-07-31 18:33:58,2023-08-12 18:33:58,8,,40.95,4.9,chris,,7.69 kg,17x20x7,Returned
1378,ORD-255653,USPS,TRK944924567,2023-07-16 06:08:25,2023-07-28 06:08:25,2,,34.26,3.92,Mary,International,17.6 lbs,17x16x8,Delivered
807,ORD-743931,DHL,TRK894445638,2023-01-12 13:50:09,2023-01-13 13:50:09,5,,28.37,3.43,Alex,EU,3.04 kg,16x7x16,Exception
2492,ORD-191548,FedEx,TRK458380270,2023-10-17 06:36:16,2023-10-18 06:36:16,4,,11.37,3.92,  sam  ,Domestic,11.48 kg,11x11x14,Delivered
2244,ORD-190871,USPS,TRK527429220,2023-05-09 19:13:41,2023-05-13 19:13:41,9,,17.63,1.54,John,NA,3.89 lbs,11x14x8,In Transit
837,ORD-187708,FedEx,TRK842111498,2023-08-01 15:19:00,2023-08-05 15:19:00,4,,19.57,1.93,Emily,Domestic,13.89 lbs,8x13x11,Delivered
2195,ORD-675561,FedEx,TRK420194382,2023-02-23 18:18:28,2023-03-03 18:18:28,7,,24.04,4.23,Alex,Domestic,6.26 lbs,20x19x10,Delivered
6,ORD-952318,USPS,TRK359446312,2023-12-28 23:31:27,2024-01-01 23:31:27,5,,41.16,1.57,,International,2.85 kg,6x19x5,In Transit
673,ORD-468241,DHL,TRK818994134,2023-07-06 03:40:19,2023-07-11 03:40:19,7,,20.45,4.4,,EU,11.76 lbs,11x17x19,Exception
301,ORD-926634,ups,TRK566280120,2023-05-15 13:13:09,2023-05-24 13:13:09,6,,44.79,1.64,  sam  ,EU,17.79 lbs,10x6x15,Returned
1442,ORD-207766,ups,TRK713342823,2023-04-10 19:55:32,2023-04-15 19:55:32,6,,43.97,2.14,  sam  ,NA,1.56 kg,17x13x7,Delivered
690,ORD-246102,ups,TRK734504305,2023-03-06 09:56:21,2023-03-07 09:56:21,9,,37.33,3.81,Jane,Domestic,15.34 kg,11x5x6,Delivered
1165,ORD-596285,fedex,TRK462938223,2023-09-25 10:18:29,2023-10-04 10:18:29,3,,19.9,3.69,Alex,Domestic,7.52 lbs,18x10x20,In Transit
282,ORD-712835,FedEx,TRK203413512,2023-01-31 13:13:35,2023-02-04 13:13:35,3,,41.49,4.39,John,,10.4 lbs,9x5x10,In Transit
1076,ORD-946470,USPS,TRK509973885,2023-06-22 18:21:31,2023-07-02 18:21:31,6,,38.66,3.72,,,5.16 lbs,11x20x17,In Transit
1978,ORD-325960,ups,TRK904305707,2023-08-09 13:12:47,2023-08-11 13:12:47,4,,9.14,1.31,David,NA,1.34 kg,20x5x11,Delivered
625,ORD-239698,UPS,TRK675239454,2023-01-11 23:43:27,2023-01-12 23:43:27,3,,16.21,3.78,Alex,EU,18.14 kg,12x18x7,Lost
1900,ORD-677845,FedEx,TRK642624915,2023-07-16 12:07:45,2023-07-20 12:07:45,8,,8.34,1.81,,,14.19 lbs,6x19x10,Delivered
1890,ORD-692083,fedex,TRK745997307,2023-05-07 03:09:48,2023-05-08 03:09:48,3,,31.83,1.65,John,,4.64 kg,7x15x20,In Transit
2249,ORD-918788,DHL,TRK657713195,2023-02-18 13:57:00,2023-03-02 13:57:00,3,,13.2,4.67,KIM,International,7.64 kg,5x19x10,Returned
2224,ORD-439452,USPS,TRK926060730,2023-05-20 23:50:42,2023-05-22 23:50:42,3,,22.44,1.36,David,NA,10.13 kg,15x19x18,Lost
1942,ORD-438822,FedEx,TRK905791042,2023-12-12 02:13:32,2023-12-20 02:13:32,4,,22.13,1.04,chris,International,13.55 kg,11x16x14,Exception
1475,ORD-355030,FedEx,TRK689561893,2023-05-21 03:13:36,2023-05-23 03:13:36,4,,14.11,4.2,Jane,EU,14.87 kg,13x5x6,Lost
701,ORD-202274,UPS,TRK320132557,2024-01-01 16:44:44,2024-01-13 16:44:44,5,,26.06,2.53,John,Domestic,15.39 kg,19x8x15,Exception
1870,ORD-312637,DHL,TRK456857702,2023-02-19 02:38:15,2023-02-21 02:38:15,9,,31.81,4.99,Jane,,19.71 lbs,7x14x5,Exception
973,ORD-158214,FedEx,TRK411829371,2023-12-21 06:30:48,2023-12-26 06:30:48,7,,16.0,1.02,chris,,12.26 lbs,8x8x11,In Transit
2031,ORD-835568,UPS,TRK286314076,2023-02-08 22:15:21,2023-02-15 22:15:21,6,,28.35,1.17,KIM,EU,9.78 lbs,9x8x9,Lost
2391,ORD-434308,UPS,TRK529956938,2023-04-06 08:49:31,2023-04-19 08:49:31,5,,49.27,4.06,Emily,Domestic,3.27 lbs,18x15x16,In Transit
519,ORD-604300,UPS,TRK184324697,2023-08-01 17:10:53,2023-08-11 17:10:53,8,,20.1,3.09,chris,NA,14.4 lbs,7x5x9,Delivered
1098,ORD-739011,USPS,TRK626398359,2023-09-11 15:34:01,2023-09-15 15:34:01,9,,33.6,2.65,Mary,NA,2.18 kg,6x7x16,Exception
698,ORD-703050,FedEx,TRK953508927,2023-02-15 08:10:30,2023-02-20 08:10:30,3,,43.14,2.91,John,Domestic,4.72 lbs,14x15x8,In Transit
1003,ORD-636431,UPS,TRK584108937,2023-11-13 06:57:57,2023-11-26 06:57:57,6,,42.55,3.23,Emily,NA,17.24 lbs,19x7x6,Returned
124,ORD-753046,FedEx,TRK982733813,2023-09-30 15:27:53,2023-10-02 15:27:53,9,,6.36,4.75,Sarah,,11.04 kg,15x9x13,Delivered
540,ORD-406767,UPS,TRK428312391,2023-08-20 18:52:57,2023-08-22 18:52:57,2,,48.05,3.51,Mary,NA,7.36 lbs,12x11x14,Lost
402,ORD-105059,fedex,TRK870246509,2023-09-01 23:20:49,2023-09-08 23:20:49,3,,19.29,4.88,Mary,International,14.37 lbs,17x18x8,Exception
2099,ORD-397862,FedEx,TRK949627448,2023-03-25 17:07:03,2023-03-29 17:07:03,9,,15.66,3.87,Alex,Domestic,7.6 lbs,12x9x12,Exception
1608,ORD-634349,USPS,TRK461869896,2023-01-08 08:41:06,2023-01-21 08:41:06,2,,39.07,1.47,John,EU,10.96 lbs,12x9x9,Exception
1829,ORD-602299,ups,TRK844392391,2023-01-27 18:30:10,2023-02-03 18:30:10,9,,31.98,3.78,John,Domestic,18.12 kg,20x13x20,Returned
234,ORD-938141,USPS,TRK502817293,2023-06-19 20:24:52,2023-06-28 20:24:52,8,,48.25,4.93,Alex,NA,6.48 lbs,14x20x14,Returned
1110,ORD-380997,fedex,TRK633931703,2023-02-26 05:53:23,2023-03-09 05:53:23,9,,36.58,4.1,Mary,NA,17.29 lbs,12x15x14,Lost
2438,ORD-690421,ups,TRK801612260,2023-07-31 15:12:16,2023-08-02 15:12:16,8,,26.18,3.41,Mike,International,5.09 kg,18x16x10,Returned
56,ORD-574537,USPS,TRK822401026,2023-01-29 08:12:48,2023-02-05 08:12:48,8,,38.32,3.92,Emily,International,18.66 kg,19x12x7,Returned
963,ORD-278808,UPS,TRK612495659,2023-01-26 17:28:50,2023-02-04 17:28:50,7,,20.84,4.52,chris,NA,2.4 kg,19x20x6,Lost
530,ORD-825376,FedEx,TRK642908580,2023-08-01 03:55:56,2023-08-07 03:55:56,4,,11.09,3.87,Alex,Domestic,17.43 lbs,9x12x6,Returned
366,ORD-323285,USPS,TRK686404961,2023-03-14 20:22:32,2023-03-27 20:22:32,9,,46.99,2.11,John,International,12.29 kg,9x14x19,Delivered
1370,ORD-822019,ups,TRK949013915,2023-11-24 07:06:16,2023-12-06 07:06:16,3,,26.67,2.21,chris,,6.38 lbs,19x20x13,Exception
1929,ORD-983705,USPS,TRK412105015,2023-03-20 15:56:09,2023-03-21 15:56:09,2,,29.96,2.47,Mary,EU,15.73 lbs,12x12x14,Delivered
2261,ORD-999677,FedEx,TRK510627483,2023-06-18 20:25:02,2023-07-01 20:25:02,8,,46.86,4.38,  sam  ,,10.95 lbs,8x10x8,Delivered
1321,ORD-870681,fedex,TRK289391363,2023-06-24 13:32:44,2023-07-02 13:32:44,2,,43.61,4.33,KIM,NA,3.43 lbs,15x5x8,Delivered
2182,ORD-318911,fedex,TRK334269236,2023-12-14 13:27:50,2023-12-25 13:27:50,3,,40.3,3.19,  sam  ,Domestic,4.54 kg,14x10x5,Delivered
1704,ORD-327913,DHL,TRK508569055,2023-03-08 18:40:08,2023-03-17 18:40:08,7,,19.37,1.1,,NA,3.29 lbs,5x5x8,In Transit
918,ORD-460021,FedEx,TRK459351187,2023-11-27 22:51:47,2023-11-28 22:51:47,3,,28.68,1.99,  sam  ,NA,8.52 lbs,13x6x17,Returned
1116,ORD-668879,fedex,TRK337157455,2023-01-08 19:10:26,2023-01-16 19:10:26,8,,15.14,3.63,Mike,Domestic,9.24 kg,14x12x7,Exception
1837,ORD-591708,USPS,TRK907826616,2023-05-17 20:24:02,2023-05-21 20:24:02,2,,12.89,4.29,Alex,Domestic,4.19 kg,6x11x10,In Transit
1541,ORD-522563,USPS,TRK980121587,2023-01-16 14:11:48,2023-01-19 14:11:48,8,,44.75,3.59,John,,5.06 kg,6x11x8,Returned
1195,ORD-655321,DHL,TRK722514153,2023-04-10 04:39:27,2023-04-18 04:39:27,8,,39.79,3.04,Sarah,NA,19.36 lbs,7x5x7,Exception
1269,ORD-965512,ups,TRK525679339,2023-01-17 12:03:05,2023-01-24 12:03:05,4,,10.8,4.76,David,International,11.39 lbs,6x5x9,Delivered
2393,ORD-651470,DHL,TRK151407462,2023-06-06 02:35:53,2023-06-12 02:35:53,4,,49.02,1.23,KIM,Domestic,7.29 kg,15x5x13,Delivered
1490,ORD-189293,DHL,TRK319742792,2023-12-03 15:26:03,2023-12-16 15:26:03,2,,49.5,4.46,chris,,6.63 kg,19x6x16,Lost
805,ORD-950196,DHL,TRK751570467,2023-10-30 23:03:26,2023-11-03 23:03:26,4,,38.49,3.61,KIM,International,18.99 kg,9x11x8,Lost
1283,ORD-671626,fedex,TRK464612446,2023-07-14 13:43:23,2023-07-21 13:43:23,3,,29.24,2.43,,NA,17.54 lbs,19x18x7,Lost
548,ORD-874081,UPS,TRK103878708,2023-01-06 12:03:14,2023-01-07 12:03:14,3,,30.05,4.46,Alex,International,16.77 kg,18x5x14,Lost
2389,ORD-936828,DHL,TRK432694318,2023-11-03 09:32:29,2023-11-10 09:32:29,5,,47.55,4.21,  sam  ,,7.36 kg,11x19x18,In Transit
53,ORD-362100,ups,TRK838547621,2023-03-11 09:53:58,2023-03-21 09:53:58,6,,44.74,4.38,Mary,,18.09 lbs,19x10x16,Delivered
945,ORD-934770,ups,TRK974202208,2023-09-01 23:57:42,2023-09-07 23:57:42,3,,37.62,3.12,Sarah,Domestic,7.04 lbs,17x13x17,Lost
2237,ORD-206378,USPS,TRK576458374,2023-09-17 17:03:00,2023-09-27 17:03:00,5,,22.21,1.64,chris,EU,14.8 lbs,5x8x20,In Transit
2095,ORD-123976,DHL,TRK917741239,2023-10-26 05:34:12,2023-11-01 05:34:12,3,,28.11,4.72,,International,6.72 lbs,9x20x8,Exception
1169,ORD-143844,USPS,TRK483873743,2023-08-09 20:46:57,2023-08-22 20:46:57,2,,20.59,1.19,Jane,EU,9.14 kg,7x7x11,In Transit
149,ORD-596874,ups,TRK544080835,2023-02-10 21:23:24,2023-02-20 21:23:24,3,,29.72,4.65,Mike,NA,18.66 lbs,12x13x19,Delivered
2097,ORD-211860,USPS,TRK831835048,2023-06-17 04:12:33,2023-06-30 04:12:33,8,,32.6,4.1,,Domestic,15.97 lbs,18x18x17,Returned
1976,ORD-570702,DHL,TRK528269317,2023-09-16 13:46:23,2023-09-21 13:46:23,5,,6.5,3.04,Mike,,15.73 lbs,10x13x7,Lost
2252,ORD-707366,ups,TRK624847021,2023-11-07 13:16:20,2023-11-12 13:16:20,7,,46.3,1.76,,NA,11.06 kg,6x9x20,Returned
1706,ORD-215558,DHL,TRK889456408,2023-10-10 23:27:59,2023-10-16 23:27:59,5,,15.08,2.34,Emily,Domestic,4.8 lbs,9x6x8,Lost
560,ORD-312005,DHL,TRK315776920,2023-10-02 03:42:34,2023-10-15 03:42:34,9,,36.23,2.2,Mary,International,18.28 kg,18x20x13,In Transit
64,ORD-747869,ups,TRK399814182,2023-04-13 20:00:02,2023-04-23 20:00:02,9,,24.4,1.68,Mary,Domestic,10.23 lbs,17x17x20,Delivered
739,ORD-583082,DHL,TRK505184060,2023-10-26 02:41:22,2023-10-28 02:41:22,6,,22.99,1.39,KIM,NA,2.88 kg,19x5x20,In Transit
383,ORD-275205,fedex,TRK393087251,2023-11-20 21:54:48,2023-11-26 21:54:48,9,,47.53,3.84,  sam  ,EU,11.12 lbs,19x7x6,Returned
1302,ORD-524854,USPS,TRK480544383,2023-09-29 03:49:52,2023-10-02 03:49:52,6,,36.0,4.19,Emily,NA,17.74 kg,11x11x12,Lost
789,ORD-247539,DHL,TRK685054018,2023-03-31 21:06:56,2023-04-12 21:06:56,4,,48.12,4.61,chris,,1.44 lbs,10x8x19,In Transit
1480,ORD-128098,DHL,TRK496773798,2023-02-21 15:04:56,2023-03-06 15:04:56,9,,31.39,4.48,David,NA,1.67 kg,17x8x13,Lost
1656,ORD-342069,FedEx,TRK986450899,2023-02-07 08:01:39,2023-02-11 08:01:39,9,,22.46,2.82,Jane,EU,11.86 lbs,6x18x9,In Transit
1559,ORD-867583,UPS,TRK205346380,2023-12-16 18:43:56,2023-12-28 18:43:56,5,,33.08,2.83,Emily,,5.99 kg,17x10x17,Delivered
971,ORD-159284,FedEx,TRK471419988,2023-09-26 00:48:23,2023-09-30 00:48:23,7,,16.44,3.22,Mary,EU,0.88 kg,6x16x10,Lost
1233,ORD-265899,FedEx,TRK677646974,2023-04-24 22:11:04,2023-04-28 22:11:04,8,,17.98,3.84,chris,NA,12.82 lbs,7x8x9,Delivered
1943,ORD-283631,UPS,TRK982242115,2023-07-14 09:33:50,2023-07-26 09:33:50,7,,42.65,2.67,Mike,,1.11 lbs,6x8x17,Lost
19,ORD-729963,UPS,TRK213804458,2023-09-23 18:30:37,2023-10-06 18:30:37,7,,46.87,3.57,Jane,International,8.66 kg,6x15x7,Lost
675,ORD-474289,UPS,TRK461630554,2023-01-25 04:15:07,2023-02-02 04:15:07,5,,29.12,4.96,  sam  ,International,7.43 lbs,17x7x7,Lost
2426,ORD-598079,UPS,TRK435111189,2023-02-02 18:23:29,2023-02-05 18:23:29,4,,28.67,4.72,Sarah,NA,11.35 kg,7x5x13,In Transit
1732,ORD-303885,UPS,TRK358988587,2023-11-22 21:47:46,2023-11-29 21:47:46,7,,13.18,3.43,Sarah,,2.72 kg,11x14x18,Lost
531,ORD-978614,fedex,TRK904640035,2023-05-25 00:04:47,2023-05-30 00:04:47,5,,22.75,3.6,Sarah,NA,11.77 lbs,8x14x13,Exception
576,ORD-246841,USPS,TRK767223825,2023-11-11 13:33:28,2023-11-24 13:33:28,7,,16.34,3.05,John,EU,17.45 kg,5x15x10,Exception
1268,ORD-131678,ups,TRK553034260,2023-11-08 01:05:23,2023-11-12 01:05:23,5,,31.52,1.73,Mike,EU,11.6 lbs,19x13x17,Delivered
280,ORD-667810,USPS,TRK522890347,2023-10-31 07:25:51,2023-11-12 07:25:51,6,,47.98,3.9,Alex,International,2.6 kg,15x8x11,Lost
2214,ORD-129924,fedex,TRK249508819,2023-10-16 03:31:54,2023-10-21 03:31:54,9,,5.11,2.93,KIM,,7.45 lbs,13x8x15,Delivered
1008,ORD-268625,UPS,TRK885519874,2023-05-29 20:48:35,2023-06-04 20:48:35,3,,36.26,4.25,chris,,4.95 lbs,18x16x10,Exception
429,ORD-655168,fedex,TRK131539402,2023-10-17 21:37:32,2023-10-18 21:37:32,3,,7.82,4.18,  sam  ,EU,9.64 lbs,13x19x18,Delivered
1865,ORD-296459,FedEx,TRK296238348,2023-08-06 16:13:38,2023-08-19 16:13:38,4,,45.42,4.94,,EU,3.34 kg,17x17x18,Lost
163,ORD-728752,ups,TRK736274849,2023-07-05 10:30:39,2023-07-09 10:30:39,6,,35.16,4.12,Sarah,EU,13.67 kg,13x11x7,Exception
1851,ORD-989132,FedEx,TRK499152389,2023-11-29 19:55:24,2023-12-06 19:55:24,8,,44.53,4.63,KIM,NA,13.55 lbs,16x17x11,Lost
1733,ORD-742605,USPS,TRK438930806,2023-02-05 16:44:08,2023-02-17 16:44:08,4,,40.43,4.75,,EU,4.83 kg,12x14x17,Lost
1577,ORD-206390,UPS,TRK101119891,2023-01-10 14:30:16,2023-01-17 14:30:16,3,,29.25,1.45,Alex,,14.23 kg,14x15x5,Returned
1698,ORD-660395,UPS,TRK308615758,2023-09-01 13:52:01,2023-09-08 13:52:01,3,,8.45,2.13,David,International,18.37 lbs,7x16x16,Returned
1610,ORD-507713,USPS,TRK566793897,2023-03-29 20:11:02,2023-04-11 20:11:02,5,,48.96,3.99,Sarah,NA,11.43 lbs,14x16x20,In Transit
2075,ORD-568132,USPS,TRK494633753,2023-05-12 03:11:39,2023-05-19 03:11:39,7,,17.21,2.69,Emily,International,0.75 kg,10x6x20,Lost
2203,ORD-504388,UPS,TRK537226893,2023-05-10 12:49:19,2023-05-18 12:49:19,3,,38.33,1.72,Sarah,Domestic,0.92 lbs,18x8x9,Lost
140,ORD-916823,ups,TRK297847073,2023-05-27 18:51:28,2023-05-31 18:51:28,6,,9.9,3.35,David,EU,18.55 lbs,7x18x12,Lost
494,ORD-527005,fedex,TRK992937576,2023-10-06 18:45:51,2023-10-16 18:45:51,3,,17.68,4.21,,International,4.57 lbs,6x13x13,Lost
345,ORD-363285,USPS,TRK901314263,2023-01-14 09:37:37,2023-01-15 09:37:37,3,,7.47,4.61,Alex,International,5.87 lbs,5x8x6,Lost
2156,ORD-633185,USPS,TRK843309195,2023-02-24 19:43:35,2023-02-27 19:43:35,9,,19.15,1.0,Mary,NA,2.99 lbs,16x19x19,Exception
2190,ORD-602917,FedEx,TRK177179578,2023-12-12 18:05:43,2023-12-16 18:05:43,7,,35.38,4.81,John,Domestic,10.16 lbs,14x5x12,In Transit
1715,ORD-876482,UPS,TRK159383497,2023-04-04 00:00:18,2023-04-07 00:00:18,7,,42.81,1.47,Mike,Domestic,8.27 lbs,19x7x15,In Transit
1007,ORD-729519,USPS,TRK658173305,2023-03-20 00:35:28,2023-03-21 00:35:28,5,,38.56,3.04,David,International,9.94 lbs,12x19x18,Lost
1524,ORD-929678,USPS,TRK856951894,2023-03-24 19:31:48,2023-04-06 19:31:48,3,,15.65,1.84,Mike,,11.27 kg,9x11x18,Returned
101,ORD-759749,DHL,TRK686301405,2023-04-28 16:56:28,2023-04-30 16:56:28,2,,34.73,2.58,chris,NA,16.85 lbs,20x11x6,Delivered
2006,ORD-485471,DHL,TRK784923357,2023-06-17 20:16:58,2023-06-24 20:16:58,4,,11.84,2.83,chris,EU,17.46 kg,7x9x15,In Transit
2197,ORD-605745,FedEx,TRK372916361,2023-06-19 09:25:23,2023-06-29 09:25:23,3,,44.3,4.92,Mary,EU,7.13 kg,8x7x8,Exception
1418,ORD-250147,ups,TRK157106583,2022-12-30 08:18:02,2023-01-10 08:18:02,8,,9.32,1.56,,NA,16.8 kg,10x6x15,Returned
2456,ORD-689318,fedex,TRK659351099,2023-10-27 05:40:59,2023-11-04 05:40:59,5,,31.63,1.71,Alex,Domestic,12.44 kg,14x8x5,Returned
2398,ORD-926023,FedEx,TRK157254422,2023-06-05 16:24:34,2023-06-10 16:24:34,9,,20.06,1.46,Sarah,International,17.22 lbs,14x15x11,Lost
1265,ORD-413904,FedEx,TRK940926324,2023-07-11 10:27:18,2023-07-14 10:27:18,8,,30.86,2.76,KIM,NA,6.41 kg,9x14x10,Lost
1803,ORD-208563,FedEx,TRK209744363,2023-09-25 02:37:51,2023-10-07 02:37:51,6,,14.43,3.79,David,Domestic,0.52 kg,18x6x9,Returned
578,ORD-429790,DHL,TRK581985209,2023-01-17 06:13:06,2023-01-27 06:13:06,5,,30.45,1.09,Emily,EU,13.79 lbs,17x20x19,Lost
222,ORD-485132,fedex,TRK599666833,2023-02-25 23:58:17,2023-03-02 23:58:17,3,,31.27,2.94,  sam  ,EU,18.75 kg,11x5x15,Returned
2327,ORD-601582,USPS,TRK928338271,2023-02-23 13:45:35,2023-03-02 13:45:35,8,,32.59,2.43,Mike,NA,18.14 kg,11x19x14,Lost
1801,ORD-881167,DHL,TRK237264834,2023-08-24 13:14:56,2023-08-25 13:14:56,9,,16.35,4.99,  sam  ,NA,17.47 kg,18x9x6,Returned
800,ORD-451827,UPS,TRK521017839,2023-12-29 04:16:01,2024-01-09 04:16:01,6,,42.73,1.48,John,NA,1.75 kg,11x11x10,Returned
1446,ORD-497404,DHL,TRK640797453,2023-11-21 11:37:02,2023-11-22 11:37:02,5,,42.22,4.61,David,NA,2.45 lbs,8x12x13,In Transit
956,ORD-825735,ups,TRK925690062,2023-02-07 09:32:59,2023-02-20 09:32:59,2,,48.4,3.08,Emily,EU,2.79 kg,15x13x8,Exception
2454,ORD-968095,fedex,TRK292268207,2023-05-23 03:12:56,2023-05-27 03:12:56,7,,10.4,4.75,Alex,International,18.66 lbs,10x6x7,Returned
141,ORD-256236,FedEx,TRK875973880,2023-04-07 12:54:45,2023-04-10 12:54:45,4,,43.63,2.49,John,International,19.49 kg,9x8x20,Lost
1504,ORD-929484,ups,TRK736607829,2023-12-13 04:25:08,2023-12-25 04:25:08,3,,26.09,1.04,  sam  ,Domestic,1.8 kg,13x16x11,Lost
116,ORD-923021,UPS,TRK708894435,2023-05-25 21:28:08,2023-05-27 21:28:08,7,,45.93,3.05,Mary,EU,16.69 lbs,14x18x16,Lost
1210,ORD-129522,ups,TRK111102039,2023-05-14 04:14:01,2023-05-21 04:14:01,6,,39.47,4.79,Mary,Domestic,9.29 lbs,18x8x15,Exception
1766,ORD-558578,FedEx,TRK957986283,2023-08-20 14:29:05,2023-08-23 14:29:05,3,,38.52,4.44,,Domestic,7.57 lbs,12x16x20,Delivered
911,ORD-954213,USPS,TRK975253078,2023-08-10 08:35:13,2023-08-23 08:35:13,3,,23.64,3.33,Mary,NA,8.37 lbs,7x10x10,In Transit
2322,ORD-356308,USPS,TRK691929409,2023-06-03 02:37:51,2023-06-14 02:37:51,5,,6.33,4.65,Emily,EU,15.82 kg,9x14x11,Delivered
263,ORD-465803,UPS,TRK828778592,2023-08-17 21:19:29,2023-08-24 21:19:29,3,,42.73,3.92,Mike,,19.47 kg,16x17x19,In Transit
1542,ORD-370700,FedEx,TRK639232400,2023-06-04 05:26:19,2023-06-12 05:26:19,7,,28.76,2.97,Jane,International,10.8 kg,16x17x5,Delivered
1668,ORD-751029,FedEx,TRK490908825,2023-11-20 13:24:31,2023-11-23 13:24:31,4,,16.28,3.87,David,EU,2.9 kg,16x12x5,Returned
897,ORD-404240,USPS,TRK754809948,2023-04-22 07:49:37,2023-04-24 07:49:37,8,,26.65,2.78,David,EU,1.45 lbs,14x17x17,Delivered
470,ORD-843739,FedEx,TRK479354915,2023-11-06 13:43:08,2023-11-10 13:43:08,2,,38.2,3.16,David,EU,14.7 kg,20x5x15,Returned
1503,ORD-100908,DHL,TRK218695891,2023-08-11 23:58:08,2023-08-12 23:58:08,5,,5.56,1.6,Sarah,EU,11.5 lbs,9x18x14,In Transit
1175,ORD-520556,DHL,TRK528067739,2023-06-29 07:32:36,2023-07-10 07:32:36,8,,20.04,3.71,chris,International,9.7 lbs,17x6x12,Delivered
780,ORD-980190,ups,TRK533398893,2023-09-27 21:44:59,2023-10-10 21:44:59,3,,49.9,3.78,Sarah,Domestic,19.02 lbs,10x11x14,Returned
286,ORD-504608,fedex,TRK721507131,2023-05-16 08:29:24,2023-05-27 08:29:24,4,,43.54,3.2,Alex,Domestic,0.64 lbs,8x7x11,Lost
2119,ORD-256192,USPS,TRK106029491,2023-09-11 00:56:04,2023-09-20 00:56:04,3,,36.88,2.67,David,NA,2.69 lbs,14x16x13,Lost
2452,ORD-129968,FedEx,TRK584307428,2023-05-13 12:56:31,2023-05-16 12:56:31,2,,49.24,1.24,Jane,NA,0.98 lbs,18x12x18,Delivered
1229,ORD-463529,DHL,TRK571164793,2023-05-31 14:05:59,2023-06-03 14:05:59,3,,5.82,1.54,chris,NA,6.27 kg,5x9x5,Delivered
2020,ORD-712540,UPS,TRK470523077,2023-11-07 05:13:47,2023-11-18 05:13:47,7,,40.46,3.94,Mary,EU,14.35 kg,9x9x13,Exception
832,ORD-269101,UPS,TRK308200639,2023-09-04 01:37:56,2023-09-10 01:37:56,8,,9.19,2.73,KIM,International,3.69 kg,5x11x17,Lost
272,ORD-840275,DHL,TRK922204579,2023-03-15 00:32:20,2023-03-17 00:32:20,9,,31.77,2.67,  sam  ,NA,11.67 kg,19x19x20,Exception
1560,ORD-218310,ups,TRK345370923,2023-12-21 11:06:10,2024-01-03 11:06:10,9,,24.61,2.49,KIM,NA,5.3 lbs,17x8x8,In Transit
843,ORD-282956,USPS,TRK949617440,2023-09-09 12:39:04,2023-09-20 12:39:04,3,,36.67,3.26,  sam  ,Domestic,1.91 kg,18x15x10,Returned
1197,ORD-525877,DHL,TRK810671834,2023-03-23 18:32:49,2023-03-28 18:32:49,9,,30.8,4.09,Jane,International,15.06 lbs,5x20x9,Exception
200,ORD-194666,DHL,TRK557453271,2023-12-18 02:19:09,2023-12-26 02:19:09,5,,20.5,1.18,  sam  ,EU,11.08 lbs,11x17x20,Lost
1605,ORD-826507,ups,TRK941613600,2023-09-02 06:59:48,2023-09-15 06:59:48,7,,22.63,1.42,Emily,International,18.36 lbs,16x13x8,Lost
2397,ORD-917457,ups,TRK265290203,2023-06-16 23:58:57,2023-06-19 23:58:57,9,,18.07,3.96,Jane,International,12.0 lbs,9x12x11,Returned
356,ORD-417671,FedEx,TRK699136299,2023-05-17 19:36:58,2023-05-26 19:36:58,4,,41.68,1.27,Jane,International,6.9 lbs,7x10x14,Lost
637,ORD-539510,fedex,TRK351860026,2023-06-22 05:45:14,2023-06-24 05:45:14,7,,11.0,1.76,  sam  ,EU,17.81 lbs,19x19x13,Exception
401,ORD-520502,USPS,TRK467877323,2023-07-30 00:39:46,2023-08-11 00:39:46,7,,16.55,3.16,  sam  ,,17.2 lbs,13x20x13,Returned
827,ORD-660452,DHL,TRK892430371,2023-12-26 16:44:33,2024-01-06 16:44:33,5,,45.23,1.64,Mary,NA,5.38 kg,19x13x18,In Transit
21,ORD-159568,fedex,TRK118748386,2023-08-15 08:17:56,2023-08-26 08:17:56,2,,6.17,1.29,Mary,,3.24 kg,14x19x20,Exception
2400,ORD-991576,USPS,TRK934319059,2023-11-11 09:51:50,2023-11-23 09:51:50,6,,5.75,3.91,Emily,NA,12.69 lbs,20x19x20,Exception
1951,ORD-710525,fedex,TRK196624728,2023-01-28 22:42:31,2023-02-01 22:42:31,2,,28.33,2.01,,Domestic,17.7 kg,20x13x9,Returned
1057,ORD-286209,ups,TRK465883038,2023-05-07 13:15:35,2023-05-12 13:15:35,8,,35.62,3.13,Jane,EU,14.48 lbs,9x12x17,Lost
702,ORD-990649,fedex,TRK630373274,2023-06-14 17:49:44,2023-06-15 17:49:44,3,,45.45,3.27,Sarah,EU,6.47 lbs,13x13x8,In Transit
347,ORD-893060,fedex,TRK783739573,2023-06-08 22:27:31,2023-06-18 22:27:31,5,,8.56,4.24,KIM,Domestic,18.33 lbs,12x9x11,Returned
2116,ORD-119698,fedex,TRK707121427,2023-05-05 23:20:29,2023-05-18 23:20:29,3,,22.08,2.13,Alex,International,0.56 lbs,12x12x18,In Transit
1993,ORD-356204,FedEx,TRK467882344,2023-12-14 23:30:42,2023-12-20 23:30:42,8,,11.92,4.06,chris,International,17.52 lbs,10x15x7,Returned
35,ORD-381251,FedEx,TRK391168257,2023-04-24 03:42:14,2023-04-27 03:42:14,9,,47.93,2.29,chris,NA,19.43 lbs,6x17x6,Delivered
820,ORD-362104,DHL,TRK956826063,2023-12-26 13:10:03,2024-01-02 13:10:03,7,,33.96,1.8,David,EU,12.61 kg,9x15x15,In Transit
605,ORD-493295,FedEx,TRK261666225,2023-11-13 23:29:16,2023-11-21 23:29:16,2,,25.81,2.34,Sarah,,3.94 kg,17x16x13,Lost
641,ORD-928009,ups,TRK411606756,2023-11-23 14:03:54,2023-11-26 14:03:54,7,,49.96,1.41,John,NA,13.21 lbs,5x9x14,Lost
296,ORD-295574,USPS,TRK509983234,2023-05-16 13:23:53,2023-05-22 13:23:53,5,,6.66,4.87,Mary,NA,0.67 kg,19x19x16,In Transit
1192,ORD-347680,UPS,TRK444173763,2023-03-07 10:53:58,2023-03-09 10:53:58,7,,31.09,3.15,KIM,International,3.95 lbs,13x13x6,Lost
531,ORD-978614,fedex,TRK904640035,2023-05-25 00:04:47,2023-05-30 00:04:47,5,,22.75,3.6,Sarah,NA,11.77 lbs,8x14x13,Exception
852,ORD-856540,USPS,TRK437919479,2023-01-27 01:03:42,2023-02-05 01:03:42,2,,28.26,1.28,,Domestic,10.61 lbs,19x15x7,Delivered
934,ORD-539542,USPS,TRK625770500,2023-12-10 02:40:15,2023-12-23 02:40:15,7,,46.44,3.29,Sarah,International,19.78 kg,11x16x11,Delivered
2275,ORD-106411,UPS,TRK154726696,2023-05-07 01:39:52,2023-05-15 01:39:52,4,,12.52,1.27,Emily,NA,10.03 kg,18x6x9,Lost
137,ORD-826187,USPS,TRK301091375,2023-01-14 16:04:05,2023-01-27 16:04:05,8,,33.19,3.45,Mary,,4.2 kg,6x8x14,Lost
913,ORD-224977,ups,TRK832297034,2023-08-21 08:10:21,2023-08-31 08:10:21,3,,42.73,2.32,Mary,EU,19.43 kg,10x6x17,Exception
1728,ORD-707690,FedEx,TRK572109140,2023-01-23 11:17:22,2023-02-05 11:17:22,4,,16.13,1.96,Emily,NA,1.73 lbs,7x15x5,Exception
89,ORD-419061,fedex,TRK683535483,2023-10-23 15:19:16,2023-10-24 15:19:16,8,,37.87,2.7,  sam  ,NA,14.98 kg,11x14x16,Delivered
828,ORD-450347,UPS,TRK929696649,2023-02-23 11:07:10,2023-03-05 11:07:10,3,,46.79,4.23,Sarah,,9.57 kg,13x5x18,Lost
310,ORD-406489,ups,TRK384484777,2023-02-07 21:01:43,2023-02-11 21:01:43,2,,27.97,3.71,KIM,Domestic,11.12 lbs,14x17x9,Returned
1663,ORD-292482,USPS,TRK365686146,2023-12-25 16:14:36,2023-12-28 16:14:36,3,,31.31,1.5,Jane,,14.15 kg,5x18x13,Delivered
1577,ORD-206390,UPS,TRK101119891,2023-01-10 14:30:16,2023-01-17 14:30:16,3,,29.25,1.45,Alex,,14.23 kg,14x15x5,Returned
1571,ORD-413971,DHL,TRK752074820,2023-03-18 03:35:22,2023-03-22 03:35:22,6,,31.39,2.64,Mary,,18.35 lbs,8x8x18,Returned
1574,ORD-422219,USPS,TRK149445543,2023-02-13 13:49:11,2023-02-21 13:49:11,7,,40.01,2.73,Sarah,EU,19.52 kg,10x11x13,Delivered
2175,ORD-531036,ups,TRK826572522,2024-01-01 00:19:25,2024-01-09 00:19:25,5,,27.27,4.29,John,International,17.57 kg,6x16x7,In Transit
2402,ORD-959244,DHL,TRK169782408,2023-06-01 05:51:05,2023-06-06 05:51:05,4,,39.58,3.4,chris,EU,18.28 kg,14x15x15,Delivered
965,ORD-964907,fedex,TRK758621996,2023-02-28 19:41:10,2023-03-08 19:41:10,9,,26.84,3.12,Jane,NA,18.86 kg,11x5x11,Lost
1810,ORD-338904,USPS,TRK261812102,2023-08-11 05:27:22,2023-08-15 05:27:22,8,,38.24,4.43,Emily,,1.79 kg,5x15x17,In Transit
663,ORD-236750,FedEx,TRK761564038,2023-10-01 12:38:10,2023-10-11 12:38:10,2,,25.06,3.76,Sarah,Domestic,10.51 kg,10x5x10,Delivered
2078,ORD-578334,USPS,TRK251050603,2023-12-31 22:44:46,2024-01-08 22:44:46,2,,47.98,2.04,,NA,18.55 lbs,6x11x18,Lost
879,ORD-587553,UPS,TRK881687386,2023-09-24 09:14:15,2023-09-29 09:14:15,6,,28.59,4.23,David,EU,7.47 lbs,10x13x9,Exception
1319,ORD-619570,USPS,TRK171193196,2023-09-02 06:20:35,2023-09-05 06:20:35,6,,32.24,1.46,John,EU,19.12 kg,15x11x18,Exception
1582,ORD-261568,fedex,TRK690247219,2023-09-20 17:20:31,2023-09-23 17:20:31,9,,39.23,4.26,chris,NA,10.41 lbs,10x11x10,Exception
801,ORD-792496,DHL,TRK945109108,2023-05-29 23:38:08,2023-06-08 23:38:08,7,,20.76,1.33,Emily,EU,16.59 kg,11x13x12,In Transit
645,ORD-779049,ups,TRK691937138,2023-10-11 23:23:45,2023-10-19 23:23:45,4,,41.59,3.32,Mary,,1.62 lbs,8x8x11,Exception
2493,ORD-773381,UPS,TRK940564819,2023-09-11 15:45:33,2023-09-22 15:45:33,2,,17.35,3.79,chris,EU,9.22 lbs,14x8x16,Delivered
1623,ORD-265022,ups,TRK820447376,2023-02-19 11:27:12,2023-02-20 11:27:12,8,,9.86,3.29,John,,11.02 lbs,5x5x19,Returned
1286,ORD-208299,ups,TRK358910745,2023-05-13 18:38:06,2023-05-23 18:38:06,7,,37.97,2.87,Sarah,,5.51 kg,13x19x9,In Transit
2364,ORD-770854,fedex,TRK846938832,2023-10-31 06:01:35,2023-11-11 06:01:35,9,,48.36,4.11,Mary,NA,3.66 kg,10x16x10,Returned
1220,ORD-835374,DHL,TRK243269323,2023-04-05 08:27:58,2023-04-12 08:27:58,2,,49.15,1.36,,,8.74 kg,12x9x12,Delivered
243,ORD-400296,ups,TRK759923776,2023-03-29 13:35:26,2023-04-03 13:35:26,6,,21.87,3.64,,EU,8.15 kg,8x9x16,In Transit
1940,ORD-127928,FedEx,TRK691957913,2023-08-12 17:37:19,2023-08-19 17:37:19,8,,10.64,1.59,Jane,EU,4.14 lbs,14x13x9,Delivered
2289,ORD-586474,USPS,TRK159874672,2023-03-10 10:12:41,2023-03-19 10:12:41,8,,8.35,1.25,,NA,0.59 lbs,14x19x17,Exception
1390,ORD-111771,fedex,TRK174910503,2023-11-19 01:09:24,2023-11-26 01:09:24,2,,43.46,3.39,Alex,EU,16.73 lbs,7x13x5,Returned
1434,ORD-865880,UPS,TRK120791057,2023-02-21 05:06:17,2023-03-03 05:06:17,6,,22.37,3.91,Mary,,13.56 lbs,19x18x18,Exception
474,ORD-918532,ups,TRK371671484,2023-01-22 04:55:17,2023-02-01 04:55:17,7,,40.33,4.05,,,14.22 kg,5x9x7,Exception
1646,ORD-121133,UPS,TRK966812461,2023-01-16 01:03:47,2023-01-21 01:03:47,3,,26.67,3.99,  sam  ,NA,2.03 kg,8x11x12,In Transit
1880,ORD-352654,USPS,TRK698528369,2023-08-21 16:21:14,2023-08-29 16:21:14,9,,13.02,4.57,KIM,EU,16.74 kg,10x18x11,Returned
999,ORD-400256,USPS,TRK777130752,2023-11-26 22:44:22,2023-12-01 22:44:22,5,,45.14,2.91,  sam  ,NA,1.94 kg,6x12x19,Exception
817,ORD-709541,fedex,TRK526821602,2023-11-23 19:53:06,2023-12-06 19:53:06,2,,46.42,1.77,Jane,NA,3.99 kg,5x19x16,Lost
951,ORD-720065,DHL,TRK296783156,2023-09-08 10:12:43,2023-09-21 10:12:43,4,,46.6,2.44,Mary,NA,8.19 kg,5x5x6,Delivered
885,ORD-838349,fedex,TRK536935360,2023-02-13 16:07:58,2023-02-16 16:07:58,2,,27.88,4.91,John,Domestic,15.29 kg,5x16x10,Lost
1752,ORD-640749,USPS,TRK280827775,2023-08-23 15:36:11,2023-09-04 15:36:11,3,,14.6,3.39,John,Domestic,19.61 lbs,13x13x18,In Transit
2060,ORD-349401,USPS,TRK631795006,2023-07-04 17:25:08,2023-07-13 17:25:08,2,,21.49,3.22,Jane,,16.17 kg,19x18x9,Lost
318,ORD-213877,USPS,TRK411085489,2023-07-10 08:40:24,2023-07-13 08:40:24,2,,30.62,1.91,John,International,17.4 kg,19x10x16,Returned
2489,ORD-175071,fedex,TRK330819626,2023-10-01 17:31:45,2023-10-09 17:31:45,9,,22.28,4.61,  sam  ,EU,18.84 lbs,10x20x13,Returned
400,ORD-261420,UPS,TRK616444647,2023-07-14 16:49:43,2023-07-19 16:49:43,3,,13.98,1.09,Jane,Domestic,19.81 lbs,5x16x13,Exception
854,ORD-476118,fedex,TRK352379322,2023-09-22 19:18:23,2023-09-28 19:18:23,5,,18.5,3.39,Mike,International,15.41 kg,16x19x11,Lost
257,ORD-541399,fedex,TRK778358269,2023-10-29 15:06:55,2023-11-08 15:06:55,7,,25.34,3.32,Mike,NA,6.43 kg,9x10x6,Lost
81,ORD-564287,fedex,TRK340170828,2023-09-05 18:47:30,2023-09-07 18:47:30,9,,44.57,4.13,Emily,NA,11.66 lbs,16x15x19,In Transit
44,ORD-467869,ups,TRK795243936,2023-06-25 03:33:22,2023-07-01 03:33:22,8,,28.34,4.83,chris,,19.54 lbs,6x19x8,Returned
151,ORD-747015,fedex,TRK698237761,2023-02-06 22:30:08,2023-02-18 22:30:08,3,,38.53,4.55,,,9.28 lbs,11x19x20,Returned
40,ORD-141462,fedex,TRK844561728,2023-12-20 15:02:02,2023-12-29 15:02:02,5,,25.4,4.86,,,2.53 lbs,6x18x8,Lost
414,ORD-949111,ups,TRK457831358,2023-01-30 11:51:01,2023-02-02 11:51:01,7,,44.81,4.9,Emily,,10.65 lbs,8x19x15,Exception
1279,ORD-944504,fedex,TRK315704472,2023-09-19 19:45:26,2023-10-02 19:45:26,5,,28.92,2.65,Mike,,12.52 lbs,10x20x5,Delivered
2057,ORD-658871,DHL,TRK312701554,2023-05-06 11:17:16,2023-05-09 11:17:16,3,,10.39,3.8,Mary,Domestic,10.28 kg,9x8x8,In Transit
2412,ORD-705007,UPS,TRK956855384,2023-05-27 03:36:10,2023-06-01 03:36:10,4,,32.9,2.38,,NA,5.16 lbs,10x15x12,Lost
845,ORD-884770,UPS,TRK492542065,2023-04-22 00:15:30,2023-04-23 00:15:30,2,,14.9,4.54,David,International,12.08 lbs,18x13x12,Returned
720,ORD-323194,FedEx,TRK607240901,2023-11-04 18:03:37,2023-11-13 18:03:37,7,,12.56,4.73,KIM,EU,13.52 lbs,20x11x18,Delivered
1705,ORD-217038,USPS,TRK471229946,2023-10-29 20:40:29,2023-11-10 20:40:29,5,,15.04,3.57,Jane,EU,5.43 lbs,12x11x8,Delivered
1780,ORD-749321,USPS,TRK359449977,2023-12-10 01:27:18,2023-12-22 01:27:18,7,,37.56,1.41,,EU,8.56 lbs,12x18x16,Returned
1208,ORD-293763,fedex,TRK307080969,2023-06-25 07:38:22,2023-06-30 07:38:22,3,,5.25,1.3,  sam  ,Domestic,6.42 kg,16x20x9,Exception
1222,ORD-422095,DHL,TRK611998067,2023-10-12 01:20:59,2023-10-13 01:20:59,7,,26.25,4.54,  sam  ,International,1.0 lbs,7x9x17,In Transit
78,ORD-577285,fedex,TRK841340335,2023-01-27 21:34:59,2023-02-09 21:34:59,2,,34.22,2.61,chris,EU,1.92 kg,17x16x7,Lost
1723,ORD-627158,FedEx,TRK244564376,2023-09-18 00:24:49,2023-09-22 00:24:49,6,,10.06,3.94,Mary,NA,19.07 lbs,10x16x18,Exception
2496,ORD-879947,ups,TRK949888997,2023-10-08 23:21:47,2023-10-20 23:21:47,7,,21.49,3.65,KIM,EU,10.79 kg,9x7x12,Lost
985,ORD-800482,DHL,TRK595967603,2023-05-01 12:43:44,2023-05-02 12:43:44,8,,44.97,4.12,David,Domestic,16.13 lbs,13x13x9,Exception
13,ORD-269090,UPS,TRK240388148,2023-04-12 15:45:34,2023-04-24 15:45:34,3,,43.56,2.02,Sarah,International,14.21 kg,15x7x19,Lost
1758,ORD-498797,FedEx,TRK387979507,2023-04-22 09:41:17,2023-04-23 09:41:17,6,,26.26,2.52,Mike,International,7.19 kg,11x15x8,In Transit
148,ORD-789294,FedEx,TRK487502641,2023-05-26 07:04:00,2023-06-07 07:04:00,8,,15.34,3.23,Jane,,7.91 lbs,7x10x9,Exception
491,ORD-913509,FedEx,TRK203753233,2023-12-18 10:00:40,2023-12-31 10:00:40,6,,11.1,1.59,,NA,5.68 lbs,20x8x20,Exception
1041,ORD-992547,fedex,TRK415045023,2023-08-12 17:32:00,2023-08-20 17:32:00,5,,14.86,1.69,Alex,EU,1.02 kg,14x11x6,Lost
861,ORD-632869,fedex,TRK202618481,2023-11-20 23:24:28,2023-11-26 23:24:28,7,,37.89,2.14,David,Domestic,12.39 kg,17x14x16,Delivered
785,ORD-200582,UPS,TRK706369089,2023-09-28 16:40:02,2023-10-01 16:40:02,2,,36.7,4.7,Alex,EU,10.98 kg,7x12x12,Exception
312,ORD-158530,FedEx,TRK365414965,2023-07-21 03:40:47,2023-07-24 03:40:47,5,,21.42,4.14,Alex,EU,6.43 lbs,18x10x11,In Transit
1632,ORD-177972,FedEx,TRK136696090,2023-02-08 09:17:45,2023-02-19 09:17:45,5,,44.27,2.85,Jane,,11.54 kg,6x9x17,Returned
1389,ORD-739016,USPS,TRK551035035,2023-12-01 10:58:05,2023-12-10 10:58:05,8,,49.58,4.08,Jane,,14.75 kg,19x11x20,Exception
1058,ORD-232330,ups,TRK887869943,2023-06-27 15:56:21,2023-07-10 15:56:21,3,,44.15,1.92,  sam  ,Domestic,14.63 kg,9x5x13,Lost
886,ORD-196707,USPS,TRK703982740,2023-05-20 02:17:51,2023-05-29 02:17:51,5,,37.51,4.48,Emily,International,9.94 kg,17x13x5,In Transit
538,ORD-117147,UPS,TRK337249717,2023-04-19 15:51:19,2023-04-28 15:51:19,2,,25.53,3.04,Mary,,14.17 kg,18x15x17,In Transit
1025,ORD-983082,UPS,TRK164573018,2023-11-09 09:05:18,2023-11-17 09:05:18,9,,17.18,4.41,David,NA,16.18 kg,15x9x15,Delivered
2051,ORD-265221,UPS,TRK944337852,2023-04-29 22:42:48,2023-05-08 22:42:48,9,,16.32,2.34,David,EU,14.16 lbs,19x9x6,Returned
1916,ORD-540882,ups,TRK228842168,2023-04-14 00:42:35,2023-04-18 00:42:35,3,,43.84,2.08,Mary,NA,19.67 lbs,7x15x16,Delivered
1839,ORD-517620,USPS,TRK903985477,2023-09-30 11:42:21,2023-10-10 11:42:21,3,,31.1,3.86,chris,NA,10.65 kg,17x11x13,Returned
1068,ORD-986622,UPS,TRK584235556,2023-07-20 22:23:02,2023-07-28 22:23:02,2,,34.36,3.8,David,International,10.56 lbs,13x17x11,Exception
1777,ORD-460048,USPS,TRK585828764,2023-03-13 21:26:02,2023-03-20 21:26:02,8,,15.88,2.81,John,EU,2.3 kg,5x15x9,Exception
2314,ORD-831030,fedex,TRK230749325,2023-12-16 08:42:58,2023-12-22 08:42:58,9,,23.61,2.46,John,,1.7 lbs,17x8x15,Exception
285,ORD-278613,USPS,TRK903235632,2023-11-07 00:15:37,2023-11-19 00:15:37,5,,14.01,4.41,David,EU,16.38 lbs,13x17x19,Exception
2091,ORD-580232,DHL,TRK424979492,2023-04-13 11:31:33,2023-04-15 11:31:33,3,,36.94,4.45,Alex,International,1.53 lbs,20x7x10,In Transit
1494,ORD-659934,UPS,TRK804417333,2023-03-25 23:41:04,2023-03-26 23:41:04,6,,22.52,4.8,Alex,,14.46 kg,10x14x17,Lost
1544,ORD-282196,UPS,TRK329739809,2023-08-18 18:38:08,2023-08-23 18:38:08,5,,8.29,3.78,Jane,NA,3.12 kg,15x17x11,Exception
2279,ORD-549176,DHL,TRK199173042,2023-03-27 19:06:28,2023-03-28 19:06:28,3,,14.84,1.56,Mary,Domestic,19.81 lbs,16x10x7,Exception
1969,ORD-293515,UPS,TRK662779661,2023-04-28 20:39:05,2023-05-03 20:39:05,7,,46.25,2.71,David,,16.52 kg,9x20x7,Returned
121,ORD-736759,DHL,TRK696570886,2023-12-13 22:26:50,2023-12-24 22:26:50,6,,49.3,1.43,Mary,NA,14.62 kg,7x15x5,Returned
2500,ORD-942723,fedex,TRK146864637,2023-07-18 05:56:03,2023-07-25 05:56:03,8,,21.17,2.55,Emily,International,2.22 lbs,20x10x13,Returned
2015,ORD-543662,FedEx,TRK594739617,2023-04-10 16:39:18,2023-04-18 16:39:18,6,,30.75,2.82,Alex,Domestic,12.12 kg,6x18x15,Lost
630,ORD-374910,DHL,TRK426042314,2023-12-13 09:38:47,2023-12-14 09:38:47,7,,20.9,3.7,David,NA,1.8 lbs,12x13x11,Lost
60,ORD-188305,ups,TRK799644430,2023-01-23 09:15:31,2023-02-02 09:15:31,7,,29.39,3.72,Emily,,17.57 kg,10x9x19,Returned
1219,ORD-669700,ups,TRK721918012,2023-09-13 21:07:37,2023-09-23 21:07:37,9,,17.53,4.05,Sarah,,5.02 lbs,12x12x6,Delivered
778,ORD-305469,ups,TRK114465589,2023-11-16 01:00:14,2023-11-20 01:00:14,5,,27.25,4.15,KIM,,16.34 lbs,15x16x7,Exception
2248,ORD-210681,fedex,TRK380954244,2023-10-29 04:21:14,2023-11-04 04:21:14,6,,13.26,3.4,chris,Domestic,15.81 lbs,10x6x11,Lost
503,ORD-334491,FedEx,TRK656952159,2023-06-12 16:29:04,2023-06-17 16:29:04,2,,29.46,4.5,John,,15.06 lbs,6x7x12,Exception
1287,ORD-784066,DHL,TRK404942356,2023-03-10 12:52:57,2023-03-19 12:52:57,4,,11.29,3.9,Jane,,4.84 kg,19x7x5,Lost
1820,ORD-733488,FedEx,TRK419356230,2023-10-15 05:15:13,2023-10-18 05:15:13,9,,11.13,1.49,John,Domestic,13.54 kg,12x15x9,Returned
607,ORD-895211,fedex,TRK808087504,2023-11-02 20:23:09,2023-11-11 20:23:09,3,,42.69,2.78,Alex,NA,4.47 kg,18x17x11,In Transit
2226,ORD-173009,ups,TRK182412267,2023-04-22 12:04:24,2023-05-01 12:04:24,8,,40.48,2.94,KIM,,2.14 kg,18x19x15,In Transit
2148,ORD-199076,USPS,TRK567807255,2023-05-21 10:57:56,2023-05-31 10:57:56,4,,27.68,4.84,Alex,International,4.64 kg,18x5x14,Returned
772,ORD-126006,USPS,TRK997174828,2023-11-19 00:33:45,2023-11-29 00:33:45,2,,45.28,1.57,John,International,4.8 lbs,11x19x18,Delivered
2334,ORD-274432,USPS,TRK608265768,2023-05-24 01:39:58,2023-05-26 01:39:58,2,,23.35,4.84,KIM,,8.45 kg,6x7x16,In Transit
1950,ORD-344252,DHL,TRK186930900,2023-09-16 07:00:47,2023-09-27 07:00:47,3,,20.78,3.4,Sarah,Domestic,5.98 lbs,5x16x9,Delivered
266,ORD-818883,DHL,TRK981969363,2023-02-04 20:09:59,2023-02-05 20:09:59,2,,23.96,3.52,Emily,,13.75 kg,9x14x8,Lost
1329,ORD-395756,ups,TRK742469701,2023-07-21 05:30:33,2023-08-03 05:30:33,2,,41.78,1.82,Emily,,6.54 kg,15x19x20,In Transit
195,ORD-147817,ups,TRK327541222,2023-12-31 21:57:18,2024-01-03 21:57:18,5,,32.51,1.91,  sam  ,Domestic,8.2 kg,6x9x16,Delivered
1369,ORD-620402,FedEx,TRK734777407,2023-02-07 14:22:30,2023-02-15 14:22:30,9,,6.42,4.76,chris,EU,3.7 kg,5x14x11,Delivered
809,ORD-601273,ups,TRK568402041,2023-04-12 15:06:09,2023-04-25 15:06:09,7,,35.95,2.35,David,EU,7.53 lbs,9x14x17,Exception
1060,ORD-621889,FedEx,TRK106575927,2023-11-05 06:40:37,2023-11-06 06:40:37,3,,43.45,4.5,David,NA,19.92 kg,18x19x20,Exception
1624,ORD-972744,USPS,TRK937716278,2023-08-18 01:19:35,2023-08-28 01:19:35,4,,22.88,2.1,Mary,EU,9.78 kg,8x12x19,Exception
123,ORD-399198,USPS,TRK252076660,2023-04-18 17:47:05,2023-04-19 17:47:05,9,,22.86,4.48,Emily,EU,13.2 kg,15x18x12,Exception
967,ORD-254350,UPS,TRK982297576,2023-04-13 12:22:22,2023-04-20 12:22:22,7,,17.59,2.91,Mike,Domestic,6.09 kg,12x19x17,Delivered
273,ORD-859715,UPS,TRK556223629,2023-04-20 14:30:42,2023-04-30 14:30:42,6,,42.17,1.03,  sam  ,International,10.62 kg,9x8x20,In Transit
1936,ORD-535382,FedEx,TRK891130279,2023-05-14 04:39:22,2023-05-22 04:39:22,3,,36.0,3.8,Mike,NA,8.48 kg,13x14x11,Lost
1984,ORD-195963,USPS,TRK921875912,2024-01-01 21:58:22,2024-01-08 21:58:22,7,,13.68,4.42,Mike,NA,15.99 kg,8x12x13,Lost
1237,ORD-789489,DHL,TRK476907399,2023-12-20 23:58:23,2023-12-21 23:58:23,5,,31.89,4.71,David,International,16.92 lbs,11x15x14,Exception
2382,ORD-853614,FedEx,TRK884584626,2023-07-25 11:10:01,2023-08-02 11:10:01,3,,22.75,1.18,Mary,EU,7.76 lbs,14x7x11,Delivered
1411,ORD-725319,fedex,TRK635101610,2023-10-08 19:28:48,2023-10-13 19:28:48,5,,29.87,4.51,Jane,International,19.47 kg,6x9x11,Lost
1721,ORD-714560,FedEx,TRK572647885,2023-01-14 12:18:49,2023-01-17 12:18:49,8,,19.21,4.14,Mike,NA,8.71 kg,10x15x14,Delivered
1514,ORD-327333,UPS,TRK518731193,2023-03-17 13:33:19,2023-03-23 13:33:19,2,,14.23,3.32,,NA,8.09 kg,14x7x13,Lost
77,ORD-134232,DHL,TRK138458954,2023-01-29 06:01:22,2023-02-04 06:01:22,2,,39.66,1.42,Mike,,17.96 lbs,16x16x15,In Transit
734,ORD-227477,ups,TRK327947106,2023-10-04 16:11:26,2023-10-09 16:11:26,6,,29.48,2.31,Mary,Domestic,18.06 kg,19x8x18,Delivered
1861,ORD-313607,FedEx,TRK730865471,2023-09-12 08:30:55,2023-09-25 08:30:55,9,,23.05,3.53,,,15.92 kg,10x6x8,Lost
640,ORD-205229,UPS,TRK247785977,2023-02-02 21:50:59,2023-02-04 21:50:59,5,,32.1,2.54,David,International,4.3 lbs,9x13x16,Delivered
506,ORD-130451,ups,TRK429337017,2023-02-12 15:00:04,2023-02-14 15:00:04,3,,16.48,3.89,Mary,International,2.54 lbs,10x20x16,Exception
2155,ORD-733331,ups,TRK539740470,2023-05-29 10:26:50,2023-06-08 10:26:50,8,,17.59,1.19,Alex,EU,1.26 kg,11x10x13,Delivered
1513,ORD-166129,ups,TRK324829934,2023-01-26 20:37:48,2023-02-04 20:37:48,6,,49.2,3.01,John,International,14.02 lbs,17x6x9,Delivered
681,ORD-841330,USPS,TRK752299648,2023-07-15 12:59:17,2023-07-22 12:59:17,8,,13.02,2.97,  sam  ,NA,6.21 kg,6x14x20,In Transit
2461,ORD-817121,FedEx,TRK758835097,2023-04-21 12:57:57,2023-04-27 12:57:57,9,,5.95,1.3,John,EU,6.2 kg,16x19x5,Returned
1705,ORD-217038,USPS,TRK471229946,2023-10-29 20:40:29,2023-11-10 20:40:29,5,,15.04,3.57,Jane,EU,5.43 lbs,12x11x8,Delivered
1998,ORD-310460,UPS,TRK855554940,2023-03-02 01:24:38,2023-03-12 01:24:38,3,,32.0,1.5,chris,,13.36 kg,18x6x11,Delivered
1661,ORD-133082,UPS,TRK782861482,2023-01-29 08:59:10,2023-02-05 08:59:10,2,,43.72,4.82,Alex,NA,10.4 lbs,20x8x8,Lost
1795,ORD-521290,USPS,TRK708824284,2023-03-14 21:05:19,2023-03-17 21:05:19,7,,26.86,3.68,Sarah,NA,7.31 lbs,5x16x6,Returned
2288,ORD-863472,fedex,TRK928777634,2023-09-25 15:02:35,2023-10-05 15:02:35,3,,44.28,2.39,David,International,18.54 kg,9x9x16,Exception
376,ORD-605662,USPS,TRK638845789,2023-07-28 15:11:13,2023-07-29 15:11:13,6,,26.31,2.33,David,EU,10.07 lbs,9x14x18,In Transit
679,ORD-652959,ups,TRK502737361,2023-11-26 10:16:30,2023-11-28 10:16:30,4,,30.29,3.72,,EU,1.06 lbs,5x11x12,Returned
1327,ORD-636985,UPS,TRK937232558,2023-07-04 07:29:46,2023-07-10 07:29:46,7,,38.76,3.7,  sam  ,,18.68 kg,14x10x18,Returned
1808,ORD-979484,USPS,TRK424842536,2023-04-03 16:00:28,2023-04-05 16:00:28,3,,44.95,1.27,KIM,International,12.07 lbs,13x17x18,In Transit
788,ORD-322979,fedex,TRK617815624,2023-03-06 05:30:14,2023-03-07 05:30:14,8,,41.99,3.31,Mike,EU,15.23 kg,18x7x9,Lost
717,ORD-795569,ups,TRK493065095,2023-03-25 03:53:00,2023-03-28 03:53:00,9,,16.71,4.45,Jane,,17.3 lbs,11x10x7,Returned
354,ORD-852589,UPS,TRK628325153,2023-08-23 12:19:09,2023-08-26 12:19:09,8,,12.68,1.82,chris,NA,8.04 kg,13x6x11,Delivered
1231,ORD-170159,DHL,TRK514997017,2023-10-16 07:25:46,2023-10-29 07:25:46,3,,35.75,3.38,chris,NA,18.72 kg,9x9x16,Delivered
1985,ORD-839514,UPS,TRK286032021,2023-07-31 21:15:30,2023-08-01 21:15:30,5,,26.94,4.69,Mary,NA,7.6 lbs,20x10x14,Returned
1447,ORD-495593,fedex,TRK755420401,2023-06-17 09:54:56,2023-06-18 09:54:56,2,,40.49,4.85,Sarah,Domestic,18.46 kg,8x12x12,Delivered
298,ORD-582059,FedEx,TRK245780191,2023-10-27 13:01:04,2023-11-07 13:01:04,2,,49.92,4.93,,EU,17.92 kg,15x7x18,Exception
413,ORD-951404,fedex,TRK859089557,2023-10-20 08:48:46,2023-10-30 08:48:46,8,,8.08,4.17,John,International,13.28 lbs,14x5x16,In Transit
678,ORD-521837,UPS,TRK369478557,2023-06-17 11:30:48,2023-06-22 11:30:48,3,,41.7,2.79,David,NA,15.09 lbs,13x11x10,Lost
1783,ORD-516457,USPS,TRK857593352,2023-09-06 03:04:00,2023-09-11 03:04:00,2,,15.75,1.07,Emily,,6.53 kg,20x19x13,Lost
2483,ORD-628172,USPS,TRK600320603,2023-04-26 18:48:15,2023-05-09 18:48:15,5,,8.19,4.81,John,,12.92 lbs,8x11x16,In Transit
2124,ORD-591858,USPS,TRK967437141,2023-12-13 23:21:19,2023-12-24 23:21:19,2,,15.03,4.02,Mike,Domestic,9.4 lbs,11x8x14,Lost
2436,ORD-500188,DHL,TRK484785253,2023-06-23 15:48:25,2023-07-03 15:48:25,2,,18.62,1.22,Emily,Domestic,3.22 lbs,17x18x18,Lost
2038,ORD-213168,UPS,TRK728342035,2023-10-19 13:59:40,2023-10-25 13:59:40,2,,16.62,3.3,Jane,,9.93 lbs,19x15x8,Lost
363,ORD-143239,ups,TRK220913931,2023-07-21 19:03:46,2023-07-30 19:03:46,9,,38.57,4.33,,EU,8.58 kg,17x6x14,Delivered
2356,ORD-728398,ups,TRK899382603,2023-11-18 12:43:30,2023-11-21 12:43:30,2,,14.2,2.81,Sarah,EU,18.75 kg,16x9x10,Exception
115,ORD-569321,DHL,TRK897174737,2023-05-19 01:39:32,2023-05-27 01:39:32,5,,49.94,2.21,David,International,2.96 kg,14x6x17,Delivered
536,ORD-884430,USPS,TRK279132407,2023-08-11 11:06:18,2023-08-22 11:06:18,4,,14.14,1.01,David,International,3.93 lbs,5x6x6,Lost
231,ORD-337193,fedex,TRK757340969,2023-11-16 11:55:51,2023-11-19 11:55:51,9,,8.32,2.06,KIM,Domestic,12.54 lbs,14x12x5,Delivered
264,ORD-730127,DHL,TRK717877209,2024-01-02 10:05:20,2024-01-07 10:05:20,4,,40.45,3.58,Alex,International,6.47 kg,7x10x12,Delivered
103,ORD-420770,USPS,TRK239191491,2023-11-17 15:36:25,2023-11-22 15:36:25,2,,33.06,4.23,David,NA,19.77 kg,12x6x5,Exception
1232,ORD-119379,ups,TRK197323041,2023-03-26 15:04:21,2023-04-05 15:04:21,2,,24.16,2.03,David,EU,11.29 lbs,20x16x14,Exception
1543,ORD-693780,UPS,TRK565560593,2023-09-06 15:08:59,2023-09-19 15:08:59,7,,22.73,1.12,Sarah,International,7.9 kg,20x8x6,Delivered
2420,ORD-984912,USPS,TRK720101745,2023-06-13 18:25:07,2023-06-15 18:25:07,3,,42.18,1.54,John,EU,15.99 lbs,8x12x15,Lost
2329,ORD-800567,fedex,TRK149316598,2023-03-29 21:19:14,2023-04-11 21:19:14,6,,8.84,3.21,Mike,NA,9.1 lbs,13x17x7,Delivered
1314,ORD-976664,USPS,TRK763911096,2023-11-11 03:15:40,2023-11-20 03:15:40,3,,44.98,3.76,Emily,,15.78 lbs,17x14x11,Delivered
1391,ORD-989968,UPS,TRK597114428,2023-03-18 13:50:43,2023-03-31 13:50:43,4,,19.66,1.69,John,International,6.27 kg,7x6x5,Returned
1972,ORD-899095,DHL,TRK536830907,2023-06-28 18:37:20,2023-07-06 18:37:20,4,,36.61,2.13,Sarah,EU,3.55 kg,8x10x8,Exception
2245,ORD-427346,USPS,TRK422402562,2023-08-11 08:04:19,2023-08-19 08:04:19,9,,26.58,2.61,Mary,Domestic,4.1 lbs,19x15x10,Returned
393,ORD-627759,DHL,TRK502420260,2023-10-11 18:55:49,2023-10-13 18:55:49,2,,8.03,4.7,John,Domestic,6.86 lbs,10x18x20,In Transit
1716,ORD-123141,fedex,TRK432093048,2023-01-27 08:43:59,2023-02-05 08:43:59,4,,32.53,3.98,Jane,Domestic,3.85 kg,18x20x17,Exception
1048,ORD-190244,FedEx,TRK809414197,2023-04-22 14:48:22,2023-04-27 14:48:22,7,,40.53,1.22,David,,4.49 lbs,18x19x6,Lost
2268,ORD-704474,USPS,TRK167564711,2023-06-21 05:23:36,2023-06-27 05:23:36,6,,7.49,2.11,KIM,NA,19.36 kg,19x20x13,Delivered
654,ORD-374041,fedex,TRK672643867,2023-03-28 23:12:07,2023-03-31 23:12:07,5,,26.23,4.84,Emily,EU,2.31 kg,8x13x7,Exception
221,ORD-898622,USPS,TRK103510289,2023-11-22 14:45:13,2023-11-26 14:45:13,3,,43.13,4.63,Emily,EU,3.03 kg,17x10x5,Returned
2077,ORD-543766,fedex,TRK890024314,2023-08-20 11:49:34,2023-08-28 11:49:34,5,,6.31,1.12,chris,NA,8.16 lbs,17x9x9,Delivered
976,ORD-392215,UPS,TRK451785410,2023-03-26 10:18:03,2023-04-07 10:18:03,4,,6.85,3.11,John,,12.0 lbs,6x8x7,Lost
850,ORD-420692,ups,TRK461801279,2023-07-13 12:16:01,2023-07-21 12:16:01,3,,30.12,4.66,  sam  ,International,10.89 lbs,7x11x12,Lost
484,ORD-580382,USPS,TRK704833330,2023-02-06 13:44:28,2023-02-08 13:44:28,3,,17.71,1.27,David,NA,14.79 lbs,14x7x16,Delivered
1437,ORD-576510,ups,TRK471363531,2023-03-05 09:47:49,2023-03-11 09:47:49,4,,28.27,1.34,Alex,EU,6.33 lbs,18x19x6,Returned
324,ORD-538912,DHL,TRK947883292,2023-06-16 19:22:39,2023-06-25 19:22:39,4,,34.79,1.05,Mary,Domestic,6.47 lbs,18x13x17,Delivered
2183,ORD-135309,USPS,TRK216173324,2023-01-10 08:42:04,2023-01-21 08:42:04,9,,49.63,1.92,Alex,NA,4.95 kg,5x14x20,Lost
1084,ORD-734549,USPS,TRK308511364,2023-08-12 10:55:21,2023-08-25 10:55:21,9,,43.62,3.92,Mike,EU,14.29 kg,14x15x8,In Transit
513,ORD-110357,USPS,TRK337291482,2023-12-23 12:24:38,2023-12-30 12:24:38,2,,22.97,3.61,Emily,Domestic,1.44 lbs,6x8x17,Returned
410,ORD-421967,UPS,TRK184481682,2023-07-21 09:20:38,2023-07-23 09:20:38,5,,13.88,2.52,John,,8.67 lbs,13x6x16,Returned
2457,ORD-867327,ups,TRK459369282,2023-08-15 18:29:56,2023-08-19 18:29:56,9,,48.18,1.69,John,EU,1.38 lbs,15x17x5,In Transit
587,ORD-328429,ups,TRK304012909,2023-11-04 22:56:04,2023-11-09 22:56:04,8,,41.52,3.97,Emily,EU,6.82 kg,16x10x6,Lost
1336,ORD-301062,FedEx,TRK438011330,2023-08-14 09:04:27,2023-08-22 09:04:27,8,,14.08,2.57,Mike,International,19.03 lbs,7x9x9,Returned
1176,ORD-348126,DHL,TRK442408722,2023-06-03 17:07:53,2023-06-10 17:07:53,5,,10.19,1.01,Sarah,International,13.5 kg,6x20x11,Lost
1664,ORD-373313,UPS,TRK853811922,2023-06-08 14:21:20,2023-06-17 14:21:20,8,,13.17,3.18,KIM,International,9.87 kg,16x16x8,Returned
897,ORD-404240,USPS,TRK754809948,2023-04-22 07:49:37,2023-04-24 07:49:37,8,,26.65,2.78,David,EU,1.45 lbs,14x17x17,Delivered
2150,ORD-421404,UPS,TRK761540693,2023-06-13 20:34:19,2023-06-23 20:34:19,3,,42.61,1.66,Emily,International,9.98 lbs,9x11x7,Delivered
2429,ORD-319068,ups,TRK582667213,2023-02-21 20:03:53,2023-02-22 20:03:53,7,,16.01,4.94,David,International,3.74 kg,7x8x11,In Transit
2266,ORD-653599,DHL,TRK478826636,2023-08-06 13:48:55,2023-08-15 13:48:55,5,,41.16,1.51,  sam  ,International,16.93 lbs,11x9x8,Exception
818,ORD-999705,FedEx,TRK137301013,2023-08-12 07:21:46,2023-08-22 07:21:46,2,,44.44,1.72,chris,EU,18.11 kg,13x16x10,Delivered
276,ORD-613407,UPS,TRK899760703,2023-01-08 20:08:42,2023-01-18 20:08:42,8,,46.8,4.17,David,NA,15.95 kg,12x9x9,Lost
2011,ORD-589482,fedex,TRK770413405,2023-08-20 11:12:26,2023-08-21 11:12:26,8,,46.69,3.29,David,NA,19.3 lbs,15x19x10,Returned
1451,ORD-409929,ups,TRK155635794,2023-09-28 04:02:37,2023-10-06 04:02:37,3,,28.78,2.61,Alex,International,12.67 lbs,16x15x6,In Transit
1130,ORD-184000,ups,TRK788592513,2023-01-11 23:39:45,2023-01-23 23:39:45,5,,38.62,4.58,Alex,Domestic,5.59 kg,5x10x16,Returned
2189,ORD-480617,ups,TRK178329816,2023-08-01 13:44:24,2023-08-10 13:44:24,4,,28.63,1.54,Sarah,International,7.44 kg,9x17x9,Lost
2262,ORD-157056,UPS,TRK457342530,2023-05-27 15:15:37,2023-06-06 15:15:37,5,,19.97,4.71,David,Domestic,16.06 kg,14x15x13,In Transit
1224,ORD-279965,ups,TRK755938922,2023-12-24 02:43:09,2023-12-27 02:43:09,2,,29.62,3.44,,,7.83 kg,19x10x5,Lost
1240,ORD-457898,FedEx,TRK940873850,2023-07-24 04:31:58,2023-07-26 04:31:58,8,,13.41,2.75,David,Domestic,16.04 lbs,14x14x8,Exception
795,ORD-468350,ups,TRK633719284,2023-06-18 19:42:47,2023-06-25 19:42:47,6,,29.03,2.95,Emily,EU,9.39 lbs,18x18x17,Delivered
1419,ORD-372440,USPS,TRK216490830,2023-02-07 23:11:58,2023-02-09 23:11:58,6,,47.24,3.72,,,11.84 kg,5x13x10,In Transit
2125,ORD-307442,ups,TRK574689019,2023-04-25 00:25:43,2023-04-29 00:25:43,4,,14.08,1.54,Jane,NA,2.52 kg,12x6x9,Lost
547,ORD-246784,FedEx,TRK279534873,2023-11-21 01:54:30,2023-11-27 01:54:30,9,,29.96,4.21,Jane,,3.42 kg,14x5x6,Lost
1814,ORD-684620,ups,TRK801094562,2023-12-13 17:00:35,2023-12-20 17:00:35,2,,19.99,3.6,Alex,EU,16.02 kg,5x19x16,Lost
590,ORD-936742,UPS,TRK741313592,2023-07-27 13:30:02,2023-08-03 13:30:02,8,,30.05,1.06,Emily,,14.36 lbs,20x11x20,Returned
980,ORD-860481,ups,TRK387801462,2023-09-15 13:46:31,2023-09-16 13:46:31,7,,43.03,2.45,KIM,Domestic,8.32 lbs,14x10x13,Returned
1491,ORD-638840,FedEx,TRK895654527,2023-02-13 06:50:08,2023-02-21 06:50:08,3,,27.3,4.44,KIM,EU,9.93 kg,10x20x20,Returned
2430,ORD-881049,fedex,TRK786603701,2023-04-17 02:23:35,2023-04-27 02:23:35,6,,9.69,1.1,  sam  ,Domestic,10.42 lbs,15x18x8,Lost
1535,ORD-546999,USPS,TRK887897853,2023-03-16 03:24:57,2023-03-25 03:24:57,5,,41.95,1.47,Mike,Domestic,13.97 lbs,18x17x11,Lost
922,ORD-912025,FedEx,TRK546552409,2023-12-30 13:16:21,2024-01-06 13:16:21,3,,37.26,1.01,Jane,NA,8.79 kg,8x6x11,Lost
1897,ORD-733344,fedex,TRK839522748,2023-07-02 21:43:34,2023-07-15 21:43:34,7,,34.52,4.64,Alex,NA,2.32 kg,8x5x7,Delivered
2475,ORD-879376,DHL,TRK477954980,2023-05-25 17:51:14,2023-05-31 17:51:14,2,,46.8,1.55,chris,NA,0.54 kg,13x20x11,Exception
104,ORD-973033,USPS,TRK716551530,2023-04-14 04:08:57,2023-04-19 04:08:57,7,,41.28,3.0,Emily,Domestic,11.0 lbs,19x5x11,Exception
1239,ORD-502374,UPS,TRK186360657,2023-10-18 19:48:27,2023-10-26 19:48:27,2,,39.51,2.98,Jane,,16.15 kg,19x15x7,Lost
1065,ORD-405529,fedex,TRK574945354,2023-04-11 02:43:41,2023-04-23 02:43:41,3,,39.56,1.54,David,NA,4.41 kg,13x18x12,Returned
1294,ORD-255471,ups,TRK362855868,2023-05-30 08:32:08,2023-06-01 08:32:08,2,,18.05,4.26,Sarah,,0.54 lbs,14x15x14,Delivered
993,ORD-308838,FedEx,TRK700369577,2023-07-20 14:24:44,2023-07-21 14:24:44,8,,36.04,1.47,  sam  ,EU,0.68 kg,8x10x16,Returned
455,ORD-452712,fedex,TRK704983591,2023-02-09 06:09:42,2023-02-10 06:09:42,9,,10.64,4.75,Sarah,International,7.22 kg,5x9x6,In Transit
2113,ORD-504501,FedEx,TRK836014967,2023-11-19 09:56:28,2023-12-02 09:56:28,3,,15.76,2.58,Jane,Domestic,18.87 kg,5x13x18,Lost
1004,ORD-242133,ups,TRK407427042,2023-03-20 17:36:19,2023-03-29 17:36:19,8,,10.31,4.14,Mary,,18.89 kg,13x15x12,Delivered
52,ORD-865102,USPS,TRK123066110,2023-07-29 08:28:51,2023-08-09 08:28:51,9,,9.66,4.12,John,EU,8.6 kg,18x11x14,Returned
2404,ORD-957233,DHL,TRK979057548,2023-12-12 10:21:15,2023-12-18 10:21:15,7,,37.29,1.81,David,NA,13.84 lbs,8x7x8,Delivered
781,ORD-591809,fedex,TRK471152528,2023-06-06 10:29:49,2023-06-15 10:29:49,9,,25.12,2.36,Mike,NA,11.14 lbs,7x13x12,Returned
992,ORD-106845,ups,TRK695730640,2023-07-29 16:31:18,2023-07-30 16:31:18,7,,22.56,1.48,John,NA,19.88 kg,5x10x5,In Transit
12,ORD-847708,ups,TRK352776345,2023-03-18 21:47:43,2023-03-31 21:47:43,2,,22.11,3.25,John,,4.51 kg,5x7x15,Returned
1729,ORD-421790,DHL,TRK370214605,2023-09-13 12:11:37,2023-09-26 12:11:37,6,,32.23,3.61,David,International,4.02 lbs,17x20x7,Returned
1589,ORD-733535,UPS,TRK167610582,2023-04-24 05:19:17,2023-04-29 05:19:17,5,,44.66,4.14,Emily,Domestic,1.23 kg,19x19x7,Lost
636,ORD-785272,ups,TRK680642011,2023-03-29 00:13:38,2023-04-10 00:13:38,8,,33.72,2.05,John,Domestic,15.2 lbs,11x15x8,Returned
534,ORD-824891,USPS,TRK739753151,2023-01-03 04:37:01,2023-01-08 04:37:01,2,,7.07,4.09,,EU,10.53 kg,18x8x17,Exception
72,ORD-446224,DHL,TRK867883871,2023-05-16 00:31:00,2023-05-29 00:31:00,4,,49.46,2.82,Sarah,International,9.35 kg,11x12x10,In Transit
2079,ORD-622534,UPS,TRK714448332,2023-12-25 19:38:29,2023-12-26 19:38:29,5,,19.65,1.53,Emily,EU,1.59 kg,13x20x16,In Transit
544,ORD-453497,DHL,TRK884008034,2023-05-05 13:11:32,2023-05-10 13:11:32,7,,12.7,2.4,Sarah,,15.73 kg,6x15x7,Returned
1427,ORD-761735,fedex,TRK611162052,2023-03-20 18:05:27,2023-03-23 18:05:27,7,,24.63,1.66,Jane,International,1.53 lbs,12x16x5,In Transit
1023,ORD-481651,DHL,TRK337813389,2023-02-20 18:33:31,2023-02-21 18:33:31,2,,49.19,1.38,Emily,Domestic,14.93 lbs,7x8x6,Exception
2418,ORD-563915,UPS,TRK476480066,2023-12-12 08:15:45,2023-12-14 08:15:45,4,,27.82,4.89,chris,International,5.08 lbs,12x10x9,Lost
1173,ORD-236973,FedEx,TRK123821020,2023-06-08 02:50:49,2023-06-17 02:50:49,5,,29.4,3.09,chris,EU,6.41 kg,12x9x12,Lost
1995,ORD-793432,fedex,TRK468424392,2023-02-10 08:42:55,2023-02-15 08:42:55,6,,46.45,3.6,Jane,International,10.96 lbs,18x14x10,Delivered
204,ORD-810250,USPS,TRK588231020,2023-01-10 14:22:47,2023-01-21 14:22:47,2,,40.81,4.1,Alex,Domestic,7.74 kg,5x15x16,Exception
745,ORD-260149,fedex,TRK741362749,2023-06-15 00:55:28,2023-06-28 00:55:28,2,,42.28,4.47,KIM,,12.58 kg,15x16x15,Exception
1387,ORD-677952,UPS,TRK368163219,2023-11-26 07:25:25,2023-12-07 07:25:25,9,,44.45,1.13,KIM,NA,13.2 kg,15x12x18,Exception
691,ORD-855261,USPS,TRK548177138,2023-08-27 00:01:21,2023-09-03 00:01:21,9,,12.38,4.91,Jane,,16.86 lbs,8x7x11,Returned
1380,ORD-768992,DHL,TRK930390286,2023-01-09 07:24:44,2023-01-20 07:24:44,5,,18.38,1.63,Alex,EU,6.73 lbs,8x9x10,Lost
1202,ORD-635778,DHL,TRK759013315,2023-09-22 13:03:58,2023-09-28 13:03:58,2,,13.26,1.63,John,International,15.08 lbs,7x12x8,In Transit
2462,ORD-690891,USPS,TRK101349900,2023-09-21 06:51:09,2023-09-29 06:51:09,2,,24.14,3.87,Mike,Domestic,1.73 kg,7x20x18,Lost
1912,ORD-807302,ups,TRK868713630,2023-02-09 22:46:19,2023-02-14 22:46:19,4,,14.85,2.26,chris,NA,10.24 kg,19x13x14,Returned
2468,ORD-104165,fedex,TRK447109512,2023-01-26 15:24:43,2023-01-28 15:24:43,3,,28.18,1.49,David,Domestic,5.1 kg,12x17x20,In Transit
1200,ORD-781809,FedEx,TRK424424361,2023-09-07 06:11:04,2023-09-19 06:11:04,4,,24.17,2.07,chris,Domestic,18.88 lbs,18x7x18,Lost
1937,ORD-805927,UPS,TRK105026634,2023-03-20 17:48:52,2023-04-01 17:48:52,2,,32.54,3.82,Mike,,0.65 kg,16x9x18,Returned
552,ORD-112521,FedEx,TRK458673183,2023-10-06 19:10:26,2023-10-07 19:10:26,6,,9.09,4.14,Alex,EU,11.39 kg,13x12x11,In Transit
553,ORD-326975,UPS,TRK318157050,2023-02-10 15:15:26,2023-02-15 15:15:26,3,,38.62,3.74,  sam  ,Domestic,6.17 kg,5x7x16,Exception
1059,ORD-350858,fedex,TRK452928543,2023-06-09 13:07:14,2023-06-15 13:07:14,3,,19.81,1.85,  sam  ,International,4.87 kg,16x7x14,Exception
1827,ORD-692712,DHL,TRK678005748,2023-06-27 22:33:42,2023-07-01 22:33:42,6,,29.74,4.4,Jane,EU,13.49 lbs,12x20x14,Returned
2339,ORD-204591,UPS,TRK547783242,2023-07-30 05:32:15,2023-08-12 05:32:15,5,,21.96,1.29,,EU,7.42 kg,9x5x7,Exception
825,ORD-127684,ups,TRK519664514,2023-09-14 08:00:31,2023-09-16 08:00:31,4,,39.93,4.12,Emily,NA,7.42 lbs,16x15x13,Returned
1670,ORD-114404,fedex,TRK832544859,2023-03-13 06:57:42,2023-03-25 06:57:42,8,,9.38,1.18,Mary,EU,18.32 kg,16x10x11,In Transit
1500,ORD-793260,fedex,TRK939450993,2023-07-25 20:22:54,2023-07-31 20:22:54,9,,20.03,1.65,Mike,International,15.71 kg,6x9x11,Delivered
2231,ORD-398413,fedex,TRK875029029,2023-03-23 05:55:10,2023-03-28 05:55:10,4,,16.78,1.27,KIM,EU,17.73 kg,11x11x8,Delivered
1259,ORD-148476,FedEx,TRK227494628,2023-02-05 12:46:12,2023-02-10 12:46:12,7,,46.13,3.68,Emily,EU,11.68 lbs,7x16x5,Delivered
1258,ORD-765855,UPS,TRK442429890,2023-10-16 03:35:22,2023-10-29 03:35:22,2,,7.13,4.18,Jane,,11.81 kg,19x11x19,Exception
1138,ORD-922754,DHL,TRK846216691,2023-05-28 01:05:23,2023-05-30 01:05:23,5,,20.32,3.39,Sarah,EU,4.16 kg,19x11x5,Delivered
905,ORD-232973,ups,TRK792917992,2023-02-15 00:10:18,2023-02-23 00:10:18,9,,16.81,2.19,,EU,7.85 lbs,10x20x16,Exception
96,ORD-859254,FedEx,TRK409617561,2023-03-14 09:03:14,2023-03-16 09:03:14,5,,47.35,4.77,Sarah,EU,5.91 lbs,20x7x14,Delivered
955,ORD-209836,fedex,TRK921423714,2023-11-05 05:00:56,2023-11-11 05:00:56,3,,24.94,3.47,Mike,EU,3.72 kg,15x13x15,Lost
379,ORD-378188,UPS,TRK420400362,2023-12-06 09:51:28,2023-12-18 09:51:28,2,,12.41,1.29,,EU,11.07 kg,13x19x5,Returned
1602,ORD-253901,FedEx,TRK585189454,2023-01-31 19:05:38,2023-02-13 19:05:38,8,,9.19,2.28,David,EU,6.25 lbs,6x9x13,Delivered
1154,ORD-417601,UPS,TRK537578652,2023-04-16 00:00:30,2023-04-26 00:00:30,4,,25.5,4.89,Mike,International,10.01 kg,6x15x5,In Transit
1592,ORD-426872,DHL,TRK270655312,2023-12-23 08:54:40,2024-01-01 08:54:40,5,,22.43,3.95,  sam  ,NA,1.07 lbs,9x17x14,Returned
1749,ORD-700304,FedEx,TRK934919519,2023-02-07 04:23:16,2023-02-17 04:23:16,6,,21.69,4.82,KIM,EU,14.89 lbs,9x7x17,Lost
2186,ORD-235682,ups,TRK977696841,2023-09-29 17:21:55,2023-10-02 17:21:55,6,,38.56,3.63,Mike,International,4.38 kg,12x5x17,Lost
1809,ORD-795411,ups,TRK890013906,2023-09-06 03:21:41,2023-09-13 03:21:41,2,,10.78,3.44,,NA,15.5 kg,6x5x6,Exception
2205,ORD-897027,fedex,TRK296623760,2023-09-05 03:45:57,2023-09-13 03:45:57,2,,47.88,2.91,David,International,11.19 lbs,9x19x6,In Transit
316,ORD-252746,FedEx,TRK114535350,2023-09-17 02:32:04,2023-09-29 02:32:04,9,,46.3,2.9,  sam  ,NA,16.6 kg,5x9x15,Delivered
1905,ORD-921181,FedEx,TRK746101997,2023-01-22 04:19:15,2023-01-23 04:19:15,8,,17.65,3.27,John,Domestic,15.49 kg,13x18x10,In Transit
1464,ORD-738201,fedex,TRK594933255,2023-10-16 15:21:53,2023-10-21 15:21:53,8,,44.22,3.17,KIM,Domestic,18.46 kg,20x5x9,Returned
1468,ORD-422041,FedEx,TRK988998281,2023-03-19 07:50:14,2023-04-01 07:50:14,3,,25.95,2.96,Alex,EU,11.51 kg,9x13x7,Returned
2299,ORD-395139,USPS,TRK392541318,2023-08-07 09:31:07,2023-08-17 09:31:07,9,,15.77,2.19,Sarah,Domestic,16.22 kg,13x17x11,In Transit
369,ORD-609446,UPS,TRK272155217,2023-05-05 23:34:50,2023-05-16 23:34:50,4,,30.78,4.43,Mike,Domestic,1.74 lbs,16x13x10,Lost
1136,ORD-652401,UPS,TRK590637594,2023-04-28 17:50:48,2023-05-04 17:50:48,6,,42.75,4.21,Mike,Domestic,18.6 lbs,11x7x16,Lost
1270,ORD-769779,USPS,TRK367478968,2023-11-18 06:27:34,2023-11-24 06:27:34,3,,37.58,4.37,Emily,International,19.98 lbs,9x20x15,Returned
658,ORD-187137,FedEx,TRK658137435,2023-04-26 10:59:55,2023-04-27 10:59:55,5,,11.6,4.36,Mary,,16.07 lbs,6x6x16,Delivered
107,ORD-227682,USPS,TRK247355597,2023-03-20 02:14:37,2023-03-23 02:14:37,4,,23.48,2.78,Mary,Domestic,6.06 kg,20x16x10,Lost
2259,ORD-767092,fedex,TRK493391814,2023-08-07 18:44:41,2023-08-11 18:44:41,3,,45.39,2.37,Mike,,3.51 kg,19x19x15,Lost
1609,ORD-743177,DHL,TRK784281110,2023-02-21 02:23:47,2023-02-26 02:23:47,7,,36.12,3.74,John,Domestic,2.65 lbs,18x14x19,Exception
1276,ORD-911060,ups,TRK519015561,2023-12-03 18:36:49,2023-12-07 18:36:49,8,,32.51,1.96,Sarah,EU,4.04 kg,13x6x18,Lost
909,ORD-670195,UPS,TRK522119831,2023-03-12 01:08:18,2023-03-13 01:08:18,4,,9.24,4.95,KIM,EU,19.36 lbs,17x17x10,Returned
1764,ORD-504722,ups,TRK234475853,2023-04-18 06:23:40,2023-04-26 06:23:40,9,,5.7,1.39,Sarah,International,11.36 lbs,11x18x13,Returned
1703,ORD-360067,ups,TRK623095318,2023-05-26 20:07:05,2023-05-30 20:07:05,6,,8.6,4.18,Emily,International,7.56 lbs,14x13x12,Lost
2387,ORD-605163,ups,TRK995120738,2023-04-21 12:18:30,2023-04-23 12:18:30,6,,16.3,4.91,,NA,6.94 kg,15x14x20,Returned
695,ORD-189299,USPS,TRK425123328,2023-05-21 10:00:15,2023-06-01 10:00:15,4,,16.14,3.38,John,,6.44 kg,15x13x15,Lost
271,ORD-540023,USPS,TRK137428011,2023-11-23 07:08:46,2023-11-29 07:08:46,4,,10.52,1.36,Alex,Domestic,5.28 lbs,7x12x9,Exception
989,ORD-635495,DHL,TRK860109301,2023-06-16 18:54:00,2023-06-28 18:54:00,6,,43.63,1.59,Mike,,7.97 kg,14x11x9,Exception
548,ORD-874081,UPS,TRK103878708,2023-01-06 12:03:14,2023-01-07 12:03:14,3,,30.05,4.46,Alex,International,16.77 kg,18x5x14,Lost
539,ORD-848550,ups,TRK646343083,2023-08-27 05:44:03,2023-08-31 05:44:03,9,,21.58,4.6,,Domestic,7.94 lbs,7x6x11,Exception
858,ORD-153419,USPS,TRK479149616,2023-04-09 16:19:27,2023-04-18 16:19:27,5,,30.96,3.99,  sam  ,,3.99 lbs,7x11x17,Delivered
1802,ORD-561044,UPS,TRK686414680,2023-04-09 11:50:35,2023-04-19 11:50:35,8,,43.64,4.55,David,NA,16.46 lbs,14x8x13,Delivered
1922,ORD-893966,UPS,TRK254558715,2023-03-21 20:26:42,2023-03-23 20:26:42,5,,21.97,2.42,Emily,International,13.69 lbs,5x18x15,Delivered
1565,ORD-423850,FedEx,TRK298332061,2023-06-26 07:04:56,2023-06-29 07:04:56,2,,32.39,1.49,Alex,,13.88 kg,6x15x19,In Transit
2499,ORD-452399,UPS,TRK713561523,2023-03-28 04:01:52,2023-04-01 04:01:52,5,,19.13,2.2,Alex,,2.54 lbs,19x6x19,In Transit
876,ORD-696148,fedex,TRK661523648,2023-08-06 09:37:51,2023-08-11 09:37:51,4,,36.3,4.26,Emily,NA,3.37 kg,19x11x8,Delivered
2472,ORD-452753,FedEx,TRK594885140,2023-08-25 11:28:52,2023-09-06 11:28:52,8,,33.8,4.63,KIM,Domestic,2.46 lbs,9x5x12,Exception
2052,ORD-521396,DHL,TRK368462320,2023-09-10 13:40:29,2023-09-16 13:40:29,4,,38.29,1.14,David,,1.92 kg,7x12x11,Exception
1038,ORD-233177,USPS,TRK853556709,2023-12-22 18:43:01,2024-01-01 18:43:01,7,,6.35,2.44,Jane,,3.82 kg,18x14x5,Exception
2069,ORD-692125,FedEx,TRK887631519,2023-02-25 05:07:32,2023-02-26 05:07:32,5,,27.15,2.37,Mike,Domestic,17.12 lbs,19x8x17,Lost
1015,ORD-132461,DHL,TRK842013316,2023-03-08 03:19:03,2023-03-09 03:19:03,5,,12.92,1.4,Mary,EU,19.23 kg,17x14x18,In Transit
1143,ORD-350542,DHL,TRK107347687,2023-04-13 15:06:04,2023-04-25 15:06:04,3,,34.78,2.47,  sam  ,EU,5.17 kg,16x19x18,In Transit
1917,ORD-436749,USPS,TRK264010127,2023-10-14 17:25:27,2023-10-24 17:25:27,4,,33.41,4.46,John,EU,12.09 lbs,6x9x20,Exception
1323,ORD-895552,fedex,TRK224556228,2023-06-12 19:18:21,2023-06-19 19:18:21,8,,47.63,1.78,  sam  ,NA,16.14 lbs,17x10x7,Lost
1218,ORD-211940,fedex,TRK684510188,2023-04-07 05:32:33,2023-04-10 05:32:33,3,,11.72,4.36,chris,EU,12.88 kg,6x15x17,Lost
2172,ORD-285950,fedex,TRK869577050,2023-06-20 17:13:20,2023-06-23 17:13:20,9,,27.74,1.28,Alex,Domestic,5.59 lbs,14x19x7,Exception
2298,ORD-354159,fedex,TRK788748311,2023-01-23 12:22:02,2023-01-31 12:22:02,7,,33.42,1.8,  sam  ,Domestic,18.01 lbs,17x17x11,Returned
294,ORD-207907,USPS,TRK197105364,2023-09-03 16:20:57,2023-09-10 16:20:57,6,,20.99,3.87,chris,NA,10.02 lbs,9x7x13,Delivered
769,ORD-211718,FedEx,TRK791150489,2023-10-26 12:46:15,2023-10-27 12:46:15,5,,17.01,2.12,Emily,NA,18.99 kg,9x9x12,Delivered
1894,ORD-699497,UPS,TRK809468868,2023-08-14 10:02:04,2023-08-16 10:02:04,8,,49.18,4.55,Mike,Domestic,19.2 kg,19x14x11,Lost
1804,ORD-233905,UPS,TRK637467967,2023-09-01 09:11:33,2023-09-11 09:11:33,6,,45.81,2.26,Alex,,18.57 kg,7x13x10,Exception
1895,ORD-137138,fedex,TRK895452248,2023-11-06 08:27:31,2023-11-18 08:27:31,9,,16.69,1.74,  sam  ,International,0.96 kg,10x6x14,In Transit
2222,ORD-291203,FedEx,TRK460574870,2023-08-14 04:07:53,2023-08-19 04:07:53,2,,47.03,3.84,Mike,,5.57 kg,7x17x11,Delivered
396,ORD-814032,USPS,TRK592627207,2023-07-23 05:15:46,2023-08-05 05:15:46,4,,46.85,2.03,John,EU,16.98 kg,10x20x18,Exception
91,ORD-884760,FedEx,TRK578728509,2023-12-29 06:06:22,2024-01-06 06:06:22,2,,18.84,3.54,Mary,,9.52 kg,17x18x7,Exception
2269,ORD-656445,UPS,TRK216317549,2023-04-01 23:48:15,2023-04-04 23:48:15,8,,38.29,2.03,Jane,Domestic,12.67 kg,20x8x8,Exception
406,ORD-765493,ups,TRK679748029,2023-10-04 06:03:12,2023-10-09 06:03:12,3,,24.65,4.32,Jane,NA,9.73 lbs,5x6x5,Delivered
445,ORD-854898,FedEx,TRK548346387,2023-06-28 20:35:44,2023-07-11 20:35:44,2,,21.0,3.41,Mary,NA,2.61 kg,16x18x19,Delivered
1227,ORD-302005,FedEx,TRK519771584,2023-10-21 11:45:34,2023-10-24 11:45:34,8,,41.82,1.14,Sarah,EU,1.04 kg,10x10x17,Exception
1559,ORD-867583,UPS,TRK205346380,2023-12-16 18:43:56,2023-12-28 18:43:56,5,,33.08,2.83,Emily,,5.99 kg,17x10x17,Delivered
927,ORD-903729,fedex,TRK414857758,2023-08-29 04:30:15,2023-09-11 04:30:15,7,,44.08,4.69,John,International,12.08 lbs,18x18x5,Lost
2101,ORD-845521,FedEx,TRK661871564,2023-01-26 08:56:09,2023-02-07 08:56:09,3,,5.84,4.25,Emily,EU,4.33 kg,18x14x10,Lost
254,ORD-621144,fedex,TRK768750407,2023-10-23 18:40:08,2023-10-31 18:40:08,9,,42.7,2.31,Mary,NA,10.73 kg,7x11x12,Delivered
146,ORD-286539,FedEx,TRK270077529,2023-06-01 14:16:11,2023-06-10 14:16:11,6,,33.84,2.96,chris,International,4.24 lbs,8x17x16,Delivered
1675,ORD-593114,fedex,TRK880996149,2023-07-12 14:57:15,2023-07-23 14:57:15,2,,27.09,3.8,Emily,,19.28 kg,7x14x14,Delivered
2344,ORD-808749,fedex,TRK639714100,2023-07-28 08:25:20,2023-08-03 08:25:20,6,,16.13,4.89,  sam  ,International,18.0 kg,19x20x18,Exception
1109,ORD-392708,fedex,TRK874968410,2023-09-12 15:00:47,2023-09-20 15:00:47,8,,14.94,4.73,Sarah,Domestic,16.5 kg,20x5x12,Exception
93,ORD-460714,fedex,TRK510771941,2023-12-18 14:13:20,2023-12-25 14:13:20,3,,38.37,2.33,,EU,2.47 kg,18x16x5,Lost
2409,ORD-350191,UPS,TRK133317679,2023-03-17 00:57:55,2023-03-30 00:57:55,7,,43.44,2.39,Mike,International,9.76 lbs,11x8x8,Lost
594,ORD-572680,USPS,TRK458193441,2023-12-06 06:19:18,2023-12-13 06:19:18,3,,49.82,1.27,  sam  ,NA,3.47 lbs,8x5x17,Exception
2096,ORD-539170,DHL,TRK941977490,2023-03-09 18:34:26,2023-03-22 18:34:26,2,,37.05,4.16,,International,4.36 kg,9x12x17,Delivered
1484,ORD-485005,fedex,TRK329533953,2023-08-21 23:30:00,2023-09-02 23:30:00,7,,25.53,1.82,Sarah,EU,3.59 lbs,18x5x8,Returned
2165,ORD-342945,fedex,TRK802451003,2023-11-03 08:46:20,2023-11-06 08:46:20,5,,18.66,3.87,chris,NA,4.62 lbs,17x18x17,Exception
946,ORD-449461,DHL,TRK632134896,2023-09-10 01:25:54,2023-09-16 01:25:54,2,,21.23,2.4,Jane,EU,1.77 kg,9x18x13,Exception
867,ORD-663788,ups,TRK509644559,2023-01-05 02:23:02,2023-01-11 02:23:02,8,,19.57,3.76,Alex,,13.36 lbs,18x19x7,In Transit
674,ORD-928289,fedex,TRK819973467,2023-04-13 01:31:36,2023-04-18 01:31:36,9,,27.33,4.13,Mary,EU,9.26 lbs,15x17x11,Delivered
1226,ORD-285974,USPS,TRK447545807,2023-08-05 14:48:14,2023-08-18 14:48:14,6,,46.8,4.27,,NA,3.52 lbs,12x11x20,Exception
1785,ORD-607705,FedEx,TRK784193455,2023-11-03 13:43:11,2023-11-14 13:43:11,9,,48.04,4.12,  sam  ,NA,7.3 lbs,11x15x16,In Transit
1050,ORD-256884,DHL,TRK599751964,2023-10-04 03:31:40,2023-10-10 03:31:40,9,,20.24,3.04,chris,Domestic,4.29 lbs,9x12x8,Lost
181,ORD-758994,USPS,TRK606141597,2023-06-04 21:04:18,2023-06-10 21:04:18,7,,37.4,4.04,John,NA,10.28 lbs,16x19x9,Lost
1013,ORD-703164,fedex,TRK896538023,2023-06-29 04:11:32,2023-07-07 04:11:32,2,,24.85,1.57,,Domestic,4.21 kg,13x11x19,Lost
353,ORD-256875,FedEx,TRK762483521,2023-10-19 15:14:07,2023-11-01 15:14:07,5,,11.18,3.78,Jane,International,0.7 lbs,9x18x15,In Transit
246,ORD-243972,FedEx,TRK237008122,2023-08-30 09:40:27,2023-09-04 09:40:27,7,,24.46,3.59,chris,EU,6.26 kg,7x11x9,Exception
1892,ORD-105945,DHL,TRK634237254,2023-08-28 19:33:33,2023-09-07 19:33:33,4,,31.62,2.45,Emily,NA,5.32 lbs,6x15x14,Returned
689,ORD-785945,DHL,TRK934608938,2023-02-26 01:14:57,2023-03-04 01:14:57,5,,19.41,2.44,chris,International,15.79 lbs,15x13x20,In Transit
1193,ORD-297008,DHL,TRK566332930,2023-03-21 01:17:57,2023-04-02 01:17:57,9,,36.11,2.0,  sam  ,International,19.17 lbs,7x7x5,Returned
1514,ORD-327333,UPS,TRK518731193,2023-03-17 13:33:19,2023-03-23 13:33:19,2,,14.23,3.32,,NA,8.09 kg,14x7x13,Lost
597,ORD-139750,USPS,TRK204548580,2023-11-28 09:07:01,2023-12-05 09:07:01,8,,9.07,4.97,,NA,13.82 lbs,12x9x5,In Transit
1409,ORD-895678,fedex,TRK530995463,2023-12-03 14:30:29,2023-12-09 14:30:29,6,,16.81,3.81,Jane,NA,15.97 kg,8x19x18,Delivered
583,ORD-568664,FedEx,TRK494743825,2023-12-10 20:51:44,2023-12-16 20:51:44,7,,34.39,2.37,Emily,NA,7.23 kg,14x10x6,Returned
2217,ORD-248518,fedex,TRK799065337,2023-06-09 00:20:59,2023-06-17 00:20:59,7,,46.02,1.51,Emily,NA,9.31 kg,19x18x12,In Transit
2352,ORD-455713,fedex,TRK640038150,2023-05-19 03:33:31,2023-05-23 03:33:31,8,,31.53,4.02,chris,,14.37 kg,16x17x15,Lost
338,ORD-176448,ups,TRK349332334,2023-10-18 17:43:51,2023-10-26 17:43:51,3,,49.82,2.83,Mike,,17.81 kg,18x7x18,Exception
912,ORD-641642,DHL,TRK437810431,2023-07-24 16:16:14,2023-07-28 16:16:14,7,,42.96,3.17,  sam  ,Domestic,5.97 kg,11x18x5,Exception
2265,ORD-734371,FedEx,TRK983037485,2023-11-13 13:22:17,2023-11-18 13:22:17,5,,49.39,1.21,Sarah,International,18.13 kg,13x19x7,Delivered
249,ORD-449177,FedEx,TRK929418370,2023-05-22 03:40:56,2023-05-27 03:40:56,9,,12.13,1.42,Mary,EU,19.82 lbs,15x6x20,In Transit
1914,ORD-941012,FedEx,TRK377887649,2023-02-28 19:44:51,2023-03-13 19:44:51,2,,39.45,1.16,Emily,EU,1.85 lbs,7x10x11,Exception
1126,ORD-283745,fedex,TRK745026514,2023-01-28 13:08:27,2023-02-08 13:08:27,9,,47.65,3.77,Jane,International,1.5 kg,16x11x16,Exception
2068,ORD-504734,UPS,TRK927344445,2023-08-27 04:21:43,2023-09-08 04:21:43,5,,14.69,1.45,,Domestic,3.36 lbs,8x20x18,Lost
1311,ORD-794631,DHL,TRK934328367,2023-10-01 07:27:08,2023-10-14 07:27:08,7,,40.39,3.24,KIM,NA,12.06 lbs,19x8x10,Lost
1672,ORD-144743,UPS,TRK955824248,2023-04-06 08:33:53,2023-04-15 08:33:53,7,,34.7,3.32,  sam  ,Domestic,18.7 lbs,19x17x7,Exception
130,ORD-648692,USPS,TRK395961443,2023-01-16 23:26:20,2023-01-26 23:26:20,2,,24.27,3.74,Mike,,9.22 kg,9x12x5,In Transit
1350,ORD-744372,UPS,TRK732546982,2023-09-05 04:23:06,2023-09-14 04:23:06,4,,20.3,2.88,,EU,6.37 lbs,9x16x16,Exception
1066,ORD-542179,ups,TRK323970980,2023-04-10 06:46:02,2023-04-20 06:46:02,6,,14.14,3.75,,International,10.74 lbs,12x5x13,Exception
2122,ORD-957513,UPS,TRK965323905,2023-11-06 13:26:49,2023-11-17 13:26:49,7,,42.12,4.8,David,EU,13.4 kg,7x13x16,Exception
1304,ORD-856335,USPS,TRK682169437,2023-06-03 21:25:50,2023-06-07 21:25:50,5,,15.98,3.25,Jane,,18.37 kg,8x20x8,Lost
573,ORD-725313,fedex,TRK869970031,2023-08-09 06:54:34,2023-08-20 06:54:34,8,,47.3,3.95,chris,International,3.45 kg,12x5x14,Lost
1527,ORD-880264,fedex,TRK860441930,2023-10-03 02:24:25,2023-10-14 02:24:25,8,,15.81,4.88,  sam  ,,7.61 kg,11x18x15,Delivered
442,ORD-622012,USPS,TRK158633720,2023-02-17 23:56:24,2023-02-23 23:56:24,3,,7.34,1.5,John,,16.52 kg,15x7x16,Delivered
877,ORD-993259,FedEx,TRK599874633,2023-03-21 03:47:02,2023-03-22 03:47:02,2,,10.79,1.81,,Domestic,3.47 kg,16x20x5,Delivered
2022,ORD-878035,USPS,TRK951977019,2023-12-14 23:01:00,2023-12-22 23:01:00,8,,32.09,2.94,Mike,Domestic,5.4 lbs,19x11x7,Returned
348,ORD-452609,ups,TRK306105743,2023-09-15 23:18:15,2023-09-24 23:18:15,6,,30.04,2.57,,International,8.65 lbs,9x15x13,In Transit
2450,ORD-601009,ups,TRK758965554,2023-01-14 14:00:41,2023-01-17 14:00:41,2,,25.89,3.59,Alex,,1.38 kg,11x8x16,Returned
938,ORD-531417,ups,TRK179619780,2023-09-27 12:41:08,2023-10-06 12:41:08,9,,38.5,2.9,,NA,9.5 lbs,9x7x16,In Transit
1161,ORD-743025,USPS,TRK345612145,2023-07-20 21:30:52,2023-07-22 21:30:52,9,,6.17,2.5,  sam  ,EU,11.32 kg,13x11x6,Delivered
1393,ORD-209861,DHL,TRK899125446,2023-02-09 07:37:57,2023-02-14 07:37:57,9,,6.13,1.19,Sarah,NA,7.05 kg,8x17x10,Exception
2390,ORD-202429,FedEx,TRK523290358,2023-02-24 03:04:50,2023-03-02 03:04:50,8,,12.35,1.98,John,International,0.97 kg,19x17x18,Exception
609,ORD-146119,FedEx,TRK890646104,2023-07-04 22:18:49,2023-07-08 22:18:49,8,,49.01,2.25,David,Domestic,3.19 kg,6x17x5,Delivered
2482,ORD-229833,USPS,TRK373797661,2023-02-02 16:53:56,2023-02-03 16:53:56,9,,10.56,3.44,John,NA,7.02 kg,15x5x16,Returned
1342,ORD-592154,USPS,TRK249900992,2023-04-23 10:16:03,2023-04-26 10:16:03,9,,26.25,3.1,chris,NA,14.32 kg,5x9x20,Delivered
1881,ORD-301842,ups,TRK382318102,2023-04-12 10:26:36,2023-04-19 10:26:36,9,,17.88,3.99,Emily,Domestic,14.67 lbs,14x8x5,In Transit
1044,ORD-991434,USPS,TRK130451319,2023-01-16 02:37:31,2023-01-25 02:37:31,7,,42.63,2.32,David,EU,10.24 lbs,5x7x12,Delivered
1180,ORD-504976,FedEx,TRK241670266,2023-08-11 13:20:19,2023-08-13 13:20:19,6,,16.79,1.32,  sam  ,NA,9.35 lbs,18x5x14,Exception
1027,ORD-548322,DHL,TRK687155803,2023-08-23 17:21:58,2023-09-04 17:21:58,8,,21.9,1.98,Mary,,12.01 kg,6x17x19,In Transit
218,ORD-396099,ups,TRK271361082,2023-09-04 18:17:40,2023-09-11 18:17:40,8,,31.12,4.56,John,,16.99 lbs,12x14x11,Delivered
1675,ORD-593114,fedex,TRK880996149,2023-07-12 14:57:15,2023-07-23 14:57:15,2,,27.09,3.8,Emily,,19.28 kg,7x14x14,Delivered
202,ORD-487594,ups,TRK366212987,2023-03-28 10:08:17,2023-04-01 10:08:17,3,,17.29,3.23,Emily,NA,12.46 kg,6x10x17,Delivered
1205,ORD-703679,USPS,TRK143273348,2023-07-15 05:54:10,2023-07-24 05:54:10,2,,30.71,1.85,Mary,EU,18.26 kg,7x14x10,In Transit
811,ORD-761446,ups,TRK216325313,2023-08-05 05:23:18,2023-08-09 05:23:18,3,,30.59,4.29,,,9.77 lbs,14x5x11,Delivered
1049,ORD-278339,DHL,TRK651480834,2024-01-05 12:03:30,2024-01-16 12:03:30,9,,35.74,4.82,Emily,International,3.39 lbs,12x12x12,In Transit
579,ORD-480761,UPS,TRK991582704,2023-02-19 18:50:20,2023-02-26 18:50:20,8,,5.2,2.21,KIM,EU,3.4 lbs,10x9x18,In Transit
344,ORD-399644,USPS,TRK650909669,2023-11-21 12:02:29,2023-11-28 12:02:29,8,,40.69,2.07,David,,0.96 lbs,12x9x6,Delivered
169,ORD-199858,UPS,TRK973515138,2023-05-02 12:10:27,2023-05-06 12:10:27,9,,19.2,1.82,Alex,EU,6.59 lbs,8x17x15,Exception
2008,ORD-133165,DHL,TRK138666805,2023-05-14 09:05:33,2023-05-25 09:05:33,3,,28.26,1.75,Jane,NA,5.37 kg,5x9x14,In Transit
741,ORD-986945,UPS,TRK959819635,2023-05-02 11:49:41,2023-05-15 11:49:41,6,,37.31,3.41,  sam  ,,11.46 lbs,16x6x18,Returned
1860,ORD-911488,fedex,TRK964046406,2023-12-01 21:39:55,2023-12-04 21:39:55,4,,41.11,3.51,John,,15.5 lbs,9x9x10,In Transit
915,ORD-930533,fedex,TRK248838680,2023-11-06 14:10:55,2023-11-10 14:10:55,7,,41.17,1.32,Mike,,4.42 lbs,15x14x15,Lost
1412,ORD-972174,UPS,TRK776850629,2023-10-13 04:22:28,2023-10-15 04:22:28,2,,11.93,3.22,Mary,Domestic,17.9 lbs,7x19x10,Lost
2178,ORD-362135,FedEx,TRK710747577,2023-08-17 08:32:14,2023-08-26 08:32:14,6,,33.53,3.69,Sarah,Domestic,10.82 kg,19x12x18,In Transit
408,ORD-718740,ups,TRK425634516,2023-08-30 09:31:40,2023-09-12 09:31:40,8,,18.93,2.37,  sam  ,EU,10.52 lbs,16x15x11,Returned
1713,ORD-933534,USPS,TRK440880044,2023-12-01 17:40:53,2023-12-08 17:40:53,7,,40.63,1.71,John,Domestic,4.56 kg,9x20x13,Exception
864,ORD-321731,FedEx,TRK320759069,2023-11-11 09:20:29,2023-11-19 09:20:29,8,,48.53,4.72,chris,NA,12.05 kg,16x18x14,Delivered
1530,ORD-420794,FedEx,TRK212833665,2023-04-18 02:09:03,2023-04-23 02:09:03,3,,16.69,2.46,Alex,EU,7.5 kg,6x5x20,Returned
1375,ORD-104723,ups,TRK225633558,2023-11-11 17:10:53,2023-11-17 17:10:53,2,,6.18,3.8,John,Domestic,10.94 lbs,11x11x10,Exception
220,ORD-757245,fedex,TRK165845940,2023-04-21 22:12:49,2023-04-25 22:12:49,3,,48.61,3.03,Alex,International,10.62 kg,11x14x19,Lost
1405,ORD-633437,FedEx,TRK765542259,2023-01-22 01:12:09,2023-01-31 01:12:09,3,,19.77,4.38,  sam  ,International,19.56 lbs,6x11x12,Returned
1966,ORD-736283,USPS,TRK775752748,2023-10-05 15:51:04,2023-10-11 15:51:04,9,,42.56,4.11,Emily,Domestic,1.05 kg,14x17x10,Returned
2056,ORD-133081,ups,TRK395981973,2023-10-16 03:54:27,2023-10-19 03:54:27,8,,43.71,3.11,John,International,6.44 lbs,18x16x7,Exception
2258,ORD-619255,FedEx,TRK179609680,2023-03-07 09:12:14,2023-03-20 09:12:14,3,,17.7,3.9,  sam  ,NA,3.46 lbs,12x5x7,In Transit
1119,ORD-621088,FedEx,TRK354687563,2023-06-27 15:55:51,2023-06-30 15:55:51,5,,22.82,2.81,Mike,EU,11.34 kg,7x19x10,Delivered
2163,ORD-682755,ups,TRK502711603,2023-04-10 08:40:54,2023-04-12 08:40:54,8,,48.04,4.34,  sam  ,Domestic,16.68 lbs,13x7x14,In Transit
337,ORD-252219,DHL,TRK220024367,2023-10-28 11:52:42,2023-11-04 11:52:42,7,,25.45,1.4,John,Domestic,17.48 kg,13x7x13,Returned
2401,ORD-163643,FedEx,TRK176619453,2023-09-14 00:54:39,2023-09-17 00:54:39,7,,48.54,1.83,,NA,9.69 kg,12x17x11,In Transit
43,ORD-851389,DHL,TRK570354310,2023-10-03 19:55:15,2023-10-15 19:55:15,5,,34.88,2.54,Mike,International,14.88 lbs,12x17x12,Delivered
1194,ORD-987963,ups,TRK496598437,2023-08-29 05:52:10,2023-09-09 05:52:10,4,,42.49,1.62,Emily,,1.06 kg,14x17x11,Exception
1392,ORD-906918,fedex,TRK987129776,2023-03-30 03:24:47,2023-04-06 03:24:47,9,,25.32,2.12,John,,14.12 kg,19x14x19,Lost
2463,ORD-912796,FedEx,TRK506029745,2023-07-05 22:49:14,2023-07-09 22:49:14,5,,23.43,2.7,chris,Domestic,9.8 lbs,5x5x7,Delivered
1992,ORD-278441,DHL,TRK663065618,2023-05-09 20:51:05,2023-05-15 20:51:05,4,,7.74,3.74,Alex,,12.0 lbs,20x18x13,Lost
928,ORD-334065,ups,TRK898838104,2023-09-08 19:22:03,2023-09-09 19:22:03,3,,29.31,4.47,Jane,NA,5.93 kg,10x7x10,In Transit
1087,ORD-603399,FedEx,TRK107762630,2023-08-02 12:37:06,2023-08-03 12:37:06,3,,16.75,3.55,Jane,International,14.01 kg,18x16x10,Returned
2146,ORD-149993,FedEx,TRK717092577,2023-07-23 09:04:13,2023-07-31 09:04:13,7,,18.1,2.4,KIM,,14.72 lbs,6x7x16,In Transit
1621,ORD-245573,DHL,TRK408650943,2023-04-02 05:59:11,2023-04-09 05:59:11,3,,17.44,1.68,KIM,NA,15.89 kg,11x11x18,Lost
2082,ORD-137942,ups,TRK269809138,2023-02-23 13:51:49,2023-02-28 13:51:49,2,,42.63,3.97,Mary,NA,13.77 kg,7x6x18,Exception
2293,ORD-749080,USPS,TRK146091734,2023-06-26 02:04:29,2023-07-01 02:04:29,6,,36.77,1.77,  sam  ,EU,6.39 kg,7x10x11,In Transit
1394,ORD-949928,ups,TRK126489879,2023-02-21 11:39:48,2023-03-05 11:39:48,8,,28.74,3.58,Alex,EU,11.79 lbs,15x17x17,Returned
2272,ORD-325257,USPS,TRK842296485,2023-07-10 02:23:51,2023-07-16 02:23:51,8,,47.35,4.45,Sarah,International,14.91 kg,19x10x9,In Transit
1920,ORD-874126,fedex,TRK630239884,2023-05-30 18:39:11,2023-06-01 18:39:11,2,,43.15,3.12,Alex,International,9.53 kg,6x5x7,Lost
719,ORD-417127,FedEx,TRK753734863,2023-04-01 20:45:56,2023-04-11 20:45:56,6,,30.24,2.74,Jane,NA,7.29 lbs,17x17x19,Exception
2264,ORD-409995,ups,TRK384122726,2023-06-05 22:50:05,2023-06-16 22:50:05,5,,47.7,2.63,Alex,,3.64 kg,16x18x8,Returned
2026,ORD-912895,fedex,TRK335237337,2023-03-29 18:56:28,2023-04-11 18:56:28,6,,48.29,1.39,Mike,NA,3.05 kg,6x9x14,Delivered
1002,ORD-501348,ups,TRK651357480,2023-11-29 21:05:35,2023-12-08 21:05:35,8,,7.7,4.95,Alex,,4.42 kg,13x20x12,Returned
2053,ORD-378326,FedEx,TRK212387570,2023-08-23 23:12:57,2023-08-29 23:12:57,8,,17.34,1.77,Alex,,16.55 kg,16x5x5,In Transit
545,ORD-487395,fedex,TRK990547352,2023-06-16 14:25:16,2023-06-20 14:25:16,2,,10.04,3.15,John,,18.69 kg,18x11x11,Delivered
1488,ORD-780463,fedex,TRK501854546,2023-06-28 16:42:28,2023-07-02 16:42:28,2,,40.18,4.51,,,10.02 kg,12x7x7,Returned
1961,ORD-242469,fedex,TRK468390572,2023-03-17 16:03:26,2023-03-27 16:03:26,2,,11.97,4.16,Sarah,EU,13.86 lbs,7x9x8,Exception
190,ORD-669668,FedEx,TRK622403586,2023-08-29 21:32:39,2023-09-08 21:32:39,7,,33.89,2.98,KIM,EU,6.85 kg,19x6x18,Returned
275,ORD-408096,ups,TRK302194264,2023-01-18 17:29:57,2023-01-29 17:29:57,4,,36.33,4.73,Alex,NA,15.83 kg,19x20x19,Delivered
988,ORD-827034,DHL,TRK890124060,2023-05-18 20:41:03,2023-05-23 20:41:03,3,,45.55,4.56,,Domestic,18.76 lbs,14x6x14,Delivered
2367,ORD-354105,ups,TRK410576203,2023-07-31 13:53:29,2023-08-12 13:53:29,4,,37.26,2.26,Alex,,14.62 kg,5x13x7,Returned
201,ORD-410918,USPS,TRK586620184,2023-10-29 08:43:39,2023-11-02 08:43:39,3,,26.95,2.06,Mary,NA,6.36 lbs,5x13x5,Exception
50,ORD-517647,FedEx,TRK898365502,2023-06-30 02:19:18,2023-07-13 02:19:18,7,,27.15,2.98,  sam  ,NA,13.87 lbs,13x12x20,In Transit
1528,ORD-901110,fedex,TRK967040906,2023-09-19 21:17:33,2023-09-27 21:17:33,8,,10.92,4.55,Alex,EU,1.58 kg,14x19x5,Returned
189,ORD-953715,UPS,TRK441625918,2023-02-01 20:44:52,2023-02-06 20:44:52,5,,45.54,2.75,David,International,4.11 lbs,18x7x12,Exception
1794,ORD-243197,ups,TRK306741977,2023-04-06 19:57:01,2023-04-17 19:57:01,8,,47.94,1.4,John,International,11.26 kg,10x12x6,In Transit
45,ORD-617156,ups,TRK981328593,2023-04-09 08:18:01,2023-04-15 08:18:01,8,,10.98,1.53,David,EU,6.91 kg,13x16x16,Lost
1190,ORD-699503,USPS,TRK159853369,2023-06-14 02:16:28,2023-06-15 02:16:28,9,,35.22,1.7,John,,1.64 lbs,18x16x9,Delivered
1141,ORD-671782,DHL,TRK397622023,2023-11-25 03:26:09,2023-12-08 03:26:09,7,,43.04,3.86,  sam  ,EU,13.27 kg,14x10x7,Exception
1824,ORD-685524,USPS,TRK892554360,2023-02-16 20:58:03,2023-02-17 20:58:03,5,,39.34,1.01,Mary,NA,18.54 kg,15x10x14,Exception
1945,ORD-853387,UPS,TRK622251879,2023-04-06 18:35:54,2023-04-15 18:35:54,4,,39.62,1.42,Jane,,16.48 kg,6x18x15,In Transit
1676,ORD-102911,fedex,TRK245611762,2023-09-03 18:32:28,2023-09-07 18:32:28,7,,8.25,2.83,Mary,Domestic,12.57 lbs,5x14x10,Delivered
367,ORD-862078,fedex,TRK616785900,2023-07-24 16:21:28,2023-08-06 16:21:28,6,,31.22,1.55,Jane,International,18.25 kg,10x11x10,Delivered
1406,ORD-164870,fedex,TRK122682664,2023-08-03 16:11:40,2023-08-15 16:11:40,5,,38.29,3.7,Jane,NA,3.61 lbs,15x6x16,Delivered
2258,ORD-619255,FedEx,TRK179609680,2023-03-07 09:12:14,2023-03-20 09:12:14,3,,17.7,3.9,  sam  ,NA,3.46 lbs,12x5x7,In Transit
648,ORD-706803,ups,TRK688657677,2023-03-18 22:55:48,2023-03-21 22:55:48,9,,36.9,2.55,David,,5.77 kg,17x7x16,Lost
950,ORD-945715,USPS,TRK978225423,2023-11-16 14:22:26,2023-11-18 14:22:26,4,,10.08,4.05,Mike,International,3.15 kg,13x7x10,Lost
749,ORD-344700,UPS,TRK593933258,2023-01-31 08:30:51,2023-02-05 08:30:51,3,,16.56,4.41,Alex,International,10.33 kg,14x8x7,Delivered
929,ORD-761567,fedex,TRK547509621,2023-03-31 05:57:54,2023-04-01 05:57:54,4,,42.8,2.63,Sarah,Domestic,12.74 lbs,15x14x18,Lost
2137,ORD-412267,fedex,TRK500028352,2023-04-28 07:41:36,2023-05-09 07:41:36,2,,10.52,4.48,Mary,EU,2.65 lbs,7x7x13,Exception
51,ORD-936759,DHL,TRK555061292,2023-05-04 20:00:25,2023-05-13 20:00:25,3,,20.03,2.15,,Domestic,17.79 lbs,8x15x11,Returned
253,ORD-497150,DHL,TRK712301106,2023-05-03 18:22:17,2023-05-09 18:22:17,7,,12.54,2.7,  sam  ,International,16.45 lbs,17x16x12,Lost
2206,ORD-851168,USPS,TRK915800577,2023-05-19 20:36:45,2023-05-25 20:36:45,8,,37.74,1.06,chris,International,7.69 kg,16x13x20,Delivered
447,ORD-367252,UPS,TRK357308445,2023-03-16 17:39:33,2023-03-28 17:39:33,7,,14.11,3.71,Sarah,International,11.75 kg,5x7x10,In Transit
1823,ORD-541769,fedex,TRK915217425,2023-12-14 05:39:52,2023-12-23 05:39:52,3,,24.89,3.92,Mike,EU,13.04 lbs,8x5x10,Delivered
2005,ORD-982852,UPS,TRK137335021,2023-10-24 23:17:33,2023-10-27 23:17:33,4,,45.99,1.8,Jane,,14.82 kg,11x5x12,Exception
1186,ORD-317928,UPS,TRK647711406,2023-05-11 17:28:01,2023-05-23 17:28:01,4,,9.8,4.01,KIM,International,5.69 kg,19x12x12,Returned
1934,ORD-315427,DHL,TRK376328532,2023-08-18 16:52:51,2023-08-20 16:52:51,4,,35.47,2.2,David,Domestic,9.4 lbs,11x18x16,Delivered
177,ORD-322932,USPS,TRK199272140,2023-12-20 09:57:05,2023-12-27 09:57:05,5,,17.01,1.52,Mike,EU,16.38 lbs,5x19x6,In Transit
2065,ORD-320522,ups,TRK332920094,2023-03-12 03:09:39,2023-03-25 03:09:39,7,,38.8,1.41,Mary,NA,3.08 lbs,11x5x17,Returned
1552,ORD-753997,fedex,TRK572514630,2023-01-02 02:01:56,2023-01-03 02:01:56,9,,17.38,3.31,Sarah,International,14.37 lbs,5x6x19,Delivered
622,ORD-423057,FedEx,TRK784901143,2023-03-05 22:28:34,2023-03-11 22:28:34,9,,14.31,4.97,  sam  ,NA,3.35 kg,14x18x6,Exception
1404,ORD-617120,UPS,TRK277321930,2023-03-17 03:07:40,2023-03-21 03:07:40,4,,14.8,4.48,  sam  ,NA,10.45 lbs,11x8x13,Exception
2362,ORD-257769,ups,TRK386373295,2023-06-27 22:02:36,2023-07-08 22:02:36,8,,40.21,3.98,Jane,,10.78 kg,9x6x14,In Transit
599,ORD-388342,fedex,TRK735762585,2023-05-29 23:31:41,2023-06-05 23:31:41,3,,5.87,4.57,,Domestic,13.41 kg,16x12x7,Lost
1604,ORD-140462,fedex,TRK168687547,2023-07-07 02:25:40,2023-07-17 02:25:40,4,,30.06,4.16,chris,International,5.41 kg,17x11x14,In Transit
1979,ORD-563166,DHL,TRK538006840,2023-09-08 22:23:13,2023-09-13 22:23:13,3,,16.04,3.69,Mike,EU,5.46 lbs,5x9x20,Exception
1163,ORD-149284,USPS,TRK177384558,2023-05-06 16:04:50,2023-05-12 16:04:50,6,,20.8,2.01,Emily,NA,5.2 kg,19x18x10,Exception
184,ORD-785829,ups,TRK286316027,2023-09-18 22:49:03,2023-09-30 22:49:03,9,,39.17,1.52,John,EU,8.23 kg,19x11x9,Delivered
1878,ORD-549132,USPS,TRK454245692,2023-07-13 11:28:37,2023-07-23 11:28:37,5,,41.88,2.39,Emily,NA,19.25 lbs,14x19x15,In Transit
931,ORD-251030,ups,TRK623988863,2023-04-17 22:25:16,2023-04-19 22:25:16,8,,25.49,4.38,  sam  ,,16.11 lbs,6x8x10,Delivered
2241,ORD-636970,USPS,TRK570801829,2023-07-08 05:00:02,2023-07-13 05:00:02,4,,41.68,1.92,Jane,International,5.75 lbs,7x18x10,Exception
374,ORD-326683,fedex,TRK148429023,2023-06-18 07:23:51,2023-06-25 07:23:51,4,,39.73,2.67,Emily,,9.41 lbs,10x14x8,In Transit
659,ORD-536328,FedEx,TRK172042057,2023-01-31 15:05:27,2023-02-08 15:05:27,9,,11.77,2.84,Alex,,14.74 lbs,16x7x19,Returned
1536,ORD-284392,ups,TRK368358721,2023-11-05 06:02:39,2023-11-08 06:02:39,9,,29.86,2.0,John,EU,4.14 lbs,8x19x13,Delivered
1213,ORD-696955,ups,TRK225374664,2023-10-27 09:01:58,2023-10-31 09:01:58,3,,20.7,4.87,,Domestic,1.52 lbs,20x19x11,Returned
2161,ORD-147520,FedEx,TRK146407371,2023-10-16 19:52:46,2023-10-28 19:52:46,7,,38.3,1.94,chris,NA,10.61 lbs,19x16x14,Exception
981,ORD-275029,UPS,TRK479615559,2023-11-26 03:06:13,2023-11-28 03:06:13,8,,9.8,2.19,,,4.96 lbs,5x14x13,Exception
668,ORD-737168,FedEx,TRK333828281,2023-12-30 10:57:28,2024-01-04 10:57:28,5,,8.71,3.78,  sam  ,International,7.77 lbs,5x19x6,Returned
1469,ORD-569886,UPS,TRK399705593,2023-06-06 02:48:22,2023-06-07 02:48:22,8,,40.02,4.05,Mary,EU,19.46 lbs,17x18x17,Lost
790,ORD-440073,ups,TRK806911844,2023-10-19 03:48:02,2023-10-26 03:48:02,3,,43.88,4.41,,NA,2.36 kg,13x5x9,Delivered
2219,ORD-384426,DHL,TRK355555103,2023-09-09 12:35:20,2023-09-12 12:35:20,6,,12.16,2.87,John,NA,17.38 kg,9x16x20,Exception
2285,ORD-327749,FedEx,TRK103786333,2023-07-18 20:42:53,2023-07-28 20:42:53,5,,46.08,2.8,Emily,NA,18.7 lbs,14x12x11,In Transit
397,ORD-195320,UPS,TRK122621462,2023-09-02 04:58:33,2023-09-08 04:58:33,6,,39.61,2.05,,,2.68 kg,11x6x12,Exception
1690,ORD-723692,USPS,TRK206353468,2023-10-16 06:09:00,2023-10-23 06:09:00,4,,36.04,4.59,Mike,Domestic,4.17 kg,5x12x14,Returned
1393,ORD-209861,DHL,TRK899125446,2023-02-09 07:37:57,2023-02-14 07:37:57,9,,6.13,1.19,Sarah,NA,7.05 kg,8x17x10,Exception
593,ORD-295486,ups,TRK440558192,2023-04-23 15:05:39,2023-05-04 15:05:39,8,,36.19,3.61,Jane,NA,7.16 kg,11x5x20,Lost
493,ORD-256966,DHL,TRK472157915,2023-10-27 19:39:45,2023-11-09 19:39:45,3,,17.38,1.51,,NA,17.41 kg,9x17x11,Lost
1388,ORD-433635,fedex,TRK306350063,2023-04-16 02:40:04,2023-04-19 02:40:04,9,,10.32,4.57,Emily,NA,18.56 kg,15x17x5,Lost
1921,ORD-857407,fedex,TRK949439064,2023-07-08 03:57:28,2023-07-10 03:57:28,9,,8.94,4.24,Emily,EU,7.0 lbs,10x13x20,Exception
642,ORD-833866,UPS,TRK118267184,2023-02-07 05:55:19,2023-02-16 05:55:19,2,,27.82,2.93,  sam  ,Domestic,13.51 kg,9x18x7,In Transit
865,ORD-960669,DHL,TRK850038978,2023-09-15 05:18:33,2023-09-20 05:18:33,2,,20.3,3.79,chris,Domestic,1.7 lbs,8x18x16,In Transit
180,ORD-485623,ups,TRK428552887,2023-04-13 16:47:23,2023-04-25 16:47:23,3,,43.21,4.13,,EU,17.11 lbs,20x19x19,Lost
650,ORD-883250,UPS,TRK821019698,2023-02-08 17:31:05,2023-02-20 17:31:05,3,,39.49,3.95,chris,International,5.42 kg,7x19x19,Exception
624,ORD-564113,ups,TRK889214192,2023-09-29 21:35:35,2023-10-01 21:35:35,2,,24.16,3.2,Sarah,NA,13.07 lbs,20x15x20,Returned
2030,ORD-975311,USPS,TRK566807481,2023-03-29 06:25:36,2023-04-10 06:25:36,3,,38.11,3.99,chris,NA,9.67 kg,14x7x14,In Transit
886,ORD-196707,USPS,TRK703982740,2023-05-20 02:17:51,2023-05-29 02:17:51,5,,37.51,4.48,Emily,International,9.94 kg,17x13x5,In Transit
665,ORD-800749,FedEx,TRK787619292,2023-05-04 16:32:49,2023-05-07 16:32:49,9,,13.15,4.27,John,Domestic,17.5 kg,10x16x18,Returned
172,ORD-706060,DHL,TRK496528379,2023-09-14 13:10:00,2023-09-18 13:10:00,7,,47.3,4.11,Emily,EU,3.72 lbs,9x17x5,Exception
807,ORD-743931,DHL,TRK894445638,2023-01-12 13:50:09,2023-01-13 13:50:09,5,,28.37,3.43,Alex,EU,3.04 kg,16x7x16,Exception
582,ORD-920356,FedEx,TRK288911264,2023-01-21 09:57:55,2023-02-02 09:57:55,8,,35.3,2.85,Alex,Domestic,3.41 lbs,11x9x12,Lost
736,ORD-767488,DHL,TRK898184876,2023-08-17 04:05:26,2023-08-21 04:05:26,5,,42.68,2.61,Alex,,9.55 lbs,10x19x14,Lost
1046,ORD-606547,DHL,TRK312383920,2023-04-24 17:33:33,2023-05-05 17:33:33,5,,31.58,1.91,chris,,2.59 kg,14x5x13,Lost
1031,ORD-675403,UPS,TRK906300993,2023-11-05 23:58:52,2023-11-17 23:58:52,8,,6.17,3.93,David,NA,19.13 lbs,7x12x12,Returned
1806,ORD-622328,DHL,TRK997931256,2023-02-10 18:43:54,2023-02-17 18:43:54,8,,6.19,1.51,Jane,,3.96 lbs,13x8x11,Lost
2376,ORD-949475,UPS,TRK614906666,2023-08-12 20:14:50,2023-08-24 20:14:50,3,,37.48,2.41,  sam  ,Domestic,14.36 lbs,7x5x11,In Transit
1211,ORD-528592,FedEx,TRK217973058,2023-04-28 18:40:26,2023-05-07 18:40:26,4,,9.35,1.85,KIM,Domestic,16.73 lbs,17x7x13,Delivered
449,ORD-120812,ups,TRK547269260,2023-10-15 19:15:03,2023-10-25 19:15:03,6,,44.82,3.56,Mary,,1.02 kg,18x13x12,Lost
1075,ORD-989457,UPS,TRK675125925,2023-08-16 11:37:00,2023-08-26 11:37:00,8,,39.88,1.52,chris,Domestic,1.66 lbs,15x9x11,Delivered
986,ORD-476288,FedEx,TRK474168961,2023-01-09 21:41:26,2023-01-13 21:41:26,4,,26.66,2.25,Mary,,4.33 kg,7x9x5,Delivered
114,ORD-969266,USPS,TRK934341969,2023-11-19 19:51:50,2023-11-20 19:51:50,6,,47.55,4.25,Jane,NA,1.89 kg,18x19x10,Exception
451,ORD-544763,FedEx,TRK773580616,2023-09-06 16:38:32,2023-09-09 16:38:32,3,,15.76,4.5,  sam  ,,2.27 kg,8x15x7,Returned
2295,ORD-210311,ups,TRK688398647,2023-02-08 21:24:12,2023-02-18 21:24:12,7,,26.47,3.56,Mike,Domestic,3.69 lbs,9x12x16,In Transit
458,ORD-923369,DHL,TRK933904957,2023-04-11 21:42:04,2023-04-12 21:42:04,7,,27.14,2.97,John,,4.4 lbs,18x10x9,Exception
722,ORD-771585,UPS,TRK279259855,2023-04-28 13:51:50,2023-05-10 13:51:50,5,,43.47,4.14,Sarah,NA,4.86 lbs,16x20x18,Lost
7,ORD-733462,DHL,TRK271119789,2023-02-13 04:54:34,2023-02-24 04:54:34,5,,9.11,2.51,Alex,Domestic,14.21 kg,19x10x15,In Transit
532,ORD-946344,USPS,TRK904589869,2023-12-02 11:37:16,2023-12-09 11:37:16,3,,42.19,2.73,Jane,Domestic,6.01 lbs,11x11x19,Returned
2084,ORD-888907,ups,TRK527382581,2023-06-21 16:53:14,2023-06-22 16:53:14,8,,34.63,1.83,Alex,International,4.27 kg,16x19x5,Lost
1884,ORD-315620,ups,TRK322209032,2023-07-12 11:00:14,2023-07-17 11:00:14,8,,23.07,4.73,chris,NA,7.59 lbs,11x19x7,Returned
2300,ORD-337313,fedex,TRK592044628,2023-05-08 15:24:40,2023-05-21 15:24:40,3,,22.71,4.25,chris,Domestic,1.6 lbs,9x14x9,In Transit
1057,ORD-286209,ups,TRK465883038,2023-05-07 13:15:35,2023-05-12 13:15:35,8,,35.62,3.13,Jane,EU,14.48 lbs,9x12x17,Lost
426,ORD-721176,UPS,TRK991720924,2023-06-09 16:40:26,2023-06-16 16:40:26,6,,38.69,3.04,KIM,International,14.16 lbs,5x17x5,Delivered
1346,ORD-696022,USPS,TRK361271892,2023-09-09 19:25:37,2023-09-20 19:25:37,7,,20.79,1.89,John,International,8.15 kg,6x10x5,In Transit
1990,ORD-881286,DHL,TRK514261698,2023-08-16 05:13:50,2023-08-25 05:13:50,4,,29.37,3.09,David,NA,15.25 kg,5x7x10,Returned
1989,ORD-539569,ups,TRK593467390,2023-02-22 00:45:43,2023-03-05 00:45:43,8,,44.03,1.44,chris,International,14.55 kg,11x12x17,Delivered
88,ORD-911347,ups,TRK272785800,2023-07-06 19:34:23,2023-07-17 19:34:23,9,,6.94,3.22,David,International,3.38 kg,8x8x17,Exception
2049,ORD-317107,USPS,TRK112211993,2023-11-10 09:54:15,2023-11-16 09:54:15,6,,8.86,3.14,John,,11.1 lbs,14x6x12,Returned
1460,ORD-863405,USPS,TRK105909876,2023-12-29 13:50:50,2024-01-03 13:50:50,4,,23.63,1.93,,NA,14.56 lbs,17x18x6,In Transit
2238,ORD-107184,fedex,TRK109970575,2023-12-04 13:03:10,2023-12-17 13:03:10,4,,47.75,1.04,Jane,Domestic,15.31 kg,6x11x16,In Transit
1078,ORD-169994,ups,TRK858221780,2023-03-15 11:39:08,2023-03-18 11:39:08,5,,33.86,1.01,chris,EU,13.0 lbs,12x9x19,In Transit
1799,ORD-325450,USPS,TRK406177165,2023-09-21 21:46:49,2023-09-26 21:46:49,6,,28.09,1.79,Sarah,,9.89 lbs,7x13x11,Returned
431,ORD-407227,DHL,TRK846465321,2023-07-09 00:20:27,2023-07-19 00:20:27,7,,7.14,3.14,Mike,,6.36 lbs,15x17x9,In Transit
2063,ORD-674088,FedEx,TRK872193252,2023-11-10 10:44:42,2023-11-18 10:44:42,2,,10.18,3.5,John,,12.66 lbs,16x17x16,Returned
1093,ORD-461410,USPS,TRK262549454,2023-02-12 12:50:14,2023-02-13 12:50:14,9,,34.49,4.54,Alex,NA,11.5 lbs,20x10x20,Returned
1422,ORD-488579,UPS,TRK637096520,2023-12-26 06:42:02,2024-01-05 06:42:02,6,,17.81,2.88,chris,,19.79 lbs,16x9x9,Lost
1609,ORD-743177,DHL,TRK784281110,2023-02-21 02:23:47,2023-02-26 02:23:47,7,,36.12,3.74,John,Domestic,2.65 lbs,18x14x19,Exception
276,ORD-613407,UPS,TRK899760703,2023-01-08 20:08:42,2023-01-18 20:08:42,8,,46.8,4.17,David,NA,15.95 kg,12x9x9,Lost
2232,ORD-867503,DHL,TRK951947951,2023-09-19 15:35:18,2023-09-29 15:35:18,6,,21.24,3.23,David,Domestic,2.72 lbs,13x14x6,Exception
819,ORD-754259,USPS,TRK609450388,2023-01-03 10:19:40,2023-01-16 10:19:40,5,,48.56,4.31,chris,NA,17.88 kg,17x14x8,Returned
527,ORD-252044,USPS,TRK748906269,2023-03-02 17:38:44,2023-03-03 17:38:44,3,,45.92,4.29,John,Domestic,9.85 lbs,7x15x16,In Transit
939,ORD-944107,ups,TRK643269205,2023-03-31 09:22:55,2023-04-01 09:22:55,2,,5.89,3.99,Alex,,1.96 kg,9x9x18,Lost
1889,ORD-108029,fedex,TRK476878103,2023-09-14 21:16:28,2023-09-19 21:16:28,6,,38.5,4.97,Jane,,12.57 lbs,11x5x10,Exception
2290,ORD-175293,FedEx,TRK425737050,2023-07-23 17:12:58,2023-08-05 17:12:58,3,,13.54,2.2,Jane,EU,6.23 lbs,14x20x18,Returned
1586,ORD-514471,USPS,TRK697442322,2023-07-09 23:46:12,2023-07-16 23:46:12,9,,33.1,1.14,Alex,EU,6.32 kg,16x5x9,In Transit
2014,ORD-751405,FedEx,TRK979342109,2023-06-13 22:17:22,2023-06-26 22:17:22,7,,47.2,1.54,Alex,,7.28 kg,5x7x10,Returned
1040,ORD-820652,UPS,TRK967951950,2023-11-17 14:58:48,2023-11-24 14:58:48,3,,20.12,2.07,Jane,EU,19.54 lbs,17x14x14,Returned
1566,ORD-165841,DHL,TRK371818827,2023-01-15 08:35:53,2023-01-21 08:35:53,2,,16.71,1.42,Emily,,11.19 kg,12x10x13,Returned
1636,ORD-806859,UPS,TRK248728597,2023-08-11 15:08:27,2023-08-17 15:08:27,7,,15.29,1.51,KIM,International,6.37 kg,9x19x18,Lost
1016,ORD-943618,ups,TRK627681311,2023-08-31 04:09:04,2023-09-13 04:09:04,7,,40.09,2.79,Jane,Domestic,8.68 kg,10x13x18,Lost
2215,ORD-284561,ups,TRK769724257,2023-02-05 15:27:48,2023-02-17 15:27:48,6,,41.58,1.37,John,,9.81 kg,17x20x14,Lost
260,ORD-838477,UPS,TRK595934294,2023-06-16 05:02:05,2023-06-28 05:02:05,4,,30.66,4.97,David,,0.79 lbs,14x9x10,Delivered
1132,ORD-641541,fedex,TRK690652375,2023-11-16 20:36:31,2023-11-28 20:36:31,3,,8.07,2.94,Jane,Domestic,19.14 lbs,17x20x10,Delivered
1519,ORD-437090,UPS,TRK867521602,2023-07-06 08:38:29,2023-07-16 08:38:29,5,,39.86,2.29,Emily,NA,15.09 kg,5x7x18,In Transit
958,ORD-673036,ups,TRK428888051,2023-04-14 02:23:47,2023-04-16 02:23:47,3,,14.96,3.3,Mary,International,13.5 lbs,5x8x19,Lost
404,ORD-914361,fedex,TRK953378797,2023-04-21 13:36:52,2023-05-01 13:36:52,6,,32.37,2.15,chris,Domestic,9.93 kg,10x18x13,Returned
2047,ORD-193994,ups,TRK183392047,2023-07-21 00:12:20,2023-08-02 00:12:20,3,,13.03,2.42,chris,EU,10.72 kg,7x14x13,Exception
1465,ORD-220578,fedex,TRK802012008,2023-07-05 22:09:29,2023-07-10 22:09:29,7,,24.24,1.64,Mike,NA,11.76 kg,11x11x17,In Transit
2140,ORD-878229,ups,TRK769983883,2023-12-01 19:29:40,2023-12-08 19:29:40,4,,40.26,3.48,John,NA,15.03 kg,16x9x13,Delivered
2130,ORD-521083,FedEx,TRK709460673,2023-01-21 19:46:38,2023-01-25 19:46:38,9,,49.25,2.13,Mike,,4.45 lbs,15x15x20,In Transit
808,ORD-924674,FedEx,TRK633203766,2023-11-09 13:30:56,2023-11-16 13:30:56,7,,40.77,4.91,chris,,4.2 lbs,15x7x7,Returned
2253,ORD-696098,fedex,TRK445640544,2023-07-16 09:52:00,2023-07-17 09:52:00,7,,21.58,4.39,Emily,NA,11.66 kg,13x17x12,In Transit
972,ORD-192624,FedEx,TRK786533594,2023-06-15 02:07:11,2023-06-17 02:07:11,7,,14.52,4.1,KIM,NA,8.92 kg,6x20x12,In Transit
1014,ORD-806556,ups,TRK233823393,2023-12-13 21:09:02,2023-12-16 21:09:02,8,,25.87,3.13,KIM,International,19.3 kg,7x14x5,Delivered
1179,ORD-313476,USPS,TRK632423200,2023-01-25 00:45:19,2023-01-26 00:45:19,5,,35.29,2.01,Sarah,International,1.35 kg,20x10x7,In Transit
498,ORD-941689,USPS,TRK630891447,2023-05-31 19:19:49,2023-06-11 19:19:49,4,,33.3,2.56,  sam  ,International,15.33 kg,18x19x9,Returned
685,ORD-152939,UPS,TRK881802440,2023-10-07 10:40:45,2023-10-14 10:40:45,6,,8.38,1.81,Mike,,5.19 lbs,12x19x10,Delivered
1104,ORD-932688,FedEx,TRK773569677,2023-01-13 10:33:00,2023-01-26 10:33:00,6,,6.43,1.15,  sam  ,Domestic,18.89 kg,9x17x19,Exception
1334,ORD-928642,USPS,TRK937284868,2023-03-05 05:26:02,2023-03-13 05:26:02,4,,14.04,3.24,chris,EU,1.74 kg,18x8x18,Exception
838,ORD-100719,FedEx,TRK454825314,2023-08-04 22:20:45,2023-08-12 22:20:45,9,,43.98,1.61,Alex,NA,0.86 lbs,8x5x7,Exception
1997,ORD-215990,USPS,TRK885337336,2023-02-05 08:37:48,2023-02-11 08:37:48,8,,24.45,1.62,Jane,NA,18.36 lbs,14x9x7,Exception
1493,ORD-273466,FedEx,TRK680770176,2023-11-26 03:28:06,2023-12-04 03:28:06,3,,7.37,3.47,Jane,,4.99 lbs,14x13x12,Lost
1793,ORD-396653,FedEx,TRK484009781,2023-11-30 18:43:00,2023-12-13 18:43:00,7,,31.75,4.11,Sarah,International,11.02 lbs,20x20x18,In Transit
1570,ORD-309352,UPS,TRK348799282,2023-06-24 17:22:29,2023-06-27 17:22:29,4,,12.75,2.85,KIM,,9.74 kg,11x13x11,Lost
748,ORD-137558,UPS,TRK930635776,2023-10-23 23:15:08,2023-10-30 23:15:08,8,,47.68,4.37,Sarah,EU,14.81 lbs,6x17x11,Lost
375,ORD-220042,UPS,TRK536552135,2023-06-16 15:27:11,2023-06-25 15:27:11,7,,49.86,1.59,David,NA,11.73 lbs,14x8x5,Exception
1124,ORD-191587,USPS,TRK651018249,2023-04-07 15:03:49,2023-04-16 15:03:49,9,,21.46,3.78,  sam  ,Domestic,9.98 lbs,17x14x19,Exception
2282,ORD-254579,FedEx,TRK986283818,2023-08-23 03:57:45,2023-08-25 03:57:45,5,,45.29,2.65,,,14.62 lbs,10x16x19,Exception
725,ORD-627933,FedEx,TRK108934382,2023-11-24 14:46:30,2023-11-25 14:46:30,3,,16.02,4.81,Mike,EU,6.7 kg,6x10x6,Delivered
1251,ORD-802283,fedex,TRK766370316,2023-02-10 17:21:42,2023-02-14 17:21:42,9,,37.14,3.22,David,Domestic,7.3 kg,15x5x6,Returned
761,ORD-682441,DHL,TRK826344375,2023-01-30 00:13:42,2023-02-12 00:13:42,8,,48.44,1.38,chris,NA,2.57 kg,10x14x19,Exception
2118,ORD-503877,USPS,TRK121520366,2023-01-30 11:58:12,2023-02-05 11:58:12,2,,42.24,1.2,Emily,EU,17.72 lbs,10x8x9,Returned
1236,ORD-560126,fedex,TRK973609738,2023-05-22 01:45:28,2023-06-04 01:45:28,4,,5.26,3.76,Jane,International,11.74 kg,10x6x10,Delivered
591,ORD-354009,USPS,TRK684731613,2023-10-10 22:01:58,2023-10-16 22:01:58,7,,18.01,2.05,Mike,,14.47 kg,7x15x8,Delivered
803,ORD-138567,fedex,TRK501930090,2023-01-06 18:20:26,2023-01-09 18:20:26,7,,22.03,1.16,Emily,EU,16.63 kg,9x11x15,Lost
487,ORD-296919,fedex,TRK962457742,2023-12-05 23:20:54,2023-12-10 23:20:54,3,,48.15,1.66,Emily,NA,9.13 kg,20x16x5,Delivered
966,ORD-332794,USPS,TRK270637920,2023-11-15 02:11:24,2023-11-25 02:11:24,7,,19.3,3.36,  sam  ,International,11.0 lbs,17x17x12,Returned
153,ORD-545948,ups,TRK387255944,2023-05-01 20:38:14,2023-05-04 20:38:14,3,,22.16,1.51,John,EU,0.63 kg,12x8x19,Delivered
486,ORD-598336,DHL,TRK680050181,2023-03-22 16:36:15,2023-04-02 16:36:15,3,,42.96,3.36,David,EU,2.42 lbs,19x16x6,Exception
1285,ORD-151131,UPS,TRK637410831,2023-03-26 20:24:41,2023-04-03 20:24:41,4,,5.84,2.97,Emily,NA,3.96 kg,14x8x20,Exception
1214,ORD-466144,USPS,TRK545028369,2023-06-09 16:08:48,2023-06-22 16:08:48,8,,45.96,3.63,Mike,,12.91 lbs,6x6x15,In Transit
743,ORD-382054,USPS,TRK651590243,2023-02-22 09:33:48,2023-03-07 09:33:48,6,,46.13,3.43,,Domestic,16.19 lbs,14x13x15,Delivered
751,ORD-302577,ups,TRK881704559,2023-12-14 14:09:07,2023-12-16 14:09:07,3,,16.58,1.77,KIM,,5.01 kg,10x18x5,In Transit
1522,ORD-894115,ups,TRK287707351,2023-03-08 04:20:48,2023-03-12 04:20:48,8,,24.75,1.32,Sarah,NA,0.81 kg,17x20x5,Exception
2179,ORD-152509,ups,TRK170530341,2023-09-08 11:58:33,2023-09-13 11:58:33,2,,30.2,1.22,Alex,International,18.18 lbs,18x11x20,Lost
67,ORD-799397,ups,TRK587635453,2023-12-08 07:22:07,2023-12-20 07:22:07,9,,33.71,2.34,David,International,3.37 lbs,5x19x10,Delivered
1415,ORD-953425,UPS,TRK820561597,2023-12-14 11:00:14,2023-12-24 11:00:14,8,,33.07,2.88,Mary,NA,13.94 lbs,13x9x19,Lost
469,ORD-838405,FedEx,TRK585420241,2023-05-31 09:50:41,2023-06-13 09:50:41,4,,28.12,4.24,Mary,,12.93 lbs,7x9x9,Exception
206,ORD-102151,UPS,TRK959370862,2023-04-27 11:01:26,2023-05-06 11:01:26,8,,22.62,3.24,,,16.57 lbs,18x13x19,Lost
918,ORD-460021,FedEx,TRK459351187,2023-11-27 22:51:47,2023-11-28 22:51:47,3,,28.68,1.99,  sam  ,NA,8.52 lbs,13x6x17,Returned
5,ORD-522702,fedex,TRK575791354,2023-08-07 23:31:25,2023-08-09 23:31:25,3,,19.43,2.06,  sam  ,,11.34 kg,11x19x18,In Transit
416,ORD-433485,FedEx,TRK249338277,2023-01-14 11:01:26,2023-01-25 11:01:26,9,,31.91,1.18,Mary,EU,3.02 kg,17x17x9,In Transit
1470,ORD-152281,DHL,TRK863879433,2023-09-25 11:33:15,2023-10-06 11:33:15,3,,30.02,3.27,chris,NA,8.86 kg,10x20x11,Exception
1772,ORD-489722,ups,TRK982057425,2024-01-03 13:43:44,2024-01-05 13:43:44,2,,45.51,3.91,,International,9.26 kg,16x5x11,Returned
1421,ORD-178169,USPS,TRK641730783,2023-04-20 23:44:24,2023-04-24 23:44:24,3,,21.05,4.76,KIM,NA,4.25 kg,9x5x20,Exception
1797,ORD-732995,UPS,TRK996905041,2023-10-27 22:34:27,2023-11-04 22:34:27,2,,39.56,1.96,David,NA,5.65 lbs,18x15x20,Lost
2294,ORD-263834,ups,TRK123875822,2023-09-01 02:18:28,2023-09-05 02:18:28,9,,9.13,4.61,KIM,,8.2 kg,13x14x14,In Transit
129,ORD-741106,USPS,TRK182098722,2023-07-27 02:28:56,2023-08-04 02:28:56,2,,24.05,2.38,Mary,EU,1.36 lbs,13x5x9,Lost
564,ORD-992694,DHL,TRK447599492,2023-01-16 23:13:43,2023-01-21 23:13:43,3,,23.08,3.8,,EU,19.19 lbs,11x19x9,In Transit
1145,ORD-265113,DHL,TRK785356814,2023-02-06 16:02:33,2023-02-13 16:02:33,8,,17.28,3.21,KIM,Domestic,6.35 kg,9x8x19,Delivered
255,ORD-347020,fedex,TRK866214496,2023-03-17 11:50:01,2023-03-21 11:50:01,2,,17.35,2.4,Alex,EU,18.48 lbs,13x12x5,Lost
380,ORD-686900,UPS,TRK423027449,2023-07-14 01:33:52,2023-07-27 01:33:52,7,,48.71,2.34,David,NA,2.69 kg,16x11x18,Exception
841,ORD-362816,FedEx,TRK655747850,2023-04-25 00:14:53,2023-04-27 00:14:53,2,,10.91,2.1,David,,10.03 lbs,19x11x8,Exception
424,ORD-899662,UPS,TRK561388771,2023-11-30 04:37:57,2023-12-09 04:37:57,2,,6.23,3.39,Alex,NA,7.39 lbs,11x13x18,Returned
495,ORD-253240,DHL,TRK400246907,2023-04-14 06:53:43,2023-04-21 06:53:43,2,,19.79,4.68,Sarah,NA,5.4 lbs,19x18x11,Returned
2434,ORD-725943,USPS,TRK387255737,2023-08-07 15:19:22,2023-08-18 15:19:22,3,,13.23,1.65,Mary,Domestic,14.22 lbs,12x11x14,Delivered
2431,ORD-548247,UPS,TRK986042637,2023-03-21 13:04:32,2023-03-22 13:04:32,4,,26.02,4.33,KIM,Domestic,12.55 kg,19x7x9,Delivered
63,ORD-137422,UPS,TRK140172133,2023-01-06 15:35:15,2023-01-11 15:35:15,7,,45.15,4.09,John,International,6.4 kg,5x18x16,Delivered
1295,ORD-619636,USPS,TRK143335887,2023-08-14 00:53:05,2023-08-17 00:53:05,2,,32.87,2.38,,EU,14.35 kg,6x7x5,Lost
2247,ORD-158511,DHL,TRK231563837,2023-12-18 18:21:32,2023-12-28 18:21:32,6,,45.75,1.66,Emily,Domestic,11.28 lbs,8x16x11,Exception
2240,ORD-910652,ups,TRK741799976,2023-09-10 06:36:50,2023-09-21 06:36:50,5,,43.24,4.41,  sam  ,International,1.21 lbs,17x16x20,Delivered
1879,ORD-665322,ups,TRK322103278,2023-11-11 17:28:07,2023-11-22 17:28:07,5,,27.07,1.08,John,NA,2.04 kg,20x12x6,Exception
69,ORD-900855,FedEx,TRK778842082,2023-12-12 23:01:19,2023-12-23 23:01:19,6,,15.42,2.99,Jane,International,6.83 kg,9x11x7,Delivered
1462,ORD-108765,fedex,TRK880709173,2023-06-29 15:37:39,2023-07-07 15:37:39,6,,35.37,1.38,Mike,,6.49 lbs,5x13x15,Returned
554,ORD-853635,FedEx,TRK380660180,2023-10-28 08:33:43,2023-11-06 08:33:43,7,,49.16,4.49,KIM,NA,8.55 kg,11x19x17,Lost
98,ORD-841564,DHL,TRK201837407,2023-09-27 14:36:08,2023-10-10 14:36:08,8,,15.84,1.31,Mike,,13.29 lbs,16x19x9,Lost
2162,ORD-463888,DHL,TRK684244262,2023-11-17 06:24:45,2023-11-30 06:24:45,3,,30.89,1.67,Mike,,8.07 kg,6x14x17,Delivered
833,ORD-691569,UPS,TRK290691303,2023-04-20 05:21:02,2023-04-22 05:21:02,4,,47.22,3.14,  sam  ,,17.21 lbs,12x19x17,In Transit
720,ORD-323194,FedEx,TRK607240901,2023-11-04 18:03:37,2023-11-13 18:03:37,7,,12.56,4.73,KIM,EU,13.52 lbs,20x11x18,Delivered
311,ORD-370652,DHL,TRK556018793,2023-10-19 08:01:39,2023-10-31 08:01:39,5,,26.22,2.52,David,EU,1.27 kg,13x16x10,Exception
1281,ORD-883495,UPS,TRK308732074,2023-01-28 11:23:37,2023-02-03 11:23:37,6,,8.1,4.03,Sarah,International,3.08 lbs,15x11x6,Exception
2299,ORD-395139,USPS,TRK392541318,2023-08-07 09:31:07,2023-08-17 09:31:07,9,,15.77,2.19,Sarah,Domestic,16.22 kg,13x17x11,In Transit
2432,ORD-214962,DHL,TRK799003788,2023-10-23 22:36:59,2023-10-31 22:36:59,9,,35.87,2.11,Alex,Domestic,3.03 kg,12x8x16,Lost
1635,ORD-271968,UPS,TRK339635598,2023-06-22 11:40:14,2023-06-25 11:40:14,8,,5.83,1.22,  sam  ,,14.17 lbs,11x12x15,Delivered
1142,ORD-808808,DHL,TRK435559093,2023-03-19 05:41:30,2023-03-29 05:41:30,2,,42.59,2.43,KIM,Domestic,19.92 kg,16x5x19,In Transit
1080,ORD-712974,DHL,TRK827184202,2023-03-20 01:04:29,2023-03-27 01:04:29,3,,39.58,2.98,David,,1.94 kg,5x11x6,Exception
834,ORD-767209,ups,TRK399218994,2023-10-12 18:55:42,2023-10-17 18:55:42,2,,49.27,4.05,Mary,,15.28 lbs,8x8x11,Returned
1112,ORD-440760,FedEx,TRK969050309,2023-02-08 08:57:45,2023-02-16 08:57:45,2,,39.66,1.92,Alex,,12.76 lbs,19x15x17,Returned
173,ORD-870199,USPS,TRK328041713,2023-08-12 22:53:18,2023-08-20 22:53:18,4,,24.57,1.99,John,NA,17.2 kg,20x17x9,Returned
1855,ORD-532571,ups,TRK627393432,2023-02-19 12:41:47,2023-02-27 12:41:47,9,,43.3,3.6,KIM,NA,7.15 kg,6x17x18,Returned
1603,ORD-445501,UPS,TRK629256147,2023-09-23 09:49:24,2023-09-30 09:49:24,9,,41.76,4.01,John,Domestic,1.27 lbs,17x15x14,Lost
203,ORD-106720,fedex,TRK618506221,2023-04-08 22:55:27,2023-04-21 22:55:27,6,,23.52,2.65,  sam  ,International,1.5 lbs,13x6x12,Returned
183,ORD-937085,USPS,TRK804675721,2023-10-06 04:13:32,2023-10-10 04:13:32,7,,16.48,2.16,Mike,International,18.86 lbs,7x19x14,Delivered
1096,ORD-341492,DHL,TRK875249607,2023-08-19 15:05:44,2023-08-24 15:05:44,5,,22.38,4.37,chris,Domestic,13.15 lbs,13x15x5,In Transit
1576,ORD-903050,UPS,TRK145692160,2023-06-13 03:02:30,2023-06-15 03:02:30,6,,19.77,2.23,KIM,,3.82 lbs,9x18x17,Delivered
1568,ORD-281365,DHL,TRK883839511,2023-02-08 21:13:30,2023-02-12 21:13:30,7,,37.96,2.97,chris,International,12.18 kg,6x18x6,Returned
2029,ORD-686394,USPS,TRK520993942,2023-12-11 09:04:21,2023-12-12 09:04:21,8,,21.22,2.27,chris,,5.24 lbs,16x18x20,Exception
1774,ORD-974933,DHL,TRK292535094,2023-11-12 23:44:20,2023-11-24 23:44:20,7,,31.96,4.67,Sarah,EU,15.32 kg,14x17x8,Returned
2202,ORD-110400,fedex,TRK718465830,2023-02-22 11:22:16,2023-03-06 11:22:16,9,,33.37,2.51,Emily,EU,1.25 kg,18x18x18,Delivered
150,ORD-778211,UPS,TRK300990481,2023-03-14 01:24:53,2023-03-26 01:24:53,2,,22.55,1.9,,EU,8.18 kg,6x19x15,Returned
1734,ORD-596664,FedEx,TRK153343839,2023-08-21 11:17:46,2023-08-26 11:17:46,4,,36.52,3.92,Jane,EU,6.7 lbs,18x20x18,Delivered
1538,ORD-821620,DHL,TRK994046158,2023-08-09 21:47:50,2023-08-21 21:47:50,9,,7.95,3.41,  sam  ,International,2.37 lbs,15x18x14,In Transit
119,ORD-129213,fedex,TRK311432252,2023-05-08 19:55:00,2023-05-15 19:55:00,8,,33.79,2.5,chris,EU,18.61 lbs,12x9x5,Returned
1710,ORD-529712,fedex,TRK927856112,2023-01-13 10:54:56,2023-01-21 10:54:56,3,,36.31,1.07,Mike,Domestic,7.28 lbs,15x17x5,Exception
1091,ORD-287419,UPS,TRK705650339,2023-08-23 19:01:13,2023-08-24 19:01:13,3,,6.58,2.32,Sarah,,19.99 lbs,14x5x10,Delivered
28,ORD-183241,FedEx,TRK479477179,2023-11-13 00:00:05,2023-11-15 00:00:05,7,,13.05,1.39,Emily,EU,16.13 lbs,13x6x7,Delivered
1735,ORD-219483,FedEx,TRK857308314,2023-11-06 08:31:39,2023-11-18 08:31:39,5,,24.31,3.17,Sarah,,14.54 lbs,10x17x7,Exception
187,ORD-241008,DHL,TRK231873015,2023-12-12 17:18:24,2023-12-14 17:18:24,5,,40.96,1.18,Jane,EU,2.96 kg,18x13x18,Returned
1833,ORD-593008,FedEx,TRK866787549,2023-11-07 09:42:53,2023-11-17 09:42:53,5,,47.58,4.07,KIM,Domestic,7.02 lbs,20x5x20,Exception
241,ORD-500471,fedex,TRK659806991,2023-07-24 14:12:33,2023-07-29 14:12:33,2,,42.41,1.52,Mike,Domestic,19.54 kg,16x6x15,In Transit
97,ORD-395892,UPS,TRK868044896,2023-02-23 06:54:20,2023-03-07 06:54:20,5,,43.44,2.66,Jane,NA,3.22 lbs,9x11x8,In Transit
1029,ORD-281896,ups,TRK405695739,2023-04-09 15:57:50,2023-04-16 15:57:50,7,,40.84,3.69,David,International,2.36 lbs,19x18x18,Returned
74,ORD-187744,fedex,TRK517174480,2023-08-28 14:24:27,2023-08-31 14:24:27,4,,38.53,1.88,Alex,Domestic,17.24 kg,5x9x6,Exception
1257,ORD-350583,FedEx,TRK627892880,2023-11-09 08:41:18,2023-11-22 08:41:18,2,,29.19,2.02,chris,NA,16.6 lbs,10x12x16,Returned
105,ORD-355577,UPS,TRK444027909,2023-09-03 02:57:07,2023-09-08 02:57:07,5,,46.73,1.44,Emily,NA,5.84 kg,19x7x11,Exception
1896,ORD-785137,fedex,TRK277569315,2023-12-17 09:19:01,2023-12-18 09:19:01,7,,36.32,3.85,Alex,NA,15.14 lbs,15x6x10,In Transit
856,ORD-739610,FedEx,TRK295205093,2023-07-18 16:52:02,2023-07-31 16:52:02,8,,20.64,2.17,Mike,EU,6.68 kg,20x16x20,In Transit
480,ORD-868086,DHL,TRK350162690,2023-02-11 16:46:25,2023-02-16 16:46:25,9,,31.62,4.87,Mary,EU,16.09 lbs,8x16x9,Lost
2016,ORD-841511,UPS,TRK769362367,2023-03-16 13:30:08,2023-03-18 13:30:08,4,,33.87,3.41,,International,13.25 kg,17x16x19,Exception
155,ORD-308303,DHL,TRK305207417,2023-08-29 07:16:53,2023-09-08 07:16:53,4,,46.1,2.75,David,International,19.53 kg,14x11x8,Returned
1754,ORD-283434,USPS,TRK901760122,2023-08-30 08:57:07,2023-09-05 08:57:07,5,,9.82,3.13,,EU,0.9 lbs,16x5x15,Lost
1652,ORD-917370,UPS,TRK841322374,2023-02-24 03:14:36,2023-03-03 03:14:36,8,,17.7,5.0,Sarah,,5.53 lbs,7x9x17,In Transit
1338,ORD-855095,USPS,TRK614190044,2023-03-14 18:25:13,2023-03-22 18:25:13,2,,40.55,2.61,John,,4.19 kg,18x20x20,Delivered
661,ORD-914425,fedex,TRK404004191,2023-03-06 04:06:54,2023-03-13 04:06:54,9,,34.77,4.7,Alex,EU,8.85 lbs,19x10x9,Returned
1147,ORD-793935,ups,TRK103753712,2023-11-01 21:07:04,2023-11-11 21:07:04,2,,8.08,4.25,Alex,,2.2 kg,7x12x10,Lost
1187,ORD-148132,fedex,TRK247197545,2023-10-22 12:47:32,2023-10-23 12:47:32,5,,20.59,4.14,John,EU,5.8 lbs,7x18x9,Returned
1658,ORD-678761,ups,TRK242298082,2023-12-27 16:05:29,2024-01-03 16:05:29,7,,23.25,3.41,David,NA,3.88 kg,10x6x9,Returned
483,ORD-814607,fedex,TRK464908791,2023-04-13 06:29:56,2023-04-23 06:29:56,6,,9.32,4.51,Mary,,3.22 lbs,9x16x16,In Transit
1010,ORD-843230,ups,TRK943498451,2023-03-30 16:23:28,2023-04-06 16:23:28,9,,46.31,4.44,Alex,EU,4.36 lbs,10x18x13,In Transit
2143,ORD-342341,USPS,TRK853907848,2023-07-03 02:45:02,2023-07-14 02:45:02,5,,15.28,2.38,David,EU,8.0 kg,20x17x17,Delivered
1184,ORD-621960,FedEx,TRK706472353,2023-06-29 01:53:55,2023-07-04 01:53:55,7,,31.73,2.98,Mary,EU,11.58 lbs,6x7x13,In Transit
1805,ORD-498547,USPS,TRK552834012,2023-08-01 14:37:06,2023-08-09 14:37:06,5,,21.19,3.15,KIM,,12.2 lbs,15x15x11,Delivered
1591,ORD-568805,DHL,TRK604541596,2023-09-20 04:02:42,2023-10-02 04:02:42,6,,32.48,2.86,David,International,9.76 kg,18x15x17,In Transit
1717,ORD-180368,DHL,TRK794583290,2023-08-12 01:53:34,2023-08-18 01:53:34,5,,41.94,4.69,David,EU,1.03 kg,11x5x6,In Transit
1191,ORD-614027,ups,TRK363626275,2023-02-28 15:39:51,2023-03-08 15:39:51,3,,41.55,1.22,David,International,11.45 lbs,5x17x7,Exception
76,ORD-131286,FedEx,TRK439269660,2023-01-12 06:30:11,2023-01-25 06:30:11,7,,9.16,1.42,chris,EU,13.13 kg,14x18x19,Lost
2307,ORD-989222,USPS,TRK525096591,2023-05-31 13:13:03,2023-06-01 13:13:03,8,,22.47,3.65,  sam  ,NA,2.5 lbs,6x10x17,Returned
75,ORD-678934,ups,TRK705058488,2023-04-01 02:51:32,2023-04-08 02:51:32,3,,20.6,4.1,John,EU,13.35 kg,11x10x10,Exception
1748,ORD-453817,USPS,TRK236523967,2023-09-07 08:20:34,2023-09-13 08:20:34,5,,12.22,1.96,John,Domestic,16.53 lbs,5x12x19,Returned
2174,ORD-666175,FedEx,TRK240511871,2023-05-31 18:59:26,2023-06-09 18:59:26,8,,11.07,4.78,Alex,NA,1.41 lbs,14x19x6,Lost
1739,ORD-686206,ups,TRK537837156,2023-10-24 20:15:34,2023-11-01 20:15:34,7,,13.02,4.89,Mary,International,16.7 kg,16x7x14,Exception
1041,ORD-992547,fedex,TRK415045023,2023-08-12 17:32:00,2023-08-20 17:32:00,5,,14.86,1.69,Alex,EU,1.02 kg,14x11x6,Lost
1521,ORD-999536,DHL,TRK715597187,2023-03-05 10:17:06,2023-03-11 10:17:06,9,,43.61,1.07,Jane,International,7.33 lbs,10x11x6,Returned
165,ORD-733481,USPS,TRK444526350,2023-09-04 10:32:56,2023-09-17 10:32:56,4,,26.11,3.29,Mary,EU,5.81 lbs,9x15x14,In Transit
514,ORD-328195,UPS,TRK415175753,2023-08-03 14:33:59,2023-08-12 14:33:59,4,,5.18,4.21,Jane,EU,4.48 lbs,12x14x5,In Transit
1910,ORD-908834,UPS,TRK314519125,2023-12-15 12:45:10,2023-12-18 12:45:10,7,,46.48,3.38,Emily,Domestic,7.35 kg,19x11x17,Delivered
1111,ORD-870279,USPS,TRK513791979,2023-11-11 13:40:15,2023-11-20 13:40:15,2,,21.32,1.35,John,International,14.65 lbs,6x16x9,In Transit
2158,ORD-344204,UPS,TRK465535657,2023-10-17 08:34:45,2023-10-20 08:34:45,3,,22.32,1.47,Alex,EU,2.62 kg,14x9x11,Returned
1030,ORD-535103,UPS,TRK110546475,2023-12-20 17:25:48,2023-12-27 17:25:48,8,,19.25,1.81,,Domestic,14.8 lbs,13x15x7,Lost
1816,ORD-805949,UPS,TRK811625203,2023-01-15 05:00:53,2023-01-25 05:00:53,4,,30.02,4.13,David,EU,12.19 lbs,20x20x16,Lost
251,ORD-460442,ups,TRK566504015,2023-08-11 13:41:15,2023-08-16 13:41:15,6,,10.26,3.05,Jane,,17.38 lbs,5x9x8,Delivered
1622,ORD-445437,ups,TRK654820049,2023-04-08 05:01:27,2023-04-14 05:01:27,6,,21.44,2.14,Alex,International,11.95 lbs,13x20x7,Exception
1376,ORD-309548,ups,TRK756863097,2023-04-13 05:48:28,2023-04-18 05:48:28,4,,48.81,2.93,,NA,2.45 kg,14x18x20,Delivered
1433,ORD-408575,ups,TRK514948736,2023-03-27 16:26:27,2023-03-31 16:26:27,2,,45.94,1.26,chris,,19.69 lbs,17x5x20,Delivered
983,ORD-626958,UPS,TRK394184467,2023-11-12 09:05:06,2023-11-24 09:05:06,3,,35.4,2.46,  sam  ,,6.34 kg,14x5x16,Lost
70,ORD-968825,fedex,TRK558138598,2023-02-18 19:43:35,2023-03-01 19:43:35,4,,24.48,4.19,Sarah,International,11.66 kg,11x16x14,Returned
1261,ORD-803302,DHL,TRK838624117,2023-08-23 12:06:15,2023-09-05 12:06:15,7,,35.83,2.59,Alex,EU,10.25 kg,9x9x5,Lost
2422,ORD-522260,UPS,TRK452787309,2023-02-22 19:30:29,2023-02-23 19:30:29,2,,28.2,4.82,David,NA,3.04 kg,10x8x18,Returned
1635,ORD-271968,UPS,TRK339635598,2023-06-22 11:40:14,2023-06-25 11:40:14,8,,5.83,1.22,  sam  ,,14.17 lbs,11x12x15,Delivered
1054,ORD-848563,USPS,TRK117473509,2023-02-13 12:46:17,2023-02-26 12:46:17,6,,35.95,3.14,  sam  ,International,3.57 lbs,7x13x14,Returned
153,ORD-545948,ups,TRK387255944,2023-05-01 20:38:14,2023-05-04 20:38:14,3,,22.16,1.51,John,EU,0.63 kg,12x8x19,Delivered
142,ORD-380937,FedEx,TRK501747576,2023-01-13 11:36:45,2023-01-25 11:36:45,7,,28.31,1.33,Jane,EU,8.19 lbs,12x7x12,Returned
25,ORD-909159,ups,TRK610898542,2023-07-06 22:36:00,2023-07-17 22:36:00,5,,36.83,4.95,Jane,International,11.95 lbs,18x6x16,In Transit
1308,ORD-777589,FedEx,TRK778424969,2023-03-20 05:14:43,2023-04-01 05:14:43,2,,47.55,4.7,  sam  ,NA,17.11 lbs,8x12x18,Delivered
1403,ORD-734190,DHL,TRK545897121,2023-06-11 06:42:49,2023-06-12 06:42:49,6,,11.23,2.37,chris,Domestic,19.88 kg,20x10x10,In Transit
1242,ORD-848913,USPS,TRK764853395,2023-01-26 01:22:35,2023-02-08 01:22:35,8,,34.27,3.93,,International,16.11 kg,20x17x20,Lost
1300,ORD-476801,USPS,TRK624823381,2023-08-15 13:44:15,2023-08-19 13:44:15,2,,14.5,2.45,  sam  ,NA,18.26 lbs,20x11x5,In Transit
319,ORD-557851,USPS,TRK877535294,2023-02-28 06:49:04,2023-03-08 06:49:04,3,,38.84,4.03,John,International,16.17 lbs,11x15x13,In Transit
1459,ORD-113592,DHL,TRK939177435,2023-04-28 10:01:00,2023-05-10 10:01:00,6,,45.77,3.29,,,18.39 kg,10x11x8,Lost
2228,ORD-411230,UPS,TRK575903448,2023-05-27 01:16:47,2023-06-04 01:16:47,2,,38.94,4.29,Mike,EU,10.54 kg,8x8x17,Lost
894,ORD-527214,ups,TRK121918192,2023-06-16 10:48:11,2023-06-19 10:48:11,9,,47.47,4.18,  sam  ,,15.54 lbs,17x13x6,Lost
164,ORD-305171,DHL,TRK672823070,2023-08-07 18:27:42,2023-08-10 18:27:42,5,,27.33,4.49,Mike,Domestic,3.55 lbs,9x16x11,Lost
812,ORD-502777,ups,TRK709173430,2023-03-01 13:06:49,2023-03-04 13:06:49,3,,21.94,3.73,David,NA,14.51 kg,17x20x15,Delivered
2132,ORD-245833,UPS,TRK459430233,2023-04-26 13:04:39,2023-05-02 13:04:39,7,,37.64,1.68,chris,Domestic,3.66 lbs,14x13x6,Delivered
2207,ORD-931419,ups,TRK673868420,2023-10-06 05:11:31,2023-10-14 05:11:31,9,,22.08,1.08,Alex,NA,2.7 lbs,6x13x17,In Transit
94,ORD-986244,USPS,TRK519162209,2023-11-08 07:17:22,2023-11-18 07:17:22,3,,30.15,2.12,KIM,NA,8.54 kg,17x7x13,Lost
2469,ORD-124888,fedex,TRK884399808,2023-11-11 06:23:29,2023-11-20 06:23:29,7,,41.92,4.26,Jane,NA,14.45 kg,13x7x20,In Transit
875,ORD-963676,UPS,TRK592023049,2023-02-06 18:09:45,2023-02-11 18:09:45,6,,49.83,3.16,Sarah,,14.5 lbs,11x15x20,Returned
1977,ORD-548208,USPS,TRK869946342,2023-01-18 08:04:29,2023-01-23 08:04:29,2,,26.28,3.19,Alex,International,1.4 lbs,13x16x19,Lost
2443,ORD-171936,FedEx,TRK450635920,2023-12-30 22:40:07,2024-01-02 22:40:07,2,,21.21,4.76,Sarah,Domestic,15.41 kg,18x5x12,Delivered
95,ORD-166956,FedEx,TRK349004250,2023-08-30 03:42:58,2023-09-02 03:42:58,2,,36.79,4.2,Sarah,EU,5.56 lbs,6x12x16,In Transit
1994,ORD-384412,UPS,TRK141439374,2023-07-02 09:56:48,2023-07-08 09:56:48,8,,25.79,4.54,John,EU,19.24 lbs,14x12x7,Lost
341,ORD-815864,ups,TRK838576387,2023-03-12 14:54:48,2023-03-21 14:54:48,6,,29.24,2.81,Emily,International,12.75 lbs,15x11x13,Delivered
2419,ORD-730683,DHL,TRK839198679,2023-05-09 18:05:06,2023-05-12 18:05:06,7,,47.86,1.3,David,International,19.12 lbs,19x20x11,Lost
580,ORD-410274,FedEx,TRK187475268,2023-04-13 02:54:17,2023-04-26 02:54:17,3,,17.09,1.54,KIM,International,18.6 lbs,18x13x17,Lost
1011,ORD-689781,USPS,TRK475523308,2023-07-29 15:57:37,2023-07-30 15:57:37,8,,42.45,1.32,chris,NA,2.82 kg,5x14x15,Exception
1776,ORD-193253,USPS,TRK209496230,2023-10-01 01:11:53,2023-10-07 01:11:53,9,,41.78,2.5,Mike,,13.12 kg,6x18x13,In Transit
261,ORD-211228,DHL,TRK168187961,2023-01-23 17:59:24,2023-01-24 17:59:24,2,,13.52,1.36,Jane,Domestic,2.91 lbs,8x6x15,Delivered
2415,ORD-967531,FedEx,TRK149709768,2023-08-26 08:36:30,2023-09-06 08:36:30,7,,26.75,3.82,Jane,NA,10.92 kg,16x18x8,Returned
862,ORD-890467,DHL,TRK761409404,2023-10-25 16:17:39,2023-11-02 16:17:39,7,,26.87,3.42,KIM,EU,18.1 lbs,20x17x9,Exception
568,ORD-265045,ups,TRK241165884,2023-07-21 15:52:59,2023-08-01 15:52:59,2,,43.29,3.53,Sarah,,18.11 lbs,8x8x18,In Transit
1377,ORD-857368,FedEx,TRK922478570,2023-08-19 07:40:42,2023-08-23 07:40:42,8,,27.03,1.07,Jane,Domestic,11.06 kg,14x14x9,Lost
1262,ORD-862438,UPS,TRK614442991,2023-12-20 03:22:16,2024-01-02 03:22:16,8,,16.62,1.48,Sarah,International,9.39 kg,12x5x12,In Transit
2384,ORD-636902,FedEx,TRK537601953,2023-07-21 04:14:29,2023-07-27 04:14:29,2,,48.27,1.87,Jane,International,15.19 kg,15x16x19,In Transit
132,ORD-955633,DHL,TRK421153390,2023-03-28 12:13:42,2023-04-09 12:13:42,7,,27.43,1.3,chris,NA,4.09 lbs,20x6x14,Returned
1561,ORD-334688,ups,TRK193691146,2023-10-24 16:30:06,2023-10-31 16:30:06,7,,16.64,1.22,John,EU,10.54 lbs,19x11x15,Returned
434,ORD-551008,DHL,TRK736953748,2023-05-04 18:43:11,2023-05-07 18:43:11,4,,43.0,2.26,Jane,,19.04 lbs,18x8x10,Returned
1274,ORD-398377,FedEx,TRK744127061,2023-08-14 15:09:20,2023-08-26 15:09:20,7,,18.21,2.97,KIM,Domestic,13.93 kg,19x14x6,Delivered
1064,ORD-662602,FedEx,TRK572437233,2023-06-30 10:43:39,2023-07-07 10:43:39,7,,14.79,4.19,Jane,International,8.52 lbs,8x15x16,Returned
1382,ORD-870527,DHL,TRK509147366,2023-12-22 06:50:26,2024-01-04 06:50:26,4,,43.53,2.06,Mike,EU,9.85 kg,9x7x16,In Transit
440,ORD-435844,USPS,TRK897339602,2023-06-18 04:18:12,2023-06-29 04:18:12,7,,17.45,1.26,,,7.97 kg,18x20x14,Returned
281,ORD-945894,fedex,TRK439665661,2023-09-29 10:13:40,2023-10-12 10:13:40,8,,31.5,3.46,Alex,International,8.76 lbs,6x6x17,Returned
219,ORD-634028,fedex,TRK484353976,2023-06-22 10:47:01,2023-07-02 10:47:01,4,,47.93,2.85,Alex,International,11.26 kg,8x18x19,Exception
2230,ORD-861986,ups,TRK538331052,2023-05-10 18:15:12,2023-05-17 18:15:12,6,,23.28,3.49,  sam  ,Domestic,11.27 lbs,13x12x10,Returned
1330,ORD-674414,DHL,TRK966013890,2023-09-19 12:30:03,2023-10-02 12:30:03,5,,40.14,3.6,Mike,Domestic,15.78 lbs,16x5x20,Lost
884,ORD-321781,UPS,TRK401198795,2023-02-04 01:23:05,2023-02-12 01:23:05,5,,24.96,1.8,chris,,12.23 lbs,12x10x6,Exception
139,ORD-453534,FedEx,TRK113093209,2023-07-27 06:35:25,2023-08-08 06:35:25,9,,41.57,3.22,Emily,EU,15.89 kg,16x13x12,Exception
391,ORD-654852,UPS,TRK881042899,2023-07-28 06:48:32,2023-08-04 06:48:32,5,,44.37,4.63,John,EU,6.67 lbs,18x10x5,In Transit
1201,ORD-213769,FedEx,TRK148570837,2023-12-31 06:12:40,2024-01-02 06:12:40,4,,21.78,4.97,chris,International,1.33 lbs,11x14x6,Lost
2115,ORD-144996,ups,TRK397950517,2023-08-31 13:44:43,2023-09-05 13:44:43,5,,46.82,4.48,Mike,Domestic,2.33 kg,20x5x13,Exception
1659,ORD-302837,USPS,TRK273528281,2023-04-12 14:14:42,2023-04-14 14:14:42,4,,10.06,2.12,Sarah,,15.75 lbs,18x17x19,Returned
699,ORD-626138,USPS,TRK485483852,2023-12-01 17:53:46,2023-12-12 17:53:46,5,,9.58,3.77,KIM,Domestic,3.71 kg,18x16x8,Exception
2478,ORD-556489,fedex,TRK454400826,2023-04-09 03:31:44,2023-04-16 03:31:44,3,,38.46,3.59,Emily,,16.5 kg,11x8x20,Lost
2062,ORD-450467,fedex,TRK397485253,2023-01-20 09:25:17,2023-01-23 09:25:17,9,,45.89,2.2,KIM,NA,13.66 lbs,11x9x9,In Transit
1308,ORD-777589,FedEx,TRK778424969,2023-03-20 05:14:43,2023-04-01 05:14:43,2,,47.55,4.7,  sam  ,NA,17.11 lbs,8x12x18,Delivered
1340,ORD-729190,fedex,TRK774589296,2023-10-28 05:38:00,2023-10-31 05:38:00,6,,34.29,3.81,,International,12.58 lbs,6x7x18,Delivered
2424,ORD-126378,FedEx,TRK660838587,2023-07-29 18:48:04,2023-07-30 18:48:04,3,,15.05,2.97,,EU,8.09 lbs,5x12x8,Delivered
2355,ORD-419260,DHL,TRK145454274,2023-04-29 09:49:31,2023-05-09 09:49:31,2,,37.02,2.7,,,5.95 kg,19x16x15,In Transit
1863,ORD-668462,USPS,TRK856204782,2023-03-06 10:36:08,2023-03-09 10:36:08,7,,38.45,4.95,Mary,,5.93 kg,17x12x14,Exception
1285,ORD-151131,UPS,TRK637410831,2023-03-26 20:24:41,2023-04-03 20:24:41,4,,5.84,2.97,Emily,NA,3.96 kg,14x8x20,Exception
1830,ORD-471818,USPS,TRK742777473,2023-01-07 01:09:20,2023-01-12 01:09:20,7,,23.91,3.41,Mike,EU,8.99 kg,8x5x20,Lost
1696,ORD-720231,FedEx,TRK406835018,2023-07-07 19:23:19,2023-07-17 19:23:19,8,,23.13,2.72,KIM,NA,19.79 kg,8x14x14,Delivered
2283,ORD-180414,FedEx,TRK998115324,2023-08-11 16:06:42,2023-08-24 16:06:42,8,,31.55,3.49,chris,Domestic,5.12 kg,19x7x16,Exception
2313,ORD-467866,ups,TRK792303498,2023-02-16 01:41:27,2023-02-19 01:41:27,9,,28.19,1.67,  sam  ,Domestic,12.55 lbs,16x13x14,Exception
2059,ORD-917156,UPS,TRK141161779,2023-01-07 21:36:16,2023-01-11 21:36:16,4,,5.42,4.92,chris,Domestic,9.0 kg,19x16x8,Delivered
423,ORD-582850,ups,TRK297927628,2023-08-20 22:54:23,2023-08-25 22:54:23,5,,16.79,3.64,Emily,NA,16.07 lbs,15x20x9,Exception
2072,ORD-842757,USPS,TRK604021989,2023-12-02 10:43:12,2023-12-09 10:43:12,6,,13.01,2.16,Mary,,2.11 kg,7x10x9,Exception
2358,ORD-795583,FedEx,TRK756000689,2023-10-18 00:03:25,2023-10-19 00:03:25,8,,25.0,3.28,Alex,EU,6.77 kg,16x7x19,In Transit
1284,ORD-596698,fedex,TRK395932688,2023-12-17 10:34:54,2023-12-27 10:34:54,5,,40.7,1.69,Emily,EU,13.28 kg,20x7x16,Lost
614,ORD-745911,FedEx,TRK941467850,2023-08-21 23:09:14,2023-08-23 23:09:14,2,,12.76,4.2,KIM,NA,1.64 kg,16x5x5,Returned
373,ORD-804864,USPS,TRK853860731,2023-01-05 04:59:24,2023-01-11 04:59:24,6,,12.0,2.63,Alex,,4.34 lbs,5x12x13,Lost
2497,ORD-199456,DHL,TRK861130826,2023-11-13 08:20:02,2023-11-26 08:20:02,9,,35.09,4.72,Mike,NA,8.61 kg,16x8x10,Delivered
24,ORD-100078,ups,TRK695958668,2023-11-07 14:39:14,2023-11-18 14:39:14,5,,28.99,4.99,chris,Domestic,16.66 lbs,9x9x13,Exception
995,ORD-289237,USPS,TRK825640200,2023-05-25 16:57:00,2023-06-07 16:57:00,6,,27.28,3.19,Emily,,4.07 kg,12x7x16,Delivered
1969,ORD-293515,UPS,TRK662779661,2023-04-28 20:39:05,2023-05-03 20:39:05,7,,46.25,2.71,David,,16.52 kg,9x20x7,Returned
619,ORD-301252,fedex,TRK280045199,2023-02-28 02:58:20,2023-03-03 02:58:20,4,,45.16,4.79,KIM,NA,8.62 kg,8x19x18,Lost
2098,ORD-515100,USPS,TRK618146148,2023-12-04 20:05:30,2023-12-12 20:05:30,9,,28.83,3.97,David,,12.33 kg,13x19x7,Exception
502,ORD-883898,FedEx,TRK306046588,2023-06-15 14:01:36,2023-06-20 14:01:36,4,,14.77,1.52,John,Domestic,3.35 lbs,6x20x14,In Transit
1757,ORD-276973,fedex,TRK314650214,2023-03-21 12:30:38,2023-03-31 12:30:38,4,,12.06,3.41,Jane,International,10.86 kg,8x5x17,In Transit
1042,ORD-512022,fedex,TRK973478904,2023-11-24 14:00:16,2023-12-01 14:00:16,8,,40.91,2.77,Alex,EU,7.26 kg,9x9x14,Returned
793,ORD-592038,DHL,TRK951310340,2023-04-05 12:04:48,2023-04-17 12:04:48,5,,33.01,4.32,Jane,NA,7.2 kg,13x8x20,Exception
1625,ORD-361229,DHL,TRK741918466,2023-09-09 20:33:10,2023-09-16 20:33:10,8,,29.95,1.67,Sarah,EU,1.07 lbs,5x8x7,In Transit
1114,ORD-560592,USPS,TRK567922811,2023-05-20 08:13:50,2023-05-28 08:13:50,8,,43.72,1.06,,EU,3.28 lbs,12x20x19,Exception
1133,ORD-739457,fedex,TRK758814081,2023-04-05 09:26:10,2023-04-08 09:26:10,2,,34.56,1.82,Sarah,EU,6.5 lbs,7x20x15,In Transit
1291,ORD-114880,UPS,TRK677091396,2023-04-15 21:51:54,2023-04-25 21:51:54,2,,41.97,2.4,John,,10.92 kg,6x8x15,Delivered
26,ORD-830813,FedEx,TRK923239269,2023-08-14 03:58:50,2023-08-27 03:58:50,5,,44.58,2.41,Sarah,,16.74 kg,17x10x12,Lost
118,ORD-389319,UPS,TRK428179516,2023-07-25 05:27:31,2023-08-04 05:27:31,4,,42.83,2.73,Alex,EU,13.53 kg,18x8x16,In Transit
378,ORD-987363,ups,TRK917040757,2023-11-16 01:23:06,2023-11-28 01:23:06,2,,29.86,3.42,  sam  ,EU,13.94 kg,7x5x10,Lost
196,ORD-963482,fedex,TRK429398740,2023-11-30 09:11:49,2023-12-03 09:11:49,9,,26.7,1.84,Sarah,Domestic,7.63 lbs,19x10x6,Delivered
2473,ORD-550721,USPS,TRK180132989,2023-01-26 13:04:34,2023-02-05 13:04:34,2,,12.02,1.8,chris,International,18.11 lbs,7x16x8,Lost
2435,ORD-948430,ups,TRK830588173,2023-07-29 11:40:11,2023-08-05 11:40:11,2,,16.77,2.39,KIM,,2.76 lbs,7x17x10,Exception
2280,ORD-525338,DHL,TRK514869196,2023-02-19 12:41:36,2023-03-03 12:41:36,7,,30.27,1.89,David,NA,10.3 kg,18x10x19,Delivered
1290,ORD-142156,USPS,TRK312188201,2023-03-05 17:39:34,2023-03-17 17:39:34,3,,25.54,3.93,Sarah,EU,5.75 kg,16x7x10,Returned
1707,ORD-748839,FedEx,TRK586854980,2023-10-28 16:09:57,2023-10-30 16:09:57,9,,25.63,3.9,David,EU,4.83 lbs,6x20x9,Delivered
157,ORD-537434,ups,TRK619170421,2023-10-29 03:46:40,2023-11-03 03:46:40,8,,36.1,3.22,Mary,NA,7.53 lbs,9x20x13,Delivered
2383,ORD-815128,FedEx,TRK680855613,2023-09-28 16:13:54,2023-10-11 16:13:54,4,,6.61,2.52,KIM,NA,1.93 kg,7x7x12,Returned
2088,ORD-564709,DHL,TRK289515949,2023-12-18 15:38:56,2023-12-28 15:38:56,4,,9.43,3.95,John,NA,10.53 kg,13x8x14,Exception
1156,ORD-825365,fedex,TRK797261959,2023-04-03 06:36:49,2023-04-08 06:36:49,6,,29.05,1.04,Alex,Domestic,8.4 lbs,14x16x14,Lost
152,ORD-593268,FedEx,TRK629099635,2023-11-09 09:06:19,2023-11-11 09:06:19,4,,31.26,3.75,KIM,EU,17.31 kg,13x7x18,Returned
371,ORD-668189,DHL,TRK575726608,2023-08-28 08:07:07,2023-08-29 08:07:07,3,,49.44,3.39,  sam  ,NA,8.01 lbs,10x6x6,In Transit
2353,ORD-938038,UPS,TRK648624193,2023-05-23 04:18:28,2023-05-24 04:18:28,3,,29.15,4.96,David,Domestic,14.48 lbs,20x5x18,In Transit
1569,ORD-864474,FedEx,TRK713372101,2023-07-02 06:14:38,2023-07-15 06:14:38,8,,32.12,2.44,Jane,,15.42 kg,12x10x16,Lost
1721,ORD-714560,FedEx,TRK572647885,2023-01-14 12:18:49,2023-01-17 12:18:49,8,,19.21,4.14,Mike,NA,8.71 kg,10x15x14,Delivered
481,ORD-789857,USPS,TRK994458632,2023-08-03 08:37:10,2023-08-16 08:37:10,8,,43.52,2.29,Mary,International,13.19 lbs,11x14x11,In Transit
1275,ORD-837710,UPS,TRK500101270,2023-11-10 06:15:53,2023-11-22 06:15:53,6,,8.75,4.82,  sam  ,EU,5.6 lbs,19x6x12,Returned
932,ORD-331126,UPS,TRK376951453,2023-05-06 02:16:21,2023-05-12 02:16:21,8,,11.0,2.15,chris,EU,11.13 kg,10x6x18,Exception
1913,ORD-686766,ups,TRK307756016,2023-04-20 06:36:09,2023-05-02 06:36:09,3,,28.33,3.0,Mary,International,6.1 lbs,9x19x20,Delivered
913,ORD-224977,ups,TRK832297034,2023-08-21 08:10:21,2023-08-31 08:10:21,3,,42.73,2.32,Mary,EU,19.43 kg,10x6x17,Exception
1957,ORD-948834,USPS,TRK419618897,2023-11-24 14:04:47,2023-12-02 14:04:47,4,,20.34,3.6,chris,Domestic,8.58 kg,17x6x7,Delivered
84,ORD-632129,fedex,TRK697102455,2023-03-31 14:18:31,2023-04-07 14:18:31,5,,18.05,2.81,John,International,10.66 kg,10x7x12,Exception
2388,ORD-856471,USPS,TRK996008959,2023-04-21 04:04:33,2023-04-22 04:04:33,8,,34.63,4.84,Mike,,10.94 lbs,12x19x19,Returned
1786,ORD-972442,fedex,TRK986708175,2023-11-24 21:05:50,2023-12-05 21:05:50,7,,30.86,2.98,chris,NA,8.11 lbs,9x8x13,Exception
1888,ORD-477883,UPS,TRK258996559,2023-11-10 01:44:22,2023-11-22 01:44:22,5,,12.39,3.83,Mary,International,1.43 kg,6x19x18,Lost
358,ORD-808899,FedEx,TRK794786051,2023-06-30 12:05:16,2023-07-04 12:05:16,4,,42.83,1.05,  sam  ,,8.26 lbs,13x14x11,Returned
168,ORD-647194,USPS,TRK874854413,2023-09-05 13:06:20,2023-09-17 13:06:20,8,,30.18,3.87,David,NA,1.85 kg,20x14x14,In Transit
895,ORD-906331,FedEx,TRK611509173,2023-11-06 01:13:45,2023-11-12 01:13:45,9,,14.83,2.62,David,Domestic,2.93 kg,11x19x8,Lost
1730,ORD-317454,fedex,TRK370005386,2023-01-16 12:00:59,2023-01-17 12:00:59,2,,23.67,4.23,  sam  ,NA,16.92 kg,8x8x7,Lost
1689,ORD-656896,fedex,TRK633318873,2023-09-20 22:20:20,2023-10-02 22:20:20,3,,11.03,4.42,Mike,,5.24 lbs,15x7x19,Lost
2336,ORD-356673,UPS,TRK810427922,2023-12-10 07:10:50,2023-12-21 07:10:50,4,,28.34,2.14,chris,NA,8.99 kg,15x9x18,Delivered
1531,ORD-445760,fedex,TRK843176021,2023-03-17 01:25:20,2023-03-18 01:25:20,9,,44.03,2.94,KIM,NA,18.71 kg,19x11x18,Exception
61,ORD-894196,UPS,TRK428048870,2023-08-10 21:49:05,2023-08-22 21:49:05,2,,11.97,1.28,Alex,Domestic,15.47 kg,12x12x11,Delivered
904,ORD-560260,fedex,TRK926804226,2023-06-01 14:03:43,2023-06-05 14:03:43,5,,6.11,4.79,Alex,,6.95 kg,20x6x12,Delivered
1161,ORD-743025,USPS,TRK345612145,2023-07-20 21:30:52,2023-07-22 21:30:52,9,,6.17,2.5,  sam  ,EU,11.32 kg,13x11x6,Delivered
2442,ORD-688739,DHL,TRK745425842,2023-06-23 15:23:23,2023-06-30 15:23:23,4,,23.56,1.56,Sarah,International,8.76 kg,12x5x6,Exception
323,ORD-898269,UPS,TRK945733957,2023-09-16 20:15:17,2023-09-21 20:15:17,7,,42.5,1.54,Jane,,8.07 kg,14x5x19,Returned
627,ORD-155541,ups,TRK960017297,2023-08-16 07:49:03,2023-08-24 07:49:03,3,,12.26,2.62,  sam  ,Domestic,18.02 lbs,11x19x18,In Transit
782,ORD-984412,DHL,TRK503618599,2023-11-22 22:45:37,2023-12-02 22:45:37,2,,21.81,4.76,Sarah,EU,19.4 lbs,8x6x6,Delivered
723,ORD-234431,DHL,TRK613423769,2023-09-20 00:54:42,2023-10-03 00:54:42,6,,12.51,4.05,  sam  ,EU,9.56 lbs,14x20x19,Delivered
1485,ORD-497857,UPS,TRK178078738,2023-04-03 01:50:34,2023-04-14 01:50:34,4,,30.25,4.1,Emily,,17.69 kg,18x14x7,Returned
2036,ORD-272967,UPS,TRK971753172,2023-06-01 04:02:29,2023-06-09 04:02:29,5,,47.35,3.06,,NA,18.46 lbs,14x8x20,Exception
1166,ORD-279457,DHL,TRK512558735,2023-06-13 07:30:07,2023-06-18 07:30:07,3,,5.35,3.16,,,5.64 kg,13x12x14,Exception
682,ORD-646691,DHL,TRK926204005,2023-09-12 11:23:12,2023-09-23 11:23:12,3,,36.34,2.97,Mike,Domestic,15.26 lbs,8x5x5,In Transit
2196,ORD-169962,FedEx,TRK831535067,2023-09-09 08:19:53,2023-09-17 08:19:53,2,,38.53,1.95,Emily,NA,11.16 kg,10x14x14,Lost
829,ORD-122844,FedEx,TRK908092084,2023-06-03 23:51:31,2023-06-12 23:51:31,3,,25.04,2.44,  sam  ,International,15.08 lbs,11x7x14,In Transit
1886,ORD-222345,USPS,TRK509331424,2023-08-12 17:51:49,2023-08-22 17:51:49,4,,26.59,2.14,chris,International,3.46 lbs,18x16x18,Returned
1260,ORD-100478,ups,TRK702567487,2023-08-26 10:01:08,2023-09-07 10:01:08,7,,47.96,2.07,,Domestic,11.99 lbs,5x11x20,Exception
595,ORD-894280,DHL,TRK562649427,2023-08-10 16:44:02,2023-08-11 16:44:02,8,,34.01,2.87,,Domestic,14.45 kg,20x11x7,Delivered
923,ORD-141274,FedEx,TRK372944148,2023-08-19 20:59:05,2023-08-20 20:59:05,2,,9.58,2.58,Emily,NA,14.24 lbs,18x6x20,Exception
1944,ORD-813624,USPS,TRK232358196,2023-04-06 06:52:37,2023-04-07 06:52:37,4,,7.82,1.86,Mike,International,9.18 lbs,6x11x15,Lost
1657,ORD-558407,DHL,TRK508328480,2023-01-03 16:07:11,2023-01-12 16:07:11,9,,29.58,4.11,Jane,EU,12.9 lbs,16x5x13,In Transit
418,ORD-874630,USPS,TRK404950408,2023-02-03 21:43:06,2023-02-05 21:43:06,2,,7.81,2.43,KIM,EU,6.99 kg,8x20x6,Delivered
507,ORD-959594,FedEx,TRK215759350,2023-09-21 14:29:32,2023-09-22 14:29:32,7,,27.23,1.2,Sarah,EU,6.67 lbs,10x20x5,Lost
2351,ORD-756368,USPS,TRK448913810,2023-03-25 00:42:33,2023-04-06 00:42:33,9,,29.24,1.14,,,2.36 lbs,9x7x16,Lost
2354,ORD-968689,DHL,TRK685732683,2023-03-21 13:56:26,2023-03-30 13:56:26,9,,24.6,3.37,Emily,,16.16 kg,12x17x15,Returned
217,ORD-947320,DHL,TRK221592272,2023-05-18 06:15:20,2023-05-24 06:15:20,6,,28.23,1.64,David,Domestic,15.27 kg,17x17x19,Returned
380,ORD-686900,UPS,TRK423027449,2023-07-14 01:33:52,2023-07-27 01:33:52,7,,48.71,2.34,David,NA,2.69 kg,16x11x18,Exception
240,ORD-893651,FedEx,TRK548633005,2023-01-09 14:40:22,2023-01-14 14:40:22,6,,19.8,4.5,Jane,International,18.56 kg,9x18x15,Lost
713,ORD-820548,FedEx,TRK878327812,2023-03-08 01:34:45,2023-03-13 01:34:45,2,,11.41,4.74,Sarah,EU,1.68 kg,19x18x10,Lost
138,ORD-137390,FedEx,TRK550053196,2023-12-23 17:57:38,2023-12-30 17:57:38,5,,19.87,4.56,KIM,,10.03 kg,14x10x15,Returned
890,ORD-763094,ups,TRK757510303,2023-04-28 06:22:35,2023-05-04 06:22:35,5,,43.48,3.53,Jane,EU,11.34 lbs,11x18x8,Returned
2086,ORD-612711,ups,TRK157627865,2023-10-19 06:36:53,2023-10-31 06:36:53,9,,12.6,3.53,John,,15.82 lbs,17x9x6,Delivered
1272,ORD-173436,ups,TRK132209076,2023-09-05 12:30:02,2023-09-17 12:30:02,5,,45.97,2.32,Mike,NA,17.37 lbs,14x12x10,Returned
1099,ORD-932921,DHL,TRK116241440,2023-09-07 10:05:00,2023-09-08 10:05:00,3,,10.32,2.28,Mary,International,1.28 lbs,14x14x9,In Transit
1864,ORD-625792,fedex,TRK191500558,2023-03-26 14:36:27,2023-04-04 14:36:27,2,,31.66,1.28,  sam  ,Domestic,9.18 lbs,8x11x19,Lost
2167,ORD-680358,UPS,TRK817794853,2023-02-05 09:14:23,2023-02-17 09:14:23,9,,43.46,3.5,Jane,Domestic,12.8 kg,17x18x15,In Transit
117,ORD-984415,FedEx,TRK436322271,2023-11-01 07:32:38,2023-11-11 07:32:38,2,,9.88,1.48,Mary,Domestic,19.33 kg,17x18x11,Exception
1333,ORD-789180,FedEx,TRK705176930,2023-01-29 20:59:51,2023-02-11 20:59:51,2,,36.69,1.15,Mary,,7.43 lbs,19x7x6,Delivered
792,ORD-845820,FedEx,TRK381154174,2023-08-20 22:37:05,2023-09-02 22:37:05,5,,21.21,2.49,Jane,NA,8.74 lbs,7x18x13,In Transit
371,ORD-668189,DHL,TRK575726608,2023-08-28 08:07:07,2023-08-29 08:07:07,3,,49.44,3.39,  sam  ,NA,8.01 lbs,10x6x6,In Transit
158,ORD-429205,ups,TRK973456818,2023-04-25 22:48:00,2023-04-26 22:48:00,3,,22.64,2.04,Mary,Domestic,9.69 kg,6x5x11,Returned
1352,ORD-951089,UPS,TRK154636130,2023-12-24 13:40:32,2023-12-26 13:40:32,5,,35.85,2.99,John,NA,0.73 lbs,11x10x12,Exception
1975,ORD-568019,ups,TRK509337097,2023-12-25 10:01:43,2023-12-28 10:01:43,6,,17.69,2.13,Mary,NA,19.16 lbs,10x11x20,Delivered
1651,ORD-671732,fedex,TRK644875072,2023-12-23 05:21:10,2023-12-29 05:21:10,2,,38.68,1.55,Jane,International,14.03 lbs,9x10x10,Exception
1429,ORD-817943,FedEx,TRK606483803,2023-10-07 10:27:59,2023-10-16 10:27:59,3,,12.9,3.69,,Domestic,13.23 kg,7x17x16,Returned
2016,ORD-841511,UPS,TRK769362367,2023-03-16 13:30:08,2023-03-18 13:30:08,4,,33.87,3.41,,International,13.25 kg,17x16x19,Exception
606,ORD-459304,USPS,TRK821166029,2023-05-19 23:43:55,2023-05-26 23:43:55,9,,18.94,2.97,Sarah,Domestic,14.59 lbs,7x11x7,Delivered
760,ORD-495947,fedex,TRK601097859,2023-08-02 18:51:49,2023-08-10 18:51:49,6,,30.62,2.04,Jane,,4.45 kg,14x11x13,Exception
1841,ORD-262791,ups,TRK532197175,2023-12-03 22:46:01,2023-12-06 22:46:01,4,,25.94,2.49,Sarah,Domestic,19.41 lbs,13x7x15,Delivered
1520,ORD-329411,ups,TRK163352360,2023-05-20 06:49:30,2023-05-24 06:49:30,4,,46.52,2.68,Emily,International,8.76 lbs,18x17x13,Delivered
2171,ORD-130878,USPS,TRK732916927,2023-10-22 15:29:46,2023-11-04 15:29:46,4,,19.48,4.8,Jane,,0.85 kg,15x6x19,In Transit
1638,ORD-241196,USPS,TRK108607752,2023-06-03 13:14:49,2023-06-12 13:14:49,6,,30.73,4.87,Alex,NA,1.04 kg,11x10x13,Returned
303,ORD-352702,FedEx,TRK821275743,2023-03-20 12:00:29,2023-03-31 12:00:29,5,,17.3,3.13,John,International,12.59 lbs,15x11x18,Returned
421,ORD-692851,fedex,TRK208977673,2023-09-27 06:30:07,2023-10-07 06:30:07,4,,20.49,4.29,Emily,,15.34 lbs,19x15x10,In Transit
1458,ORD-175234,FedEx,TRK246270271,2023-11-24 10:54:26,2023-11-29 10:54:26,9,,25.96,1.9,Sarah,EU,13.64 lbs,12x5x6,Exception
666,ORD-453663,UPS,TRK145239896,2023-10-09 09:08:56,2023-10-18 09:08:56,7,,19.68,1.3,David,International,1.06 kg,7x20x8,In Transit
752,ORD-366334,ups,TRK323886572,2023-04-14 08:27:21,2023-04-17 08:27:21,7,,12.01,1.62,Mary,Domestic,17.97 lbs,15x6x18,Delivered
629,ORD-133186,USPS,TRK119887453,2023-11-24 04:00:01,2023-11-29 04:00:01,8,,8.22,2.66,  sam  ,Domestic,8.06 kg,18x7x9,Lost
462,ORD-814735,ups,TRK820757284,2023-07-03 18:38:37,2023-07-16 18:38:37,7,,30.61,3.43,Emily,Domestic,7.17 lbs,19x12x18,Lost
2479,ORD-381025,UPS,TRK431338090,2023-01-26 09:28:11,2023-01-30 09:28:11,9,,15.22,2.04,,NA,19.44 lbs,8x5x18,Returned
2144,ORD-242049,UPS,TRK269559834,2023-08-29 00:29:15,2023-09-05 00:29:15,8,,22.21,3.11,Emily,EU,9.25 lbs,12x17x16,Delivered
687,ORD-601553,FedEx,TRK864777197,2023-01-30 02:52:08,2023-01-31 02:52:08,7,,15.75,1.37,Sarah,EU,19.83 lbs,15x8x20,Returned
1726,ORD-126282,USPS,TRK593007428,2023-02-21 15:50:17,2023-02-25 15:50:17,6,,15.44,3.46,Emily,NA,19.03 lbs,6x20x10,Lost
2157,ORD-760382,FedEx,TRK774502693,2023-12-25 02:42:43,2024-01-06 02:42:43,3,,28.97,3.01,chris,NA,15.19 kg,10x19x9,In Transit
2246,ORD-721309,ups,TRK754548607,2023-02-19 08:53:50,2023-02-27 08:53:50,7,,25.82,2.46,,Domestic,11.48 kg,8x20x9,Exception
1612,ORD-549190,fedex,TRK217345178,2023-04-15 14:38:51,2023-04-16 14:38:51,4,,5.28,3.99,chris,NA,15.84 kg,10x9x14,Returned
1597,ORD-851566,USPS,TRK227039190,2023-10-02 06:58:20,2023-10-05 06:58:20,6,,46.18,4.54,  sam  ,,11.35 lbs,5x17x19,Returned
1426,ORD-802151,FedEx,TRK437872757,2023-03-20 21:28:35,2023-03-29 21:28:35,3,,13.2,4.41,Mike,International,7.78 lbs,6x19x9,Lost
1579,ORD-584217,fedex,TRK284252261,2023-08-13 03:07:08,2023-08-24 03:07:08,7,,10.09,3.57,Mike,,7.65 lbs,15x10x18,Lost
884,ORD-321781,UPS,TRK401198795,2023-02-04 01:23:05,2023-02-12 01:23:05,5,,24.96,1.8,chris,,12.23 lbs,12x10x6,Exception
2012,ORD-378248,ups,TRK260060696,2023-04-13 12:38:06,2023-04-19 12:38:06,2,,36.21,2.59,Mary,International,2.28 kg,8x17x5,Lost
550,ORD-920080,fedex,TRK585797787,2023-11-23 00:58:46,2023-12-01 00:58:46,3,,40.7,4.62,Alex,,4.01 lbs,10x7x14,Returned
90,ORD-368054,fedex,TRK292758150,2023-04-16 01:32:41,2023-04-19 01:32:41,9,,17.24,2.76,Alex,,5.17 kg,6x6x9,Exception
1168,ORD-450485,FedEx,TRK623490159,2023-07-08 15:22:47,2023-07-20 15:22:47,6,,48.59,4.64,Mike,,1.66 kg,17x10x13,Delivered
1606,ORD-206123,USPS,TRK764951089,2023-03-26 05:30:42,2023-03-31 05:30:42,7,,29.91,1.37,Alex,,3.62 lbs,14x12x15,Exception
320,ORD-697819,UPS,TRK464526205,2023-06-25 15:07:06,2023-07-06 15:07:06,2,,10.2,1.48,Jane,Domestic,1.96 kg,20x14x18,In Transit
974,ORD-227740,FedEx,TRK816572417,2023-11-23 03:11:50,2023-12-05 03:11:50,5,,9.99,2.72,Mike,,10.68 kg,12x14x11,Exception
422,ORD-793408,fedex,TRK417884147,2023-06-23 22:08:24,2023-06-29 22:08:24,5,,32.01,1.95,,Domestic,14.62 kg,5x11x15,In Transit
611,ORD-950161,ups,TRK292283872,2023-02-06 22:08:30,2023-02-12 22:08:30,3,,49.12,1.21,Mike,NA,10.81 kg,20x19x5,Exception
2001,ORD-236789,UPS,TRK202789458,2023-03-01 12:08:07,2023-03-09 12:08:07,9,,9.23,4.0,  sam  ,International,13.68 kg,20x19x19,Lost
1954,ORD-837737,USPS,TRK288127633,2023-08-05 13:11:08,2023-08-07 13:11:08,4,,41.32,1.71,KIM,,5.9 lbs,14x19x9,Delivered
1581,ORD-889524,ups,TRK836317349,2023-06-13 10:46:21,2023-06-17 10:46:21,9,,5.09,4.19,Jane,EU,17.69 kg,18x15x18,Returned
1828,ORD-790381,USPS,TRK301534136,2023-07-14 03:47:33,2023-07-25 03:47:33,5,,41.05,3.35,KIM,NA,16.13 lbs,8x15x20,Exception
300,ORD-895671,ups,TRK547545316,2023-07-30 10:26:32,2023-08-05 10:26:32,2,,12.6,2.63,John,International,5.14 lbs,6x13x15,Delivered
551,ORD-855193,FedEx,TRK391429448,2023-03-25 22:27:47,2023-04-05 22:27:47,9,,29.1,3.76,Emily,International,6.87 kg,8x5x6,In Transit
1649,ORD-656596,USPS,TRK882873027,2023-11-15 03:26:05,2023-11-19 03:26:05,6,,30.11,4.2,Jane,Domestic,12.62 kg,5x11x17,Delivered
1282,ORD-812521,USPS,TRK300104191,2023-01-13 15:08:17,2023-01-23 15:08:17,6,,16.88,4.29,KIM,,17.69 lbs,12x15x9,Delivered
1600,ORD-149496,USPS,TRK782699190,2023-08-19 17:06:22,2023-08-30 17:06:22,7,,44.58,3.3,KIM,EU,13.5 lbs,15x18x15,Delivered
2102,ORD-352631,UPS,TRK538115361,2023-03-21 14:28:54,2023-03-25 14:28:54,7,,30.2,1.14,Mary,EU,4.37 kg,9x12x16,Lost
840,ORD-167730,FedEx,TRK254414710,2023-01-16 18:27:28,2023-01-17 18:27:28,8,,8.46,4.21,,Domestic,19.97 kg,10x6x13,Lost
1678,ORD-630854,USPS,TRK871643600,2023-01-23 01:47:21,2023-01-26 01:47:21,2,,28.09,2.95,Sarah,Domestic,17.28 lbs,10x19x16,Returned
415,ORD-537728,FedEx,TRK921673804,2023-03-01 15:54:16,2023-03-13 15:54:16,7,,8.8,2.48,Sarah,Domestic,6.93 lbs,17x13x13,Exception
555,ORD-957751,ups,TRK295215762,2023-09-22 19:32:18,2023-10-05 19:32:18,6,,24.85,1.89,John,,1.35 lbs,19x13x10,Exception
1249,ORD-807329,DHL,TRK831451382,2023-07-26 02:13:44,2023-08-05 02:13:44,8,,5.82,1.61,Sarah,International,16.19 lbs,9x5x17,In Transit
1125,ORD-947321,DHL,TRK579495458,2023-12-20 10:38:12,2023-12-31 10:38:12,9,,27.13,3.23,Emily,Domestic,1.7 kg,11x16x9,Delivered
2007,ORD-358117,USPS,TRK195655324,2023-01-09 16:44:36,2023-01-15 16:44:36,4,,12.69,1.76,Alex,EU,7.1 kg,10x10x10,Delivered
2405,ORD-893503,DHL,TRK685872348,2023-05-09 01:17:15,2023-05-10 01:17:15,9,,26.65,4.55,Sarah,Domestic,9.96 lbs,15x16x6,Returned
842,ORD-999663,FedEx,TRK537336031,2023-04-10 00:35:25,2023-04-23 00:35:25,3,,16.74,1.19,John,International,19.86 kg,11x13x6,Lost
619,ORD-301252,fedex,TRK280045199,2023-02-28 02:58:20,2023-03-03 02:58:20,4,,45.16,4.79,KIM,NA,8.62 kg,8x19x18,Lost
1353,ORD-911171,fedex,TRK927675191,2023-11-08 12:11:25,2023-11-13 12:11:25,2,,11.17,4.95,David,NA,15.6 kg,10x17x10,In Transit
947,ORD-361281,ups,TRK412038893,2023-07-28 12:45:39,2023-08-09 12:45:39,9,,10.27,2.78,Alex,NA,5.23 lbs,11x16x17,Lost
135,ORD-820582,UPS,TRK658320311,2023-11-11 14:27:12,2023-11-20 14:27:12,7,,16.99,3.08,,NA,12.22 lbs,14x10x11,Delivered
1086,ORD-495325,FedEx,TRK351202658,2023-11-12 07:59:25,2023-11-14 07:59:25,2,,20.79,2.13,chris,NA,7.48 kg,17x9x6,Lost
471,ORD-646498,DHL,TRK814846717,2023-07-10 06:35:40,2023-07-23 06:35:40,3,,25.35,1.96,  sam  ,EU,7.97 kg,11x7x8,Exception
1252,ORD-347963,fedex,TRK501958063,2023-12-11 18:42:30,2023-12-21 18:42:30,7,,44.84,2.86,,NA,18.69 lbs,5x10x12,Delivered
1627,ORD-921903,FedEx,TRK779451575,2023-08-11 10:46:23,2023-08-15 10:46:23,7,,28.43,4.63,David,,11.08 kg,14x12x5,Returned
1092,ORD-926669,fedex,TRK851096846,2023-02-09 23:03:06,2023-02-21 23:03:06,9,,7.48,3.0,Mike,International,19.76 kg,10x15x7,Returned
901,ORD-253564,DHL,TRK607120779,2023-02-07 18:20:54,2023-02-15 18:20:54,3,,31.83,2.85,Emily,International,8.5 lbs,9x10x6,Exception
2301,ORD-349732,FedEx,TRK467293486,2023-03-24 03:12:02,2023-04-05 03:12:02,5,,13.13,1.61,Emily,EU,11.95 kg,15x9x13,In Transit
1335,ORD-494019,UPS,TRK491962406,2023-08-05 13:55:15,2023-08-12 13:55:15,5,,32.83,3.35,David,International,6.21 kg,18x18x16,In Transit
1529,ORD-182444,UPS,TRK643182277,2023-10-07 13:19:12,2023-10-20 13:19:12,9,,14.72,4.91,Emily,International,6.9 lbs,5x20x6,Returned
2365,ORD-743199,ups,TRK964347438,2023-11-15 14:36:35,2023-11-24 14:36:35,9,,48.26,4.55,John,International,19.98 kg,19x6x8,In Transit
510,ORD-449951,USPS,TRK551532477,2023-01-16 19:04:08,2023-01-23 19:04:08,6,,19.86,2.91,Sarah,NA,14.64 kg,13x16x9,Lost
1719,ORD-629533,UPS,TRK104838201,2023-02-13 02:36:50,2023-02-19 02:36:50,6,,36.71,3.11,KIM,Domestic,13.39 lbs,20x18x11,Delivered
475,ORD-883909,DHL,TRK920721925,2023-06-19 09:55:21,2023-07-02 09:55:21,4,,28.15,4.99,chris,,11.68 lbs,9x9x5,Lost
2121,ORD-777677,fedex,TRK706068159,2023-11-06 16:22:30,2023-11-14 16:22:30,6,,31.86,2.18,David,International,18.68 kg,18x5x8,Lost
977,ORD-583390,ups,TRK670701257,2023-01-06 10:13:02,2023-01-13 10:13:02,3,,5.52,1.94,Alex,NA,1.33 lbs,12x18x14,In Transit
1267,ORD-519996,fedex,TRK239942142,2023-07-14 10:36:00,2023-07-25 10:36:00,4,,14.05,1.64,chris,,19.22 kg,6x16x18,Delivered
2278,ORD-397370,USPS,TRK983653431,2023-09-02 21:42:12,2023-09-03 21:42:12,8,,37.95,2.27,Alex,EU,9.66 kg,16x16x19,Lost
2338,ORD-640270,USPS,TRK693172305,2023-06-09 11:09:00,2023-06-21 11:09:00,7,,31.06,2.57,KIM,NA,9.48 lbs,9x8x12,In Transit
1558,ORD-532528,DHL,TRK816266680,2023-07-20 07:36:38,2023-07-29 07:36:38,4,,6.01,1.38,chris,NA,1.1 lbs,6x14x6,Returned
1115,ORD-467238,UPS,TRK736794583,2023-06-01 19:13:32,2023-06-09 19:13:32,4,,26.72,3.5,Alex,EU,15.19 kg,16x13x7,Exception
409,ORD-408752,UPS,TRK321684935,2023-11-07 18:43:04,2023-11-10 18:43:04,8,,8.4,2.54,chris,EU,7.3 lbs,7x18x7,Returned
282,ORD-712835,FedEx,TRK203413512,2023-01-31 13:13:35,2023-02-04 13:13:35,3,,41.49,4.39,John,,10.4 lbs,9x5x10,In Transit
2117,ORD-382107,ups,TRK987577998,2023-08-27 15:42:46,2023-09-03 15:42:46,4,,6.17,4.18,David,International,15.32 lbs,7x6x13,Lost
2209,ORD-689717,ups,TRK562174909,2023-06-03 20:58:41,2023-06-04 20:58:41,3,,27.22,3.96,Sarah,EU,4.43 lbs,11x19x11,Delivered
750,ORD-253165,ups,TRK844752746,2023-03-26 07:39:12,2023-03-29 07:39:12,3,,42.51,3.86,chris,Domestic,1.16 kg,13x18x8,Delivered
1103,ORD-843950,FedEx,TRK766734357,2023-11-06 00:37:24,2023-11-11 00:37:24,3,,45.87,4.0,  sam  ,NA,7.31 kg,9x17x6,Returned
2138,ORD-820034,FedEx,TRK164462640,2023-01-20 16:32:42,2023-01-23 16:32:42,9,,18.28,4.64,Sarah,International,1.76 kg,15x13x6,Delivered
489,ORD-334118,ups,TRK317842463,2023-09-06 16:22:59,2023-09-14 16:22:59,9,,5.69,1.62,  sam  ,,15.25 kg,17x13x16,Returned
526,ORD-188231,ups,TRK772860330,2023-07-09 21:50:07,2023-07-11 21:50:07,7,,44.15,4.98,Mike,,6.9 lbs,19x17x5,Lost
635,ORD-513880,UPS,TRK986468742,2023-07-27 09:56:06,2023-08-09 09:56:06,9,,42.14,3.88,KIM,Domestic,9.31 kg,15x7x5,Lost
798,ORD-869786,ups,TRK979054675,2023-02-06 05:40:10,2023-02-12 05:40:10,6,,27.57,3.47,Mike,NA,18.06 kg,17x17x6,Exception
1737,ORD-931129,ups,TRK761855745,2023-05-19 22:55:22,2023-05-28 22:55:22,7,,37.16,2.16,Alex,,4.37 lbs,15x8x5,Exception
1499,ORD-792277,FedEx,TRK523098677,2023-10-04 13:52:09,2023-10-14 13:52:09,3,,10.71,3.56,  sam  ,Domestic,2.81 lbs,14x18x18,Exception
797,ORD-125512,FedEx,TRK112983463,2023-01-22 22:49:08,2023-01-31 22:49:08,8,,16.3,1.14,Mary,,14.0 lbs,15x19x7,Returned
1557,ORD-221948,UPS,TRK845201157,2023-12-17 05:52:33,2023-12-30 05:52:33,9,,14.2,1.46,chris,NA,2.98 kg,18x18x6,Delivered
1145,ORD-265113,DHL,TRK785356814,2023-02-06 16:02:33,2023-02-13 16:02:33,8,,17.28,3.21,KIM,Domestic,6.35 kg,9x8x19,Delivered
1947,ORD-624733,FedEx,TRK345727951,2023-03-23 17:29:43,2023-03-27 17:29:43,9,,26.07,3.63,chris,EU,17.94 kg,13x6x9,Returned
399,ORD-818769,fedex,TRK437470053,2023-01-28 15:19:21,2023-02-06 15:19:21,9,,39.94,2.25,Mike,NA,7.33 kg,18x20x16,Exception
2498,ORD-674390,UPS,TRK269702786,2023-09-24 02:50:32,2023-10-07 02:50:32,9,,33.63,3.0,Jane,International,14.33 kg,14x9x5,In Transit
1071,ORD-618914,USPS,TRK295388321,2023-06-19 15:17:43,2023-06-24 15:17:43,8,,37.29,4.71,Mike,EU,17.35 kg,7x5x11,Returned
328,ORD-340281,fedex,TRK332664533,2023-09-16 04:24:13,2023-09-21 04:24:13,2,,49.87,1.21,Mike,Domestic,2.62 lbs,8x10x8,Delivered
2348,ORD-431245,UPS,TRK426272672,2023-10-02 00:41:19,2023-10-06 00:41:19,9,,37.36,1.1,Emily,,0.88 kg,17x17x20,Lost
1901,ORD-573165,fedex,TRK449125881,2023-04-13 23:31:34,2023-04-25 23:31:34,7,,49.1,2.76,  sam  ,NA,2.26 lbs,8x20x17,Returned
167,ORD-325300,UPS,TRK976127110,2023-06-27 00:54:56,2023-07-06 00:54:56,6,,11.55,2.72,chris,International,5.49 lbs,8x7x18,Returned
984,ORD-889181,FedEx,TRK523246806,2023-05-10 13:15:58,2023-05-15 13:15:58,7,,15.31,4.34,John,NA,10.49 lbs,18x19x7,Lost
1919,ORD-175397,USPS,TRK131894589,2023-04-14 16:16:42,2023-04-15 16:16:42,3,,36.24,1.77,  sam  ,EU,17.16 kg,16x15x14,Returned
2278,ORD-397370,USPS,TRK983653431,2023-09-02 21:42:12,2023-09-03 21:42:12,8,,37.95,2.27,Alex,EU,9.66 kg,16x16x19,Lost
2287,ORD-766939,fedex,TRK186865934,2023-08-25 02:39:33,2023-09-02 02:39:33,9,,14.17,1.23,  sam  ,International,7.45 lbs,14x6x18,Lost
1788,ORD-334872,USPS,TRK164433401,2023-03-18 07:38:19,2023-03-31 07:38:19,5,,38.09,1.95,  sam  ,Domestic,18.68 kg,20x5x12,Lost
859,ORD-430140,FedEx,TRK971816931,2023-04-22 01:25:37,2023-04-24 01:25:37,9,,7.06,3.75,Jane,EU,18.84 lbs,19x11x8,Delivered
887,ORD-479848,fedex,TRK268090585,2023-12-03 04:30:33,2023-12-12 04:30:33,9,,8.53,1.53,Emily,,19.33 kg,11x18x20,Returned
896,ORD-543190,UPS,TRK557848847,2023-01-26 06:51:29,2023-02-06 06:51:29,9,,15.3,4.03,,NA,19.13 kg,7x17x6,Exception
340,ORD-593337,fedex,TRK532607542,2023-01-28 07:39:11,2023-01-30 07:39:11,6,,9.23,1.02,chris,NA,11.75 lbs,20x10x5,Lost
835,ORD-476338,FedEx,TRK160935626,2023-05-12 01:21:04,2023-05-18 01:21:04,9,,34.37,4.33,chris,Domestic,5.82 lbs,20x19x13,Exception
906,ORD-815925,USPS,TRK206164399,2023-12-20 11:54:46,2024-01-01 11:54:46,9,,9.8,3.82,Mike,Domestic,0.7 lbs,10x12x20,Returned
182,ORD-969604,DHL,TRK305916000,2023-07-30 13:34:14,2023-08-06 13:34:14,5,,27.0,4.81,John,NA,10.26 lbs,18x12x16,Returned
1637,ORD-687986,FedEx,TRK998193007,2023-11-06 01:09:18,2023-11-10 01:09:18,9,,26.04,2.99,Emily,,3.6 lbs,19x5x16,Delivered
2039,ORD-911921,DHL,TRK510657994,2023-02-21 10:12:11,2023-03-03 10:12:11,4,,33.7,2.83,chris,Domestic,3.03 kg,10x6x19,In Transit
847,ORD-436091,ups,TRK746559821,2023-06-28 13:01:00,2023-07-11 13:01:00,2,,32.52,2.03,Jane,Domestic,5.76 kg,20x11x20,Returned
2360,ORD-789439,fedex,TRK500731610,2023-08-09 13:16:17,2023-08-12 13:16:17,9,,8.71,2.69,chris,Domestic,13.74 lbs,12x14x8,In Transit
1417,ORD-105989,fedex,TRK448354287,2023-12-15 07:39:35,2023-12-25 07:39:35,2,,49.83,4.31,KIM,EU,18.2 lbs,17x17x15,Exception
175,ORD-447330,USPS,TRK190279189,2023-03-10 22:30:26,2023-03-22 22:30:26,8,,31.68,2.15,Emily,,5.59 kg,6x20x11,In Transit
961,ORD-370342,DHL,TRK890389481,2023-08-03 20:26:08,2023-08-04 20:26:08,6,,43.35,1.48,John,,18.69 lbs,5x8x15,In Transit
2220,ORD-253989,fedex,TRK262861992,2023-12-06 18:58:27,2023-12-13 18:58:27,2,,20.92,2.78,Jane,International,19.91 kg,15x9x18,Lost
290,ORD-731267,UPS,TRK216913597,2023-11-20 13:34:57,2023-11-29 13:34:57,3,,5.43,1.15,Jane,EU,4.69 lbs,16x16x9,Returned
313,ORD-443865,fedex,TRK692157081,2023-07-12 17:29:43,2023-07-24 17:29:43,8,,26.34,3.81,  sam  ,NA,13.18 lbs,12x9x15,In Transit
66,ORD-227966,UPS,TRK120411468,2023-10-03 14:40:48,2023-10-14 14:40:48,7,,22.71,2.4,chris,Domestic,18.19 kg,13x15x20,Lost
1315,ORD-586216,FedEx,TRK641024034,2023-03-31 09:27:53,2023-04-02 09:27:53,5,,6.55,2.17,Mike,International,9.39 kg,8x10x13,In Transit
327,ORD-107135,FedEx,TRK164901797,2023-03-02 22:53:11,2023-03-04 22:53:11,7,,48.62,2.98,Mary,EU,7.24 lbs,18x16x8,Returned
1253,ORD-973092,UPS,TRK554880484,2023-09-30 10:49:39,2023-10-03 10:49:39,5,,48.18,2.23,Jane,NA,12.82 kg,18x11x12,Returned
1214,ORD-466144,USPS,TRK545028369,2023-06-09 16:08:48,2023-06-22 16:08:48,8,,45.96,3.63,Mike,,12.91 lbs,6x6x15,In Transit
2335,ORD-267437,DHL,TRK198016178,2023-12-03 04:58:01,2023-12-06 04:58:01,5,,46.75,2.13,Sarah,International,7.2 lbs,16x20x9,Lost
1687,ORD-461898,ups,TRK594008592,2023-02-06 00:14:19,2023-02-17 00:14:19,8,,41.48,1.85,,Domestic,15.14 lbs,9x18x8,Lost
1666,ORD-363538,ups,TRK792072273,2024-01-03 09:38:16,2024-01-06 09:38:16,3,,46.81,1.14,Mary,,1.2 lbs,16x12x19,Returned
1760,ORD-551316,fedex,TRK819788132,2023-04-21 05:23:17,2023-05-02 05:23:17,8,,44.51,2.2,John,NA,9.32 lbs,16x7x20,In Transit
1769,ORD-152100,ups,TRK474879025,2023-06-29 06:50:47,2023-07-12 06:50:47,2,,33.2,1.16,,Domestic,14.43 lbs,10x14x20,In Transit
467,ORD-774461,UPS,TRK748731236,2023-01-17 15:21:10,2023-01-26 15:21:10,2,,25.62,2.26,,Domestic,7.23 kg,17x17x8,Exception
185,ORD-330918,FedEx,TRK259516776,2023-12-04 06:55:28,2023-12-09 06:55:28,2,,46.68,4.29,Mary,,2.43 lbs,7x10x9,Returned
1590,ORD-431758,USPS,TRK734559821,2023-07-30 19:27:13,2023-08-06 19:27:13,2,,33.98,2.62,John,Domestic,5.89 lbs,20x15x13,Exception
1727,ORD-540871,FedEx,TRK721680018,2023-07-04 22:20:01,2023-07-15 22:20:01,6,,13.99,1.84,Emily,Domestic,18.73 kg,13x14x20,Lost
160,ORD-579430,DHL,TRK588812202,2023-01-13 01:45:40,2023-01-25 01:45:40,7,,34.33,2.76,  sam  ,,14.27 lbs,8x5x14,Returned
2495,ORD-589249,USPS,TRK745220724,2023-07-20 03:06:19,2023-07-21 03:06:19,9,,23.12,2.94,chris,EU,19.11 kg,9x14x12,Returned
816,ORD-220185,fedex,TRK807058940,2023-09-13 21:00:13,2023-09-14 21:00:13,3,,8.89,4.45,John,Domestic,18.59 kg,10x10x6,Delivered
1122,ORD-485828,USPS,TRK664933625,2023-11-14 01:49:28,2023-11-21 01:49:28,6,,27.74,3.45,,,10.97 lbs,13x20x13,Delivered
1266,ORD-881046,UPS,TRK548999330,2023-09-17 14:56:48,2023-09-23 14:56:48,8,,12.66,3.56,Alex,NA,8.42 lbs,10x20x7,Returned
1800,ORD-538908,FedEx,TRK887332785,2023-03-26 20:30:55,2023-04-05 20:30:55,7,,24.62,1.92,  sam  ,NA,4.03 kg,14x20x16,In Transit
2061,ORD-782839,UPS,TRK957669186,2023-02-26 14:23:24,2023-03-05 14:23:24,7,,47.42,3.34,Mike,NA,7.41 lbs,5x11x11,Lost
1751,ORD-158795,USPS,TRK979811807,2023-02-24 09:00:07,2023-02-28 09:00:07,4,,26.03,3.1,  sam  ,Domestic,0.94 kg,15x19x7,Returned
2081,ORD-739367,USPS,TRK889469228,2023-06-27 23:27:05,2023-07-03 23:27:05,2,,46.53,1.71,chris,,8.1 kg,7x15x10,Returned
1309,ORD-401591,UPS,TRK226843860,2023-09-29 03:48:05,2023-10-10 03:48:05,2,,5.9,3.53,Alex,NA,1.35 lbs,14x16x9,Exception
830,ORD-826346,USPS,TRK216412622,2023-08-11 12:05:09,2023-08-23 12:05:09,3,,17.73,3.65,chris,Domestic,10.5 lbs,5x14x16,Lost
1798,ORD-535388,DHL,TRK269943893,2023-02-16 13:34:00,2023-02-19 13:34:00,7,,27.42,3.73,Mary,International,12.1 kg,17x11x7,Returned
1185,ORD-506534,fedex,TRK653066084,2023-05-28 00:12:34,2023-05-29 00:12:34,7,,12.54,3.21,Sarah,EU,8.77 kg,16x17x9,Returned
2212,ORD-410430,fedex,TRK143341842,2023-12-26 08:57:21,2023-12-29 08:57:21,9,,35.71,1.45,Jane,Domestic,10.49 kg,11x11x16,Exception
37,ORD-613818,ups,TRK924551159,2023-11-02 08:08:21,2023-11-04 08:08:21,3,,8.2,3.39,Sarah,EU,7.47 lbs,9x13x9,Lost
1234,ORD-907511,fedex,TRK889028175,2023-06-18 02:30:42,2023-06-20 02:30:42,5,,5.2,2.88,KIM,Domestic,15.29 lbs,9x10x13,Lost
259,ORD-625831,UPS,TRK967661186,2023-03-16 17:35:45,2023-03-26 17:35:45,3,,41.59,4.52,Jane,EU,5.51 lbs,6x15x5,Returned
42,ORD-595592,DHL,TRK641999564,2023-10-01 07:46:02,2023-10-06 07:46:02,7,,36.54,3.24,  sam  ,International,14.2 lbs,17x18x12,Returned
352,ORD-322546,UPS,TRK618782424,2023-02-05 22:52:47,2023-02-14 22:52:47,9,,5.43,1.2,Emily,NA,8.22 kg,20x18x7,Exception
1611,ORD-210763,ups,TRK375201733,2023-11-06 18:36:11,2023-11-12 18:36:11,3,,28.46,1.25,Sarah,,19.64 lbs,12x10x11,Returned
1968,ORD-732152,ups,TRK642507740,2023-04-20 02:27:36,2023-05-02 02:27:36,8,,46.91,4.7,Mike,Domestic,12.41 kg,11x13x13,In Transit
1156,ORD-825365,fedex,TRK797261959,2023-04-03 06:36:49,2023-04-08 06:36:49,6,,29.05,1.04,Alex,Domestic,8.4 lbs,14x16x14,Lost
2109,ORD-111009,UPS,TRK861608184,2023-10-13 01:58:58,2023-10-22 01:58:58,9,,14.39,4.83,Mike,NA,18.08 kg,18x9x18,Delivered
2234,ORD-616934,USPS,TRK449183796,2023-05-07 05:33:21,2023-05-14 05:33:21,5,,7.1,1.23,  sam  ,,2.87 lbs,17x20x6,In Transit
822,ORD-901557,UPS,TRK163848557,2023-03-31 08:18:11,2023-04-08 08:18:11,7,,32.53,1.72,Jane,EU,16.93 lbs,6x5x10,Exception
774,ORD-527669,DHL,TRK881392055,2023-10-24 21:44:14,2023-11-03 21:44:14,3,,36.78,1.04,Jane,Domestic,11.55 kg,13x6x8,Delivered
589,ORD-915036,DHL,TRK786532622,2023-05-02 03:04:45,2023-05-03 03:04:45,2,,15.77,4.07,John,,18.45 lbs,13x18x14,Returned
1280,ORD-451540,USPS,TRK563886218,2023-03-05 01:47:20,2023-03-16 01:47:20,2,,49.67,2.07,KIM,,11.18 kg,13x15x14,In Transit
2308,ORD-681566,UPS,TRK542893320,2023-07-05 08:35:40,2023-07-14 08:35:40,2,,31.59,2.45,Mary,NA,17.97 lbs,17x9x13,Exception
102,ORD-696291,fedex,TRK303313840,2023-10-11 23:10:20,2023-10-21 23:10:20,2,,44.36,1.58,Jane,International,13.96 kg,18x12x7,In Transit
871,ORD-186180,UPS,TRK916727496,2023-08-15 02:13:38,2023-08-17 02:13:38,5,,40.89,3.55,chris,,10.91 lbs,5x10x9,In Transit
360,ORD-184867,UPS,TRK681413089,2023-05-15 06:46:39,2023-05-19 06:46:39,7,,43.72,3.17,Mike,Domestic,14.1 lbs,19x11x6,Returned
2141,ORD-124368,DHL,TRK810193229,2023-04-30 23:39:36,2023-05-09 23:39:36,7,,7.75,3.08,chris,,2.95 lbs,15x18x10,In Transit
1501,ORD-252257,USPS,TRK969839734,2023-11-12 09:36:59,2023-11-25 09:36:59,5,,26.35,4.26,Emily,Domestic,17.6 lbs,20x9x8,Lost
1762,ORD-754968,DHL,TRK852724754,2023-11-13 05:39:25,2023-11-23 05:39:25,8,,21.31,3.48,Jane,Domestic,12.21 kg,13x13x6,Delivered
2274,ORD-246933,fedex,TRK929525092,2023-05-05 17:46:59,2023-05-13 17:46:59,4,,10.58,1.07,chris,International,10.1 kg,11x19x17,Delivered
1685,ORD-308437,fedex,TRK961167055,2023-10-18 19:44:49,2023-10-20 19:44:49,4,,49.03,4.34,KIM,EU,19.74 lbs,5x9x12,Returned
2333,ORD-539874,UPS,TRK358404902,2023-07-31 10:57:14,2023-08-03 10:57:14,9,,30.09,2.96,KIM,Domestic,11.92 kg,7x10x10,Returned
453,ORD-723532,UPS,TRK443617984,2023-05-16 05:05:53,2023-05-18 05:05:53,9,,18.76,2.58,John,Domestic,18.44 lbs,20x9x10,Exception
2408,ORD-629742,fedex,TRK941569938,2023-10-22 11:15:34,2023-10-31 11:15:34,2,,37.03,2.01,  sam  ,International,7.92 lbs,17x8x14,Returned
1199,ORD-525557,FedEx,TRK455199560,2023-06-28 04:56:09,2023-07-02 04:56:09,9,,30.94,3.11,Mary,Domestic,3.32 kg,6x6x10,In Transit
2242,ORD-914542,UPS,TRK511147326,2023-08-15 02:38:19,2023-08-21 02:38:19,3,,5.41,1.02,KIM,Domestic,7.09 kg,9x19x10,Returned
2374,ORD-599074,ups,TRK129337057,2023-10-27 11:41:57,2023-11-07 11:41:57,2,,45.54,3.09,chris,International,7.94 kg,18x12x16,In Transit
1482,ORD-591211,DHL,TRK941006254,2023-12-12 10:36:38,2023-12-18 10:36:38,2,,9.64,4.37,John,Domestic,17.27 kg,15x17x16,In Transit
1254,ORD-127765,UPS,TRK935087521,2023-12-19 20:42:27,2023-12-29 20:42:27,2,,15.17,2.88,chris,International,2.51 lbs,17x19x17,Delivered
1953,ORD-796861,FedEx,TRK867726263,2023-08-21 16:11:57,2023-08-27 16:11:57,5,,19.97,1.91,John,Domestic,13.24 kg,17x6x14,Exception
855,ORD-857537,DHL,TRK704752129,2023-04-10 21:37:03,2023-04-16 21:37:03,3,,16.29,2.99,Jane,Domestic,3.43 kg,14x20x6,Returned
2192,ORD-994455,USPS,TRK601463653,2023-02-19 00:33:46,2023-02-24 00:33:46,8,,49.75,1.8,Alex,Domestic,14.25 lbs,20x6x12,Exception
708,ORD-772327,fedex,TRK248241026,2023-08-13 20:22:10,2023-08-15 20:22:10,5,,9.17,3.81,John,International,1.97 lbs,7x16x17,Exception
1348,ORD-776451,fedex,TRK101487247,2023-01-31 04:46:07,2023-02-11 04:46:07,7,,7.27,2.95,David,Domestic,17.92 lbs,16x9x8,Lost
1358,ORD-109978,ups,TRK389073626,2023-08-16 17:00:22,2023-08-26 17:00:22,9,,33.13,4.41,John,,19.31 kg,10x5x16,In Transit
1935,ORD-442107,ups,TRK335947152,2023-05-13 22:52:23,2023-05-17 22:52:23,8,,17.0,3.59,Sarah,Domestic,9.84 lbs,7x18x8,In Transit
1396,ORD-333077,ups,TRK393982447,2023-10-14 11:42:59,2023-10-17 11:42:59,4,,46.7,2.31,KIM,EU,14.26 lbs,18x13x8,Returned
1731,ORD-566809,DHL,TRK785747531,2023-04-06 08:05:42,2023-04-19 08:05:42,5,,23.63,4.05,,EU,12.6 kg,17x15x5,Exception
252,ORD-577709,USPS,TRK695704817,2023-04-26 02:54:42,2023-04-30 02:54:42,9,,32.72,3.03,chris,NA,4.51 lbs,8x6x20,Exception
283,ORD-305260,ups,TRK878871124,2024-01-03 04:30:11,2024-01-05 04:30:11,8,,29.1,2.13,Emily,,19.11 kg,14x16x18,Returned
1436,ORD-325975,DHL,TRK465888938,2023-04-15 16:32:35,2023-04-28 16:32:35,3,,37.45,2.21,Emily,,18.16 kg,6x12x16,In Transit
1273,ORD-434062,USPS,TRK486469865,2023-02-15 23:45:37,2023-02-22 23:45:37,9,,45.49,3.25,Alex,NA,4.04 kg,5x20x8,In Transit
1755,ORD-742398,fedex,TRK802344868,2023-09-21 12:25:11,2023-09-29 12:25:11,8,,39.44,3.16,Mary,,19.35 kg,11x11x8,Lost
1556,ORD-368658,DHL,TRK110641691,2023-09-12 14:37:41,2023-09-15 14:37:41,8,,18.38,4.42,Sarah,Domestic,12.18 lbs,9x12x19,Delivered
881,ORD-226585,ups,TRK170215331,2023-12-12 03:56:26,2023-12-23 03:56:26,8,,36.06,4.98,KIM,Domestic,19.3 kg,19x18x7,Delivered
2014,ORD-751405,FedEx,TRK979342109,2023-06-13 22:17:22,2023-06-26 22:17:22,7,,47.2,1.54,Alex,,7.28 kg,5x7x10,Returned
1431,ORD-142129,USPS,TRK840407438,2023-10-27 18:39:51,2023-11-06 18:39:51,2,,16.79,3.32,KIM,EU,18.48 kg,18x8x20,Delivered
2024,ORD-399867,fedex,TRK223095910,2023-10-30 14:02:15,2023-10-31 14:02:15,6,,39.85,1.15,John,,11.79 kg,5x20x12,Delivered
1245,ORD-502629,FedEx,TRK844815306,2023-01-26 15:39:49,2023-02-02 15:39:49,3,,29.0,2.82,  sam  ,Domestic,3.01 lbs,9x16x9,Delivered
1386,ORD-345503,UPS,TRK551047452,2023-12-24 10:10:09,2024-01-01 10:10:09,4,,27.48,1.25,,,2.16 kg,18x6x20,Returned
1456,ORD-158405,ups,TRK586617684,2023-10-17 20:39:46,2023-10-19 20:39:46,3,,7.49,4.03,Mary,,18.9 kg,15x17x11,Delivered
1834,ORD-702545,FedEx,TRK684530113,2023-11-04 14:01:28,2023-11-13 14:01:28,3,,39.73,1.73,Jane,Domestic,18.29 lbs,9x9x10,Lost
495,ORD-253240,DHL,TRK400246907,2023-04-14 06:53:43,2023-04-21 06:53:43,2,,19.79,4.68,Sarah,NA,5.4 lbs,19x18x11,Returned
38,ORD-559473,DHL,TRK615520331,2023-08-06 22:55:57,2023-08-15 22:55:57,2,,24.28,1.47,,International,17.49 kg,12x19x9,Lost
1287,ORD-784066,DHL,TRK404942356,2023-03-10 12:52:57,2023-03-19 12:52:57,4,,11.29,3.9,Jane,,4.84 kg,19x7x5,Lost
511,ORD-206808,FedEx,TRK696876210,2023-03-26 04:18:02,2023-04-08 04:18:02,5,,18.21,3.42,David,Domestic,12.48 lbs,13x12x7,Exception
2248,ORD-210681,fedex,TRK380954244,2023-10-29 04:21:14,2023-11-04 04:21:14,6,,13.26,3.4,chris,Domestic,15.81 lbs,10x6x11,Lost
2187,ORD-991882,DHL,TRK668902686,2023-12-06 17:37:02,2023-12-19 17:37:02,2,,20.47,4.51,David,Domestic,1.11 lbs,11x5x19,In Transit
147,ORD-365540,FedEx,TRK486952358,2023-11-08 00:59:59,2023-11-16 00:59:59,4,,11.97,3.48,Mike,NA,2.04 lbs,12x6x9,Delivered
1742,ORD-929553,DHL,TRK121027491,2023-09-17 08:19:35,2023-09-30 08:19:35,9,,8.94,1.86,Alex,International,3.6 lbs,13x10x19,Lost
29,ORD-873211,UPS,TRK315404499,2023-04-17 07:21:14,2023-04-20 07:21:14,8,,24.22,2.3,,EU,7.41 lbs,19x14x8,Lost
796,ORD-660668,USPS,TRK638012579,2023-06-10 19:53:02,2023-06-17 19:53:02,5,,40.15,1.95,,Domestic,9.54 lbs,15x20x7,In Transit
82,ORD-303740,DHL,TRK903870241,2023-01-21 23:37:45,2023-01-22 23:37:45,3,,39.04,1.2,Jane,International,9.65 lbs,14x6x10,In Transit
2421,ORD-799733,fedex,TRK651875729,2023-01-10 10:48:53,2023-01-18 10:48:53,2,,38.18,2.08,,EU,2.04 kg,13x19x10,In Transit
17,ORD-512582,UPS,TRK963243430,2023-06-24 10:35:25,2023-07-04 10:35:25,8,,45.86,2.32,Alex,EU,18.68 lbs,14x12x6,In Transit
85,ORD-332222,UPS,TRK622328950,2023-09-07 06:34:57,2023-09-16 06:34:57,7,,41.02,4.58,Mike,,4.95 kg,11x10x15,In Transit
1651,ORD-671732,fedex,TRK644875072,2023-12-23 05:21:10,2023-12-29 05:21:10,2,,38.68,1.55,Jane,International,14.03 lbs,9x10x10,Exception
2213,ORD-874832,DHL,TRK945841280,2023-05-04 15:12:05,2023-05-17 15:12:05,8,,16.9,2.12,David,EU,18.65 lbs,15x15x20,Returned
872,ORD-770475,fedex,TRK161361720,2023-06-22 07:36:10,2023-06-28 07:36:10,9,,11.3,1.03,Mary,Domestic,8.27 kg,19x19x18,Exception
873,ORD-953819,USPS,TRK288000240,2023-05-05 17:32:20,2023-05-16 17:32:20,6,,36.46,3.78,Mary,,15.62 kg,17x7x18,In Transit
384,ORD-946664,UPS,TRK925019185,2023-07-28 20:38:14,2023-07-31 20:38:14,5,,47.43,3.54,,EU,15.62 lbs,13x12x11,Returned
937,ORD-325084,USPS,TRK143037021,2023-07-30 22:23:42,2023-08-05 22:23:42,7,,40.66,4.06,Mike,,4.6 lbs,17x15x6,In Transit
1492,ORD-241752,FedEx,TRK391433209,2023-01-12 04:11:35,2023-01-23 04:11:35,4,,28.84,3.22,Mike,Domestic,6.26 lbs,6x16x11,Exception
909,ORD-670195,UPS,TRK522119831,2023-03-12 01:08:18,2023-03-13 01:08:18,4,,9.24,4.95,KIM,EU,19.36 lbs,17x17x10,Returned
1217,ORD-330593,DHL,TRK758799216,2023-08-27 13:07:05,2023-08-29 13:07:05,4,,22.86,1.19,Mike,,4.4 kg,10x14x18,In Transit
688,ORD-735484,USPS,TRK570013366,2023-12-04 22:03:40,2023-12-17 22:03:40,8,,16.27,1.09,  sam  ,Domestic,10.41 kg,19x8x12,In Transit
1363,ORD-592749,FedEx,TRK684250526,2023-09-05 03:26:39,2023-09-17 03:26:39,7,,39.1,1.94,John,Domestic,5.61 kg,11x16x10,Delivered
2277,ORD-142988,fedex,TRK506912627,2023-02-26 16:09:58,2023-03-03 16:09:58,6,,11.44,2.13,KIM,Domestic,1.26 kg,5x5x18,In Transit
262,ORD-187666,UPS,TRK455689930,2023-06-19 12:11:46,2023-06-27 12:11:46,6,,10.29,1.86,Mike,Domestic,17.46 lbs,9x10x9,Returned
191,ORD-681768,USPS,TRK649644903,2023-10-09 18:34:42,2023-10-10 18:34:42,9,,13.15,1.25,KIM,,5.9 lbs,9x18x14,Lost
355,ORD-367124,USPS,TRK707343368,2023-09-10 23:05:39,2023-09-14 23:05:39,5,,16.29,4.72,Mary,Domestic,16.34 kg,12x20x7,In Transit
112,ORD-565824,UPS,TRK220830839,2023-11-23 08:28:31,2023-11-28 08:28:31,4,,48.66,2.68,KIM,International,10.94 lbs,15x5x7,Returned
2340,ORD-738463,UPS,TRK936275046,2023-04-15 21:02:28,2023-04-21 21:02:28,9,,29.25,2.93,John,EU,9.72 kg,9x6x12,In Transit
535,ORD-802704,DHL,TRK344771325,2023-10-03 03:19:35,2023-10-05 03:19:35,6,,14.42,3.17,Jane,Domestic,19.34 kg,5x19x9,Exception
883,ORD-489314,ups,TRK494104231,2023-06-15 01:08:06,2023-06-23 01:08:06,8,,33.09,1.98,Emily,EU,9.87 lbs,5x7x17,In Transit
1931,ORD-478949,UPS,TRK976345437,2023-09-16 19:21:41,2023-09-19 19:21:41,9,,33.96,3.3,  sam  ,EU,6.07 kg,5x19x14,Returned
1107,ORD-446290,ups,TRK277460639,2023-04-05 12:16:26,2023-04-14 12:16:26,7,,7.58,3.76,Alex,NA,14.56 kg,10x11x7,Lost
1157,ORD-221491,FedEx,TRK368202450,2023-06-23 12:30:48,2023-06-24 12:30:48,6,,10.25,3.31,Mike,International,6.73 lbs,15x19x14,Returned
2464,ORD-514519,FedEx,TRK858232059,2023-08-31 03:14:47,2023-09-13 03:14:47,5,,16.47,1.12,Mary,Domestic,13.32 lbs,9x17x13,Lost
308,ORD-329808,fedex,TRK657995040,2023-05-01 19:53:53,2023-05-02 19:53:53,5,,11.12,2.84,KIM,EU,11.66 kg,20x16x11,Lost
1701,ORD-329388,UPS,TRK228848841,2023-08-19 10:00:12,2023-08-30 10:00:12,6,,14.08,1.7,Sarah,EU,0.67 kg,8x20x6,Delivered
171,ORD-316057,DHL,TRK639923845,2023-09-10 05:04:09,2023-09-18 05:04:09,5,,29.05,3.86,John,NA,2.24 kg,11x8x17,Returned
600,ORD-232595,fedex,TRK621384237,2023-11-08 16:24:50,2023-11-16 16:24:50,6,,25.91,3.37,Alex,International,5.71 lbs,9x5x19,In Transit
1455,ORD-811836,fedex,TRK976039720,2023-02-27 13:40:46,2023-03-09 13:40:46,6,,13.51,4.94,Emily,,2.42 lbs,14x15x18,Delivered
292,ORD-986536,USPS,TRK238497710,2023-09-10 11:41:33,2023-09-20 11:41:33,9,,44.76,3.73,Sarah,,13.23 lbs,18x5x18,Returned
2256,ORD-184800,USPS,TRK529091785,2023-07-31 11:15:12,2023-08-06 11:15:12,2,,9.61,1.47,KIM,NA,4.2 kg,10x20x11,Lost
1360,ORD-305551,fedex,TRK960738440,2023-11-17 20:22:42,2023-11-29 20:22:42,7,,49.65,3.4,Jane,NA,13.12 kg,13x9x6,In Transit
2199,ORD-555698,ups,TRK296296665,2023-04-19 11:22:44,2023-04-24 11:22:44,9,,10.34,2.26,  sam  ,International,11.96 lbs,14x16x15,Lost
693,ORD-181072,DHL,TRK699841848,2023-12-03 03:13:19,2023-12-16 03:13:19,4,,40.22,3.75,KIM,International,8.93 lbs,5x7x12,Lost
1146,ORD-625286,fedex,TRK414253767,2023-01-29 09:20:55,2023-01-31 09:20:55,6,,14.93,2.67,chris,Domestic,10.95 lbs,20x12x18,Exception
638,ORD-345611,FedEx,TRK391316278,2023-03-29 21:33:47,2023-04-07 21:33:47,6,,32.79,2.52,Jane,EU,7.84 lbs,15x13x13,In Transit
1076,ORD-946470,USPS,TRK509973885,2023-06-22 18:21:31,2023-07-02 18:21:31,6,,38.66,3.72,,,5.16 lbs,11x20x17,In Transit
1714,ORD-482025,UPS,TRK347776718,2023-02-21 01:12:18,2023-02-25 01:12:18,7,,13.58,3.4,chris,Domestic,14.79 kg,7x7x15,Returned
1123,ORD-242278,USPS,TRK464262741,2023-12-21 20:52:45,2024-01-02 20:52:45,7,,12.79,1.18,John,Domestic,8.24 kg,19x5x14,Returned
1395,ORD-394285,fedex,TRK882164651,2023-10-28 18:28:10,2023-11-09 18:28:10,6,,29.65,3.74,Mary,NA,10.41 kg,14x9x7,Lost
403,ORD-115467,DHL,TRK999052719,2023-09-18 06:22:41,2023-09-22 06:22:41,7,,32.23,1.32,,NA,6.77 kg,12x6x16,Delivered
211,ORD-379011,UPS,TRK528627651,2023-11-24 06:12:30,2023-11-25 06:12:30,6,,17.35,3.94,,EU,2.38 lbs,17x12x9,Delivered
878,ORD-456657,ups,TRK114080180,2023-09-03 22:10:20,2023-09-13 22:10:20,9,,33.19,2.64,John,NA,8.8 lbs,5x19x18,In Transit
1374,ORD-647845,fedex,TRK751547110,2023-01-16 01:50:23,2023-01-22 01:50:23,7,,27.15,3.81,Jane,International,13.95 kg,12x19x13,Lost
667,ORD-103025,UPS,TRK704129489,2024-01-02 16:37:21,2024-01-12 16:37:21,8,,16.82,3.3,Emily,,0.69 lbs,10x20x10,Returned
394,ORD-901953,fedex,TRK416948747,2023-11-15 06:22:52,2023-11-20 06:22:52,4,,7.13,1.09,Alex,,11.66 kg,6x16x17,In Transit
1949,ORD-845407,fedex,TRK733545886,2023-06-06 01:40:55,2023-06-18 01:40:55,6,,8.5,4.49,Jane,NA,16.49 kg,16x6x16,Lost
1088,ORD-198523,fedex,TRK284708196,2023-03-13 17:39:00,2023-03-19 17:39:00,3,,21.85,3.35,Mary,,17.52 lbs,7x17x20,Lost
1307,ORD-817271,USPS,TRK550863279,2023-06-09 01:56:31,2023-06-17 01:56:31,5,,21.9,3.1,John,,12.08 lbs,19x13x13,Delivered
1683,ORD-107384,fedex,TRK147458090,2023-02-07 06:27:21,2023-02-08 06:27:21,3,,46.49,1.81,David,NA,7.56 lbs,7x8x11,In Transit
2366,ORD-447366,ups,TRK822814721,2023-01-19 09:46:30,2023-01-25 09:46:30,2,,35.87,2.05,Mary,,3.91 kg,9x18x8,Returned
1857,ORD-596140,UPS,TRK834380027,2023-01-16 07:31:41,2023-01-29 07:31:41,6,,15.51,4.16,Mike,Domestic,4.79 lbs,18x8x16,Lost
1534,ORD-467943,UPS,TRK520636584,2023-02-11 02:08:33,2023-02-15 02:08:33,4,,5.94,2.61,Emily,EU,5.81 kg,10x8x7,Delivered
2100,ORD-521306,FedEx,TRK468827715,2023-10-09 21:23:18,2023-10-11 21:23:18,2,,32.76,3.45,chris,EU,11.3 kg,10x11x6,In Transit
613,ORD-790454,UPS,TRK703863342,2023-07-23 14:09:26,2023-08-02 14:09:26,6,,30.32,2.66,Jane,NA,4.32 lbs,15x14x11,Returned
2371,ORD-968638,ups,TRK858653157,2023-02-05 15:01:21,2023-02-10 15:01:21,2,,40.69,2.87,Sarah,EU,12.69 lbs,18x5x14,In Transit
1962,ORD-840014,DHL,TRK327317928,2023-08-08 09:19:57,2023-08-19 09:19:57,6,,32.9,4.3,Sarah,NA,1.36 lbs,19x20x9,Delivered
2034,ORD-224020,DHL,TRK410756941,2023-06-04 21:52:46,2023-06-11 21:52:46,4,,48.49,3.08,Emily,,16.26 lbs,20x5x8,Exception
120,ORD-568495,FedEx,TRK380178481,2023-10-02 21:02:28,2023-10-09 21:02:28,5,,5.43,2.71,Emily,,18.88 lbs,8x5x20,Returned
1928,ORD-448398,UPS,TRK970419056,2023-03-15 12:45:19,2023-03-23 12:45:19,8,,29.84,3.95,Mike,EU,16.91 lbs,18x19x13,In Transit
2413,ORD-249495,DHL,TRK314703389,2023-08-09 17:14:50,2023-08-21 17:14:50,2,,31.49,2.32,KIM,NA,16.62 kg,20x13x19,Exception
1843,ORD-868107,DHL,TRK427679814,2023-01-16 15:36:58,2023-01-22 15:36:58,9,,6.53,4.93,KIM,Domestic,14.82 kg,19x18x5,Delivered
2451,ORD-367661,USPS,TRK826768037,2023-05-12 13:57:41,2023-05-21 13:57:41,8,,41.09,3.4,chris,International,6.42 lbs,16x17x12,Exception
329,ORD-829632,fedex,TRK194136256,2023-10-27 20:33:40,2023-11-03 20:33:40,2,,35.75,1.93,John,EU,16.99 lbs,11x19x18,In Transit
428,ORD-590388,fedex,TRK171746152,2023-06-04 20:53:07,2023-06-15 20:53:07,6,,25.48,1.08,Mike,Domestic,2.88 kg,8x17x7,Delivered
1312,ORD-775995,DHL,TRK547157443,2023-10-26 07:54:55,2023-11-03 07:54:55,2,,45.9,3.43,,EU,1.21 lbs,10x9x13,Delivered
2440,ORD-756305,UPS,TRK489525517,2023-04-09 02:09:06,2023-04-20 02:09:06,7,,8.94,4.64,chris,Domestic,3.99 kg,18x5x18,Delivered
2480,ORD-494091,FedEx,TRK393994546,2023-07-19 02:48:28,2023-07-26 02:48:28,2,,41.42,1.31,Mary,Domestic,14.11 lbs,16x10x9,Returned
1463,ORD-222747,ups,TRK284092175,2023-05-02 17:47:07,2023-05-12 17:47:07,5,,14.31,2.38,,NA,4.84 kg,8x12x11,Returned
1812,ORD-643384,fedex,TRK216287311,2023-01-18 14:18:39,2023-01-27 14:18:39,2,,27.45,4.42,chris,EU,10.09 lbs,9x18x17,Returned
528,ORD-539634,fedex,TRK750600499,2023-11-15 23:25:02,2023-11-16 23:25:02,7,,18.92,2.55,Alex,International,2.21 lbs,18x9x6,Delivered
696,ORD-450170,DHL,TRK379885357,2023-04-02 11:47:19,2023-04-03 11:47:19,2,,7.32,4.87,Emily,,19.45 kg,14x20x5,Delivered
509,ORD-171166,DHL,TRK833929420,2023-01-20 08:19:08,2023-01-30 08:19:08,5,,36.48,3.48,David,NA,14.13 kg,15x17x10,Returned
738,ORD-491336,ups,TRK896459130,2023-03-03 17:08:38,2023-03-11 17:08:38,8,,19.08,1.64,Sarah,EU,15.26 kg,8x20x12,Exception
1933,ORD-902835,UPS,TRK559868978,2023-04-21 17:54:01,2023-04-29 17:54:01,8,,13.52,1.69,John,EU,13.99 lbs,13x6x11,Exception
1472,ORD-244239,ups,TRK246766645,2023-12-17 02:33:41,2023-12-25 02:33:41,6,,17.63,3.78,Mike,NA,19.88 kg,16x7x16,In Transit
562,ORD-501494,DHL,TRK212710356,2023-07-08 12:19:07,2023-07-12 12:19:07,8,,39.45,3.71,David,,12.86 lbs,10x14x15,Lost
368,ORD-341350,fedex,TRK643830319,2023-06-06 17:26:32,2023-06-10 17:26:32,3,,15.29,2.06,Jane,EU,2.92 kg,20x18x8,Delivered
1430,ORD-652035,fedex,TRK419607191,2023-07-21 15:00:47,2023-07-27 15:00:47,6,,44.0,1.22,,International,9.09 kg,15x18x12,Delivered
2208,ORD-425772,DHL,TRK426197518,2023-06-19 22:34:38,2023-07-02 22:34:38,5,,9.6,2.11,David,NA,18.15 kg,12x14x16,In Transit
1792,ORD-734998,DHL,TRK244565635,2023-10-27 01:39:55,2023-10-31 01:39:55,4,,6.25,2.82,Mary,International,5.16 lbs,5x16x15,Delivered
388,ORD-884639,ups,TRK246503308,2023-07-23 15:36:49,2023-08-05 15:36:49,4,,8.79,4.14,John,Domestic,15.95 lbs,19x20x17,Delivered
2441,ORD-616738,USPS,TRK593076059,2023-02-11 20:02:14,2023-02-18 20:02:14,5,,37.82,1.48,Sarah,NA,8.94 lbs,13x5x8,Delivered
436,ORD-640450,ups,TRK679712616,2023-02-03 12:40:56,2023-02-14 12:40:56,5,,39.89,1.05,Mike,Domestic,19.62 kg,15x11x12,Delivered
2271,ORD-123920,ups,TRK735607720,2023-03-15 07:57:46,2023-03-18 07:57:46,4,,12.47,4.78,Sarah,NA,13.34 kg,7x14x8,Lost
194,ORD-301941,UPS,TRK587809516,2023-07-10 00:58:46,2023-07-15 00:58:46,5,,32.27,4.73,KIM,,6.58 lbs,18x15x18,Exception
1588,ORD-884058,ups,TRK877095552,2023-07-26 16:27:47,2023-08-03 16:27:47,5,,7.91,4.94,John,Domestic,11.84 lbs,12x8x9,Delivered
2361,ORD-910278,FedEx,TRK613263001,2023-06-17 08:15:20,2023-06-20 08:15:20,2,,10.21,2.67,KIM,Domestic,12.98 lbs,13x17x19,Delivered
2211,ORD-204124,DHL,TRK370475627,2023-03-27 21:46:42,2023-04-05 21:46:42,6,,29.78,1.84,Mary,NA,2.92 lbs,20x5x13,Exception
1653,ORD-979946,ups,TRK302931732,2023-06-01 01:22:17,2023-06-12 01:22:17,2,,26.82,4.49,Jane,Domestic,8.02 kg,6x9x16,Returned
559,ORD-154748,UPS,TRK310021561,2023-09-13 09:32:58,2023-09-20 09:32:58,4,,39.67,2.97,Mike,EU,14.7 lbs,10x17x9,In Transit
2323,ORD-152786,USPS,TRK147672153,2023-04-12 13:11:08,2023-04-17 13:11:08,6,,28.87,2.34,Emily,NA,13.59 lbs,11x9x17,Delivered
2028,ORD-553645,fedex,TRK768046886,2023-12-22 17:22:33,2023-12-30 17:22:33,8,,37.41,1.69,David,Domestic,6.16 kg,6x18x11,Exception
475,ORD-883909,DHL,TRK920721925,2023-06-19 09:55:21,2023-07-02 09:55:21,4,,28.15,4.99,chris,,11.68 lbs,9x9x5,Lost
854,ORD-476118,fedex,TRK352379322,2023-09-22 19:18:23,2023-09-28 19:18:23,5,,18.5,3.39,Mike,International,15.41 kg,16x19x11,Lost
1400,ORD-368566,UPS,TRK764347477,2023-10-16 21:24:42,2023-10-19 21:24:42,6,,32.38,2.58,,EU,1.02 kg,19x17x7,Lost
1073,ORD-342239,UPS,TRK168686416,2023-09-30 14:13:58,2023-10-04 14:13:58,9,,29.46,1.74,,Domestic,5.43 lbs,7x20x20,In Transit
935,ORD-747494,FedEx,TRK449552158,2023-02-17 15:42:06,2023-02-21 15:42:06,8,,5.32,1.89,John,EU,10.92 lbs,7x20x15,Returned
930,ORD-112611,UPS,TRK764763140,2023-06-09 00:13:18,2023-06-21 00:13:18,4,,6.14,1.02,Sarah,International,10.15 lbs,17x15x13,Lost
1858,ORD-470255,ups,TRK245804170,2023-12-24 21:25:47,2024-01-04 21:25:47,5,,27.46,2.93,Mary,,17.93 kg,8x10x18,In Transit
1698,ORD-660395,UPS,TRK308615758,2023-09-01 13:52:01,2023-09-08 13:52:01,3,,8.45,2.13,David,International,18.37 lbs,7x16x16,Returned
926,ORD-249834,DHL,TRK597717820,2023-05-23 13:39:28,2023-05-29 13:39:28,9,,38.48,2.1,,EU,12.92 kg,19x7x11,Lost
334,ORD-544642,fedex,TRK343449287,2023-01-18 04:04:06,2023-01-25 04:04:06,4,,46.96,3.58,chris,,16.81 lbs,19x19x10,In Transit
1982,ORD-163093,USPS,TRK810698478,2023-10-12 03:56:07,2023-10-19 03:56:07,8,,21.95,4.54,chris,International,13.63 kg,13x11x14,Returned
1736,ORD-137047,FedEx,TRK336486944,2023-08-20 11:25:50,2023-08-31 11:25:50,6,,11.4,4.26,David,Domestic,13.34 lbs,9x6x9,Lost
586,ORD-154927,DHL,TRK689342613,2023-08-21 11:40:16,2023-08-25 11:40:16,4,,17.14,3.91,David,,0.55 lbs,10x14x16,Exception
1381,ORD-406179,DHL,TRK190801155,2023-03-01 08:27:15,2023-03-05 08:27:15,2,,26.79,1.27,Jane,,0.98 lbs,14x16x5,In Transit
726,ORD-444084,fedex,TRK244693050,2023-12-07 17:47:14,2023-12-08 17:47:14,6,,30.94,4.33,Jane,NA,6.96 lbs,16x10x18,In Transit
1129,ORD-508618,ups,TRK935847442,2023-09-17 21:31:29,2023-09-24 21:31:29,6,,10.09,2.67,Mary,NA,6.75 lbs,13x11x7,Returned
1182,ORD-411247,UPS,TRK915591107,2023-08-06 12:12:12,2023-08-11 12:12:12,5,,26.82,1.2,Sarah,EU,13.23 kg,15x7x9,Delivered
2303,ORD-733125,ups,TRK829533658,2023-07-01 18:21:05,2023-07-14 18:21:05,6,,31.29,3.81,,Domestic,2.22 lbs,5x9x13,In Transit
2370,ORD-610855,ups,TRK304332349,2023-09-25 12:34:52,2023-10-08 12:34:52,6,,27.52,4.34,Jane,Domestic,6.96 kg,9x15x14,In Transit
855,ORD-857537,DHL,TRK704752129,2023-04-10 21:37:03,2023-04-16 21:37:03,3,,16.29,2.99,Jane,Domestic,3.43 kg,14x20x6,Returned
1293,ORD-225903,fedex,TRK613926215,2023-08-03 21:57:15,2023-08-08 21:57:15,2,,39.16,1.46,Sarah,EU,16.71 lbs,13x6x5,Exception
975,ORD-171761,UPS,TRK840434045,2023-07-31 07:31:34,2023-08-10 07:31:34,8,,26.81,3.98,chris,International,12.16 kg,12x14x5,Returned
1835,ORD-663380,UPS,TRK766562543,2023-03-08 10:41:18,2023-03-09 10:41:18,6,,8.94,2.49,Mike,Domestic,7.96 lbs,8x16x11,Returned
1159,ORD-726537,FedEx,TRK649878838,2023-06-01 02:08:03,2023-06-05 02:08:03,4,,44.53,1.21,David,,8.24 lbs,19x5x16,Lost
2481,ORD-834104,FedEx,TRK547764867,2023-02-10 04:53:47,2023-02-20 04:53:47,9,,32.45,1.28,KIM,NA,19.16 lbs,7x17x20,Returned
1770,ORD-796981,UPS,TRK618079599,2023-10-30 15:33:43,2023-11-05 15:33:43,2,,16.25,1.13,Mike,International,2.79 lbs,18x16x5,Exception
2466,ORD-978973,fedex,TRK800107573,2023-03-14 18:13:53,2023-03-27 18:13:53,6,,23.15,3.8,Mary,NA,5.73 kg,6x11x6,In Transit
2312,ORD-516697,USPS,TRK708856736,2023-04-21 22:00:06,2023-05-01 22:00:06,2,,43.06,2.35,,NA,10.65 lbs,18x20x11,Exception
197,ORD-766644,fedex,TRK298206098,2023-10-25 09:22:52,2023-10-26 09:22:52,2,,32.65,2.56,David,EU,18.14 kg,10x15x14,Delivered
1853,ORD-431224,fedex,TRK843916326,2023-11-28 21:13:22,2023-12-11 21:13:22,6,,47.68,3.19,  sam  ,EU,16.69 lbs,5x8x16,Lost
810,ORD-420486,UPS,TRK224216727,2023-10-07 11:46:46,2023-10-10 11:46:46,6,,7.57,2.89,David,NA,14.23 kg,11x9x12,Lost
239,ORD-154760,ups,TRK575523168,2023-07-21 16:39:53,2023-07-25 16:39:53,3,,12.8,3.1,KIM,International,1.33 lbs,18x7x17,Returned
2414,ORD-749263,fedex,TRK147485711,2023-12-07 18:59:59,2023-12-11 18:59:59,7,,7.36,4.56,Alex,NA,2.04 kg,6x18x14,Delivered
1876,ORD-807289,DHL,TRK606519607,2023-04-18 04:54:07,2023-04-27 04:54:07,5,,8.53,3.81,Sarah,NA,18.39 lbs,17x17x19,Lost
1740,ORD-318178,UPS,TRK680273893,2023-09-11 17:58:48,2023-09-20 17:58:48,6,,32.12,4.8,Jane,NA,3.15 kg,9x9x19,Delivered
2160,ORD-411646,USPS,TRK316386691,2023-11-09 17:43:15,2023-11-13 17:43:15,4,,20.28,2.92,Emily,International,14.45 lbs,8x10x11,In Transit
1474,ORD-424411,ups,TRK528377478,2023-03-28 04:09:43,2023-04-07 04:09:43,5,,27.84,2.37,John,EU,1.02 kg,13x7x6,Returned
1039,ORD-999471,DHL,TRK933261649,2023-05-24 06:25:44,2023-06-06 06:25:44,8,,20.73,2.46,Sarah,,19.03 kg,19x7x16,Delivered
767,ORD-633325,USPS,TRK555042958,2023-12-02 14:28:31,2023-12-14 14:28:31,9,,30.4,4.37,  sam  ,International,7.97 lbs,7x11x20,Lost
1641,ORD-440571,DHL,TRK392095155,2023-10-19 06:56:19,2023-10-24 06:56:19,7,,30.29,1.55,Jane,International,2.13 kg,13x5x10,Lost
1584,ORD-466252,ups,TRK807629599,2023-06-20 16:45:40,2023-06-30 16:45:40,2,,29.84,2.41,John,International,9.3 lbs,20x7x19,Exception
2036,ORD-272967,UPS,TRK971753172,2023-06-01 04:02:29,2023-06-09 04:02:29,5,,47.35,3.06,,NA,18.46 lbs,14x8x20,Exception
193,ORD-247342,fedex,TRK437528991,2023-05-22 17:07:07,2023-05-29 17:07:07,8,,36.26,3.42,  sam  ,,4.92 lbs,15x16x17,In Transit
709,ORD-349848,UPS,TRK578158136,2023-03-15 18:45:12,2023-03-21 18:45:12,3,,36.57,2.6,John,EU,19.87 kg,12x17x12,Delivered
2035,ORD-686420,UPS,TRK800399367,2023-03-10 10:17:00,2023-03-14 10:17:00,2,,5.17,2.9,Mike,EU,15.4 kg,14x12x5,Delivered
802,ORD-579742,DHL,TRK374099908,2023-08-31 04:42:14,2023-09-09 04:42:14,3,,31.2,4.9,  sam  ,International,4.39 lbs,12x7x5,Delivered
499,ORD-607913,ups,TRK638978491,2023-12-08 02:30:02,2023-12-15 02:30:02,8,,28.53,1.98,  sam  ,International,3.92 lbs,6x16x10,In Transit
2147,ORD-560988,DHL,TRK691164636,2023-08-25 03:38:43,2023-08-29 03:38:43,7,,12.71,3.8,,Domestic,1.72 lbs,7x17x11,Lost
1645,ORD-494439,USPS,TRK153991369,2023-02-03 17:41:26,2023-02-10 17:41:26,5,,37.46,4.46,,NA,11.32 kg,17x8x16,Exception
492,ORD-728559,fedex,TRK338163426,2023-10-11 23:37:23,2023-10-24 23:37:23,3,,20.27,3.73,David,,19.93 lbs,16x15x17,Lost
2392,ORD-587568,ups,TRK760181776,2023-05-05 18:27:37,2023-05-18 18:27:37,4,,24.23,1.06,David,NA,16.82 kg,10x19x15,Lost
1883,ORD-636011,UPS,TRK948259646,2023-05-08 10:38:39,2023-05-15 10:38:39,8,,31.28,4.04,David,International,9.65 kg,19x18x8,Returned
684,ORD-949628,DHL,TRK850989040,2023-11-05 14:16:28,2023-11-17 14:16:28,6,,11.51,3.97,Jane,NA,14.21 kg,5x5x9,Lost
558,ORD-674494,fedex,TRK346991794,2023-12-06 02:28:33,2023-12-13 02:28:33,5,,6.16,1.37,Emily,International,19.17 lbs,5x20x5,In Transit
969,ORD-872399,DHL,TRK768690973,2023-10-08 07:31:12,2023-10-10 07:31:12,2,,39.14,3.36,  sam  ,Domestic,5.9 lbs,15x7x14,Lost
1819,ORD-728630,ups,TRK375776225,2023-02-09 04:37:23,2023-02-13 04:37:23,9,,6.74,3.82,chris,International,4.08 kg,17x12x19,In Transit
1724,ORD-600473,USPS,TRK250078216,2023-12-27 02:59:37,2023-12-29 02:59:37,5,,26.53,1.86,Alex,International,16.38 kg,13x6x5,Returned
466,ORD-192145,FedEx,TRK956508815,2023-08-30 19:57:10,2023-09-03 19:57:10,9,,25.7,3.25,  sam  ,International,10.92 kg,14x14x14,In Transit
649,ORD-672535,UPS,TRK169886805,2023-02-05 12:53:40,2023-02-15 12:53:40,7,,30.22,1.31,KIM,NA,15.02 kg,17x8x17,Delivered
1574,ORD-422219,USPS,TRK149445543,2023-02-13 13:49:11,2023-02-21 13:49:11,7,,40.01,2.73,Sarah,EU,19.52 kg,10x11x13,Delivered
1856,ORD-866509,USPS,TRK204589975,2023-03-22 17:41:04,2023-03-25 17:41:04,2,,46.68,3.93,  sam  ,,13.58 lbs,19x14x13,In Transit
2251,ORD-534492,UPS,TRK905217949,2023-10-15 11:11:06,2023-10-27 11:11:06,2,,38.24,4.89,chris,,3.03 lbs,20x6x17,Exception
1648,ORD-389154,ups,TRK582378551,2023-06-01 12:32:57,2023-06-03 12:32:57,7,,32.59,3.94,Emily,NA,11.3 kg,17x5x7,Exception
1271,ORD-197671,fedex,TRK364964204,2023-10-24 08:57:05,2023-11-06 08:57:05,2,,14.57,4.16,Sarah,NA,12.63 kg,5x17x19,In Transit
1859,ORD-436028,USPS,TRK933462710,2023-12-07 05:58:45,2023-12-09 05:58:45,4,,31.45,4.9,  sam  ,EU,5.14 lbs,16x19x6,Returned
1467,ORD-304576,fedex,TRK494569665,2023-10-30 03:29:22,2023-10-31 03:29:22,2,,17.21,2.56,Emily,,12.85 lbs,15x15x15,Returned
572,ORD-872049,UPS,TRK294337503,2023-12-24 07:41:23,2024-01-06 07:41:23,8,,40.84,4.89,Jane,International,2.04 lbs,6x9x6,Delivered
1264,ORD-555402,ups,TRK219054436,2023-08-20 20:06:18,2023-08-27 20:06:18,2,,37.89,4.36,KIM,International,4.84 lbs,5x16x5,In Transit
1629,ORD-252961,UPS,TRK215337249,2023-10-01 10:18:37,2023-10-05 10:18:37,2,,5.37,3.0,Mike,Domestic,9.12 kg,12x18x17,Returned
1228,ORD-791543,USPS,TRK937734344,2023-05-30 02:24:00,2023-06-01 02:24:00,2,,18.9,4.26,Sarah,,1.25 kg,13x19x20,In Transit
996,ORD-448071,fedex,TRK626166859,2023-08-25 03:58:43,2023-08-30 03:58:43,6,,38.2,4.63,Mike,,13.98 kg,19x16x18,In Transit
1987,ORD-253089,fedex,TRK955169759,2023-07-19 06:09:16,2023-07-27 06:09:16,7,,19.49,4.89,Mary,NA,12.38 kg,13x7x15,In Transit
542,ORD-362969,FedEx,TRK221392037,2023-12-24 05:23:44,2024-01-01 05:23:44,8,,24.8,1.19,David,International,17.07 lbs,18x8x9,Delivered
2257,ORD-711843,FedEx,TRK717775198,2023-12-14 06:32:34,2023-12-23 06:32:34,2,,31.66,4.45,David,International,19.67 kg,8x16x5,Lost
2104,ORD-424837,fedex,TRK898362835,2023-01-07 23:21:15,2023-01-11 23:21:15,6,,13.09,3.33,David,NA,13.48 lbs,7x11x8,Exception
1507,ORD-173497,UPS,TRK971596835,2023-07-26 09:07:37,2023-08-02 09:07:37,6,,42.22,4.47,  sam  ,International,13.09 lbs,8x16x10,Lost
71,ORD-489045,UPS,TRK262269956,2023-11-14 22:59:26,2023-11-17 22:59:26,8,,33.81,1.23,Mary,,3.41 lbs,6x17x11,In Transit
485,ORD-282069,FedEx,TRK690651223,2023-10-27 13:32:05,2023-11-04 13:32:05,8,,20.51,4.27,,,7.67 lbs,18x19x7,Lost
1137,ORD-566681,DHL,TRK140340884,2023-04-17 10:48:17,2023-04-18 10:48:17,6,,11.18,1.67,David,Domestic,4.16 lbs,11x14x8,Returned
948,ORD-198591,UPS,TRK176059556,2023-08-20 14:22:36,2023-08-28 14:22:36,8,,37.33,3.52,,EU,14.09 lbs,7x6x14,Returned
484,ORD-580382,USPS,TRK704833330,2023-02-06 13:44:28,2023-02-08 13:44:28,3,,17.71,1.27,David,NA,14.79 lbs,14x7x16,Delivered
58,ORD-259352,ups,TRK373894921,2023-01-06 11:45:22,2023-01-15 11:45:22,5,,35.65,3.28,Mike,Domestic,6.48 lbs,17x19x18,In Transit
824,ORD-921468,FedEx,TRK422890230,2023-12-06 22:01:19,2023-12-15 22:01:19,8,,42.52,4.5,chris,NA,9.21 kg,8x10x7,Lost
210,ORD-701688,FedEx,TRK281645508,2023-08-30 04:17:11,2023-09-08 04:17:11,2,,13.16,1.72,Sarah,,3.36 kg,9x17x14,Returned
1368,ORD-747068,fedex,TRK551178015,2023-02-09 08:10:50,2023-02-11 08:10:50,3,,8.09,2.93,,International,17.9 lbs,7x10x18,Returned
1768,ORD-176072,UPS,TRK269561515,2023-06-22 07:40:51,2023-06-30 07:40:51,9,,8.8,1.34,Alex,International,11.77 lbs,15x5x13,Delivered
2,ORD-134120,FedEx,TRK430775353,2023-09-16 19:26:02,2023-09-25 19:26:02,6,,27.0,4.69,Emily,NA,19.91 lbs,19x10x11,Returned
515,ORD-228081,fedex,TRK627580645,2023-10-29 16:29:50,2023-11-02 16:29:50,3,,47.2,3.19,Mike,NA,16.25 lbs,8x12x7,In Transit
585,ORD-491978,FedEx,TRK276253965,2023-01-24 07:42:04,2023-02-05 07:42:04,8,,30.58,3.72,Mike,Domestic,15.62 lbs,15x10x13,In Transit
463,ORD-867219,USPS,TRK902908320,2023-12-15 16:50:10,2023-12-20 16:50:10,7,,18.26,1.62,Sarah,NA,9.8 lbs,6x18x19,Returned
2110,ORD-130644,ups,TRK561033385,2023-08-06 08:47:15,2023-08-13 08:47:15,3,,20.03,2.07,Alex,NA,2.5 lbs,7x15x11,Delivered
110,ORD-245297,fedex,TRK314034155,2023-05-08 23:52:00,2023-05-16 23:52:00,2,,25.8,2.54,Emily,,14.46 kg,14x15x13,Lost
461,ORD-183922,FedEx,TRK326590072,2023-09-20 21:42:57,2023-10-03 21:42:57,9,,32.66,2.68,John,International,8.42 kg,18x19x16,In Transit
1217,ORD-330593,DHL,TRK758799216,2023-08-27 13:07:05,2023-08-29 13:07:05,4,,22.86,1.19,Mike,,4.4 kg,10x14x18,In Transit
694,ORD-533697,DHL,TRK423061642,2023-08-10 06:02:54,2023-08-20 06:02:54,7,,31.75,2.75,  sam  ,Domestic,13.52 kg,18x16x18,Delivered
1471,ORD-853201,ups,TRK142000724,2023-06-24 20:02:00,2023-06-25 20:02:00,6,,34.76,3.47,  sam  ,NA,15.52 lbs,14x16x12,In Transit
1679,ORD-125115,DHL,TRK211446027,2023-07-30 16:21:32,2023-08-12 16:21:32,2,,10.94,3.44,,International,14.86 lbs,14x12x14,Returned
1428,ORD-630518,USPS,TRK176502048,2023-09-07 22:32:26,2023-09-09 22:32:26,8,,14.17,2.59,David,EU,6.29 lbs,7x10x12,Delivered
1688,ORD-687991,ups,TRK751126706,2023-04-05 12:06:28,2023-04-16 12:06:28,4,,22.5,3.1,  sam  ,NA,10.36 kg,14x10x8,In Transit
779,ORD-953007,fedex,TRK931665308,2023-02-13 07:01:47,2023-02-17 07:01:47,7,,41.78,3.32,chris,International,16.19 lbs,6x10x16,Delivered
2227,ORD-577840,fedex,TRK201511552,2023-08-10 09:33:23,2023-08-13 09:33:23,6,,38.62,4.0,Sarah,International,19.58 lbs,18x16x9,Lost
2396,ORD-772580,USPS,TRK563650889,2023-12-14 00:30:46,2023-12-22 00:30:46,6,,21.85,2.49,John,,6.53 kg,5x20x9,Lost
476,ORD-864434,ups,TRK736832839,2023-08-27 05:19:20,2023-09-06 05:19:20,9,,19.92,1.74,David,Domestic,2.15 lbs,13x11x12,Delivered
1695,ORD-125214,DHL,TRK296317230,2023-06-06 12:30:52,2023-06-10 12:30:52,9,,43.97,1.54,,EU,6.65 lbs,7x14x9,In Transit
335,ORD-718359,DHL,TRK646490243,2023-04-14 13:39:08,2023-04-18 13:39:08,4,,38.64,4.61,Mike,,1.08 lbs,15x17x6,Lost
1444,ORD-985280,FedEx,TRK862030672,2023-03-27 07:31:45,2023-04-06 07:31:45,4,,48.71,3.16,David,,6.52 lbs,18x17x20,Exception
2250,ORD-666202,UPS,TRK100069097,2023-07-08 20:22:18,2023-07-16 20:22:18,8,,9.86,3.05,Alex,Domestic,3.82 lbs,19x17x12,Lost
2331,ORD-482214,fedex,TRK867493410,2023-09-04 07:52:58,2023-09-09 07:52:58,8,,8.45,2.8,Mike,International,17.82 lbs,7x8x9,Lost
601,ORD-402787,USPS,TRK661421221,2023-01-11 08:39:58,2023-01-13 08:39:58,6,,34.7,3.04,,International,17.65 kg,12x17x19,Lost
432,ORD-959480,fedex,TRK668823002,2023-04-25 22:34:56,2023-04-27 22:34:56,2,,39.01,4.83,KIM,NA,12.0 lbs,20x12x15,Returned
270,ORD-973781,USPS,TRK885596891,2023-12-03 20:39:11,2023-12-15 20:39:11,4,,16.33,1.29,,EU,11.37 kg,15x18x19,In Transit
712,ORD-489849,ups,TRK290575238,2023-07-16 07:31:09,2023-07-22 07:31:09,4,,18.88,1.21,Mary,Domestic,7.02 kg,11x10x19,Exception
2448,ORD-801101,UPS,TRK131330242,2023-10-27 12:51:39,2023-10-29 12:51:39,3,,48.37,2.52,John,International,12.98 lbs,8x14x5,Returned
549,ORD-986249,USPS,TRK443749457,2023-01-31 09:41:22,2023-02-12 09:41:22,2,,9.43,3.54,Jane,Domestic,7.93 kg,18x8x18,Lost
567,ORD-435551,USPS,TRK964153182,2023-04-10 15:29:13,2023-04-19 15:29:13,4,,20.84,1.7,Sarah,,18.7 lbs,12x14x19,In Transit
2092,ORD-407788,FedEx,TRK747215781,2023-12-29 09:57:43,2024-01-01 09:57:43,7,,45.16,4.8,KIM,International,2.69 lbs,9x16x7,Exception
8,ORD-477106,ups,TRK804876850,2023-09-14 00:00:32,2023-09-19 00:00:32,4,,44.37,3.06,Sarah,International,3.98 kg,10x6x19,Lost
79,ORD-751095,FedEx,TRK319452898,2023-07-05 11:15:26,2023-07-13 11:15:26,4,,28.15,4.11,  sam  ,International,3.24 lbs,7x9x6,In Transit
453,ORD-723532,UPS,TRK443617984,2023-05-16 05:05:53,2023-05-18 05:05:53,9,,18.76,2.58,John,Domestic,18.44 lbs,20x9x10,Exception
1373,ORD-871421,ups,TRK681093445,2023-04-19 11:40:46,2023-04-25 11:40:46,4,,43.33,4.02,  sam  ,NA,5.38 kg,5x16x20,Returned
2105,ORD-878505,DHL,TRK588505975,2023-04-21 11:34:07,2023-04-26 11:34:07,3,,10.14,4.63,  sam  ,EU,19.91 lbs,17x13x17,In Transit
1926,ORD-422302,fedex,TRK948674560,2023-06-29 01:38:21,2023-07-07 01:38:21,9,,6.91,1.46,John,NA,4.05 lbs,8x8x17,Exception
1508,ORD-600733,USPS,TRK744645530,2023-05-21 00:44:32,2023-05-26 00:44:32,5,,16.39,2.0,  sam  ,International,18.71 kg,16x10x9,Lost
2368,ORD-160042,UPS,TRK271080071,2024-01-02 14:05:03,2024-01-03 14:05:03,5,,34.3,3.11,  sam  ,NA,7.64 kg,19x17x18,Exception
740,ORD-342957,ups,TRK138133781,2023-02-20 03:27:41,2023-03-01 03:27:41,8,,7.51,3.15,John,Domestic,16.66 lbs,13x16x20,Exception
1148,ORD-184416,UPS,TRK361675805,2023-11-04 13:52:22,2023-11-08 13:52:22,9,,31.64,2.76,KIM,,5.86 lbs,16x14x18,In Transit
1221,ORD-556882,UPS,TRK742204643,2023-02-13 21:15:30,2023-02-20 21:15:30,6,,49.3,2.41,Sarah,EU,1.22 lbs,5x8x13,In Transit
15,ORD-649712,FedEx,TRK585519167,2023-06-22 02:13:03,2023-06-28 02:13:03,5,,12.07,4.16,Mary,NA,12.21 lbs,20x12x13,In Transit
1172,ORD-237377,USPS,TRK896089066,2023-11-20 00:44:37,2023-12-02 00:44:37,5,,40.96,1.22,Sarah,,8.96 kg,10x11x7,Lost
1908,ORD-778722,FedEx,TRK365760887,2023-11-23 05:29:18,2023-12-04 05:29:18,6,,48.12,4.58,Alex,NA,18.92 kg,17x7x10,Returned
1871,ORD-668877,USPS,TRK707300478,2023-10-29 18:01:54,2023-11-06 18:01:54,5,,45.92,4.9,KIM,NA,8.02 kg,10x17x12,Lost
1355,ORD-373772,UPS,TRK258621897,2023-05-22 17:24:19,2023-06-04 17:24:19,7,,30.75,1.55,Mike,,7.39 kg,9x11x6,Lost
1079,ORD-786153,DHL,TRK315603630,2023-02-18 07:08:45,2023-02-19 07:08:45,2,,7.63,1.96,Sarah,EU,15.01 lbs,10x6x19,Lost
1399,ORD-241755,UPS,TRK125453833,2023-06-22 13:38:36,2023-06-27 13:38:36,2,,38.33,4.78,David,EU,3.16 lbs,5x17x8,Returned
1595,ORD-965093,fedex,TRK777473348,2023-02-18 04:22:47,2023-02-23 04:22:47,9,,49.35,2.4,Alex,NA,18.68 kg,19x16x11,Returned
1383,ORD-312318,USPS,TRK571357313,2023-08-18 13:49:21,2023-08-19 13:49:21,2,,9.59,4.4,Emily,EU,3.56 lbs,20x18x8,Lost
2407,ORD-369469,ups,TRK550551641,2023-06-10 13:02:28,2023-06-17 13:02:28,5,,28.23,3.4,,,18.13 kg,14x15x5,In Transit
634,ORD-496664,ups,TRK102095858,2023-08-06 05:51:12,2023-08-19 05:51:12,7,,6.01,1.13,Sarah,,10.28 lbs,15x13x20,Lost
2460,ORD-758960,USPS,TRK230742896,2023-06-18 00:39:42,2023-06-23 00:39:42,7,,34.29,4.12,  sam  ,Domestic,7.84 kg,19x14x11,Returned
631,ORD-969339,ups,TRK302092192,2023-01-04 22:45:57,2023-01-14 22:45:57,5,,30.06,2.32,Alex,International,13.99 lbs,5x20x17,Lost
714,ORD-672946,USPS,TRK442915891,2023-10-11 09:32:12,2023-10-22 09:32:12,8,,9.17,1.27,Emily,,14.43 kg,20x16x9,Lost
2410,ORD-315018,USPS,TRK943658416,2023-12-01 15:28:12,2023-12-11 15:28:12,5,,19.59,1.2,,EU,18.21 lbs,16x12x19,In Transit
588,ORD-523843,UPS,TRK958958406,2023-02-17 06:47:00,2023-03-01 06:47:00,9,,22.52,4.6,David,Domestic,11.01 lbs,5x20x12,In Transit
1105,ORD-918240,UPS,TRK734542276,2023-07-14 22:25:38,2023-07-19 22:25:38,6,,32.06,2.59,Mary,Domestic,11.27 lbs,15x20x17,Lost
228,ORD-781827,fedex,TRK277913444,2023-09-11 20:32:25,2023-09-14 20:32:25,6,,26.43,2.79,Emily,Domestic,7.91 kg,5x8x6,Lost
1206,ORD-274051,fedex,TRK170237155,2023-10-13 03:38:57,2023-10-25 03:38:57,4,,8.12,4.23,  sam  ,NA,6.8 lbs,12x14x16,Lost
2123,ORD-904021,DHL,TRK285022700,2023-06-17 09:37:45,2023-06-27 09:37:45,7,,13.15,3.94,  sam  ,NA,19.75 kg,18x6x19,Returned
1435,ORD-182930,FedEx,TRK272244364,2023-05-22 07:24:17,2023-06-01 07:24:17,5,,5.39,3.01,David,,3.46 kg,17x14x8,Lost
1153,ORD-141913,UPS,TRK365318606,2023-11-02 18:00:55,2023-11-07 18:00:55,6,,41.43,1.68,Mary,,14.71 lbs,9x12x9,Lost
1408,ORD-952412,UPS,TRK732127522,2023-09-02 10:14:33,2023-09-08 10:14:33,6,,41.92,4.93,David,EU,0.68 kg,6x18x18,Lost
660,ORD-735086,UPS,TRK406822600,2023-03-26 11:17:45,2023-03-29 11:17:45,6,,37.44,1.04,Mary,EU,10.1 kg,16x16x9,Delivered
2200,ORD-110090,FedEx,TRK549327193,2023-05-26 14:14:34,2023-06-06 14:14:34,6,,16.53,2.96,Sarah,,19.52 lbs,19x20x11,In Transit
389,ORD-282248,UPS,TRK999563386,2023-10-02 04:36:00,2023-10-12 04:36:00,6,,27.58,1.73,Sarah,Domestic,12.64 kg,11x13x6,Delivered
2235,ORD-682085,USPS,TRK450125085,2023-09-04 21:11:04,2023-09-14 21:11:04,9,,19.58,2.23,Sarah,Domestic,14.37 lbs,8x20x12,Lost
1681,ORD-517680,USPS,TRK432529940,2023-05-07 06:19:42,2023-05-17 06:19:42,9,,28.08,4.27,chris,Domestic,6.62 lbs,12x12x6,In Transit
381,ORD-276158,FedEx,TRK522310977,2023-12-05 14:59:23,2023-12-06 14:59:23,8,,42.73,2.36,Emily,,14.41 lbs,13x11x20,Delivered
2045,ORD-245505,DHL,TRK429805914,2023-08-08 08:27:06,2023-08-17 08:27:06,5,,21.99,3.74,Emily,EU,14.62 kg,17x20x5,Returned
1067,ORD-124394,ups,TRK527313596,2023-10-03 03:55:41,2023-10-08 03:55:41,7,,30.29,3.42,David,NA,7.15 lbs,20x9x12,Returned
1152,ORD-556893,DHL,TRK124150774,2023-11-16 13:26:25,2023-11-22 13:26:25,2,,14.15,2.57,John,International,9.26 kg,14x9x5,Exception
2273,ORD-177964,fedex,TRK180776740,2023-11-12 01:32:57,2023-11-22 01:32:57,4,,32.46,3.04,  sam  ,Domestic,8.85 lbs,19x18x19,Exception
1654,ORD-487595,USPS,TRK452629044,2023-06-02 15:12:28,2023-06-10 15:12:28,9,,47.32,2.77,John,,11.03 lbs,8x6x11,Delivered
382,ORD-701338,ups,TRK417832476,2023-08-18 12:05:25,2023-08-20 12:05:25,8,,10.08,3.06,Mike,International,8.84 lbs,6x13x11,Lost
1818,ORD-202934,FedEx,TRK168037810,2023-03-17 08:39:48,2023-03-28 08:39:48,8,,21.45,4.53,KIM,NA,17.94 lbs,10x8x6,Lost
1487,ORD-249285,DHL,TRK959556120,2023-09-09 22:27:40,2023-09-20 22:27:40,8,,28.57,2.17,John,NA,14.24 lbs,6x13x15,Exception
1948,ORD-573699,fedex,TRK147308832,2023-01-31 20:31:20,2023-02-10 20:31:20,2,,47.19,2.99,Alex,EU,1.58 lbs,11x11x8,In Transit
1821,ORD-521288,USPS,TRK681516864,2023-04-26 13:47:07,2023-04-27 13:47:07,4,,36.84,2.26,Alex,Domestic,12.96 lbs,11x15x12,Lost
1644,ORD-126284,FedEx,TRK715350968,2023-06-08 08:38:00,2023-06-18 08:38:00,4,,30.77,2.3,Mary,Domestic,9.72 kg,18x14x5,Delivered
2103,ORD-153187,DHL,TRK508493499,2023-12-07 20:51:16,2023-12-17 20:51:16,2,,41.93,3.96,KIM,,6.92 lbs,19x20x13,Returned
122,ORD-984329,ups,TRK306130895,2023-09-22 12:34:28,2023-10-01 12:34:28,8,,11.77,2.59,Mike,NA,1.45 lbs,8x5x14,Exception
113,ORD-639880,UPS,TRK305709593,2023-08-29 17:50:58,2023-08-30 17:50:58,5,,7.38,3.46,Jane,Domestic,14.61 lbs,15x7x10,Lost
1545,ORD-577766,fedex,TRK923681004,2023-11-21 14:27:31,2023-11-27 14:27:31,9,,13.72,1.34,Sarah,NA,14.86 lbs,15x18x13,Lost
521,ORD-559743,FedEx,TRK581836828,2023-12-24 21:05:09,2024-01-03 21:05:09,8,,33.01,4.11,David,EU,16.74 lbs,10x17x5,Delivered
1848,ORD-941073,ups,TRK409725256,2023-08-24 00:29:38,2023-08-30 00:29:38,2,,23.76,1.61,Mary,International,12.4 lbs,14x20x9,Lost
398,ORD-971430,USPS,TRK760561252,2023-09-20 06:07:20,2023-09-28 06:07:20,3,,35.44,4.51,KIM,NA,19.88 lbs,17x5x13,Delivered
1511,ORD-248312,FedEx,TRK398236488,2023-10-04 21:00:07,2023-10-12 21:00:07,7,,27.38,2.4,chris,,7.45 kg,8x5x5,Exception
1118,ORD-556575,fedex,TRK527010220,2023-06-07 11:10:45,2023-06-17 11:10:45,4,,34.68,3.22,David,International,10.12 kg,9x12x13,In Transit
1639,ORD-943498,FedEx,TRK782949961,2023-02-11 04:33:42,2023-02-13 04:33:42,7,,48.81,4.37,Sarah,International,5.01 lbs,11x7x19,Lost
1361,ORD-833291,ups,TRK542546939,2023-03-06 19:49:09,2023-03-09 19:49:09,3,,10.86,3.36,David,Domestic,6.76 kg,18x9x8,Lost
1813,ORD-737572,ups,TRK317054058,2023-05-07 01:21:19,2023-05-12 01:21:19,2,,14.23,1.7,John,International,4.59 kg,13x19x5,In Transit
479,ORD-721173,ups,TRK926971247,2023-12-28 21:14:16,2024-01-09 21:14:16,9,,18.03,3.12,Alex,EU,7.09 kg,20x11x15,In Transit
187,ORD-241008,DHL,TRK231873015,2023-12-12 17:18:24,2023-12-14 17:18:24,5,,40.96,1.18,Jane,EU,2.96 kg,18x13x18,Returned
1996,ORD-702516,UPS,TRK201113665,2023-04-06 23:00:23,2023-04-12 23:00:23,5,,28.92,2.82,Mary,EU,13.83 kg,20x9x17,Lost
799,ORD-649428,USPS,TRK639946454,2023-06-24 16:12:43,2023-07-04 16:12:43,8,,8.3,1.3,KIM,,19.16 kg,10x15x20,In Transit
1081,ORD-902681,fedex,TRK536429028,2023-05-06 15:54:04,2023-05-15 15:54:04,5,,40.11,2.32,David,EU,5.77 lbs,12x19x12,Returned
1385,ORD-971317,ups,TRK619780248,2023-08-26 02:15:39,2023-09-06 02:15:39,8,,31.07,3.86,  sam  ,International,8.96 lbs,19x5x11,Exception
2292,ORD-668118,ups,TRK335508677,2023-12-26 05:13:50,2024-01-04 05:13:50,6,,21.26,2.47,,Domestic,8.0 kg,17x12x18,Lost
1425,ORD-334197,FedEx,TRK140270653,2023-06-25 10:50:36,2023-07-05 10:50:36,2,,47.57,1.36,Emily,NA,9.02 lbs,6x18x10,Lost
267,ORD-514914,USPS,TRK251719337,2023-04-21 02:54:00,2023-04-24 02:54:00,4,,38.69,2.63,Mike,,13.76 kg,12x15x20,Lost
83,ORD-322325,ups,TRK133262062,2023-09-14 13:19:37,2023-09-19 13:19:37,2,,43.6,3.25,Alex,EU,10.86 kg,18x19x16,In Transit
1328,ORD-254469,FedEx,TRK805285112,2023-05-12 03:15:37,2023-05-14 03:15:37,7,,33.37,4.37,KIM,,6.26 lbs,8x9x16,Lost
957,ORD-514754,fedex,TRK267057892,2023-03-14 10:14:44,2023-03-25 10:14:44,7,,44.89,4.11,  sam  ,,19.66 kg,18x9x8,Delivered
2379,ORD-724880,ups,TRK519494175,2023-03-19 05:34:42,2023-04-01 05:34:42,3,,13.26,2.35,Jane,Domestic,3.95 kg,15x14x13,Returned
1891,ORD-748718,FedEx,TRK286850184,2023-12-30 15:25:13,2024-01-10 15:25:13,6,,9.16,2.37,Emily,NA,11.49 kg,17x20x5,Lost
1127,ORD-755988,USPS,TRK625388754,2023-12-23 23:58:02,2024-01-05 23:58:02,2,,33.11,2.25,,NA,2.93 lbs,5x12x20,In Transit
646,ORD-286413,fedex,TRK995002211,2023-03-25 09:05:19,2023-04-02 09:05:19,8,,33.08,3.5,David,NA,16.91 kg,16x6x5,Delivered
1113,ORD-270847,USPS,TRK573799462,2023-05-20 03:05:48,2023-06-02 03:05:48,6,,47.38,3.0,Emily,International,4.66 kg,13x19x20,Exception
350,ORD-604032,ups,TRK869834845,2023-07-23 02:52:57,2023-07-25 02:52:57,5,,47.55,4.26,Alex,NA,17.36 lbs,20x14x6,Delivered
225,ORD-185618,fedex,TRK681944471,2023-06-30 17:36:38,2023-07-09 17:36:38,5,,29.05,1.33,KIM,International,14.73 lbs,15x8x18,In Transit
2090,ORD-250498,fedex,TRK197159267,2023-02-11 03:06:35,2023-02-16 03:06:35,4,,15.92,3.77,KIM,,6.04 kg,19x10x20,In Transit
1012,ORD-735135,USPS,TRK928629563,2023-07-27 15:07:06,2023-08-02 15:07:06,8,,34.87,4.67,Mary,EU,3.44 kg,12x20x19,Delivered
1289,ORD-447574,DHL,TRK473130033,2023-11-02 17:32:40,2023-11-07 17:32:40,3,,36.15,3.13,KIM,NA,6.13 kg,14x6x20,Delivered
1510,ORD-338677,ups,TRK121349997,2023-07-28 00:07:43,2023-08-08 00:07:43,7,,9.04,2.38,John,,2.2 kg,12x5x12,In Transit
2458,ORD-538672,UPS,TRK386367689,2023-04-06 13:23:38,2023-04-13 13:23:38,2,,23.63,3.9,Emily,Domestic,7.77 kg,6x17x11,Returned
1313,ORD-444739,fedex,TRK806762393,2023-07-09 22:06:43,2023-07-11 22:06:43,6,,38.1,3.33,Sarah,International,1.09 lbs,7x8x20,Lost
1006,ORD-906811,FedEx,TRK913760141,2023-05-23 00:17:54,2023-05-27 00:17:54,3,,34.39,3.08,  sam  ,International,5.08 lbs,13x17x9,Lost
349,ORD-729113,fedex,TRK552482196,2023-06-29 15:17:52,2023-07-04 15:17:52,4,,27.4,4.43,Jane,EU,17.26 lbs,8x19x13,In Transit
1440,ORD-653974,UPS,TRK470898315,2023-04-13 09:55:27,2023-04-24 09:55:27,7,,20.81,4.79,Mike,EU,5.5 lbs,12x19x13,Exception
2254,ORD-682212,USPS,TRK386214462,2023-07-25 20:09:44,2023-07-29 20:09:44,4,,7.78,2.03,Mary,,11.71 kg,5x7x11,In Transit
109,ORD-936425,ups,TRK562239090,2023-07-24 09:20:26,2023-07-29 09:20:26,6,,17.23,3.24,Emily,Domestic,8.17 kg,7x14x11,In Transit
2131,ORD-306587,UPS,TRK337988836,2023-08-29 23:26:12,2023-09-03 23:26:12,4,,16.1,4.59,John,NA,4.56 kg,6x15x19,In Transit
731,ORD-302694,ups,TRK707714193,2023-08-03 23:58:16,2023-08-13 23:58:16,5,,38.24,1.0,Sarah,EU,9.96 kg,11x11x11,Returned
411,ORD-535185,fedex,TRK376764689,2023-01-24 01:29:51,2023-01-30 01:29:51,9,,12.41,1.8,Sarah,,13.3 lbs,7x14x5,Delivered
454,ORD-109748,USPS,TRK539226253,2023-06-22 23:17:48,2023-07-05 23:17:48,8,,39.49,3.5,  sam  ,NA,2.99 kg,18x7x12,Returned
11,ORD-193110,fedex,TRK462934010,2023-06-06 15:17:26,2023-06-12 15:17:26,3,,45.3,1.21,Mike,Domestic,16.58 kg,10x11x9,Returned
215,ORD-414452,UPS,TRK634361000,2023-05-24 12:23:32,2023-05-31 12:23:32,2,,34.75,3.63,  sam  ,EU,11.52 kg,8x16x20,Lost
1903,ORD-677031,DHL,TRK818128881,2023-09-09 13:27:01,2023-09-14 13:27:01,3,,39.64,3.73,Jane,,3.22 kg,5x14x9,Exception
1860,ORD-911488,fedex,TRK964046406,2023-12-01 21:39:55,2023-12-04 21:39:55,4,,41.11,3.51,John,,15.5 lbs,9x9x10,In Transit
54,ORD-116097,USPS,TRK325099128,2023-08-06 07:20:12,2023-08-13 07:20:12,6,,11.17,3.75,Mary,NA,14.55 kg,12x6x11,Returned
1301,ORD-398774,FedEx,TRK414195386,2023-12-24 17:53:54,2023-12-27 17:53:54,2,,10.87,4.75,Alex,NA,5.73 kg,11x9x14,Exception
669,ORD-280040,ups,TRK401763790,2023-12-28 00:52:59,2023-12-31 00:52:59,8,,27.7,1.34,Jane,NA,7.23 kg,6x14x14,Lost
473,ORD-585381,DHL,TRK913967844,2023-04-28 07:02:50,2023-05-03 07:02:50,9,,28.96,2.87,John,,9.34 kg,6x8x12,Returned
1155,ORD-744024,fedex,TRK263178341,2023-01-31 05:56:42,2023-02-13 05:56:42,2,,48.01,3.56,,,17.2 kg,6x12x10,Lost
2050,ORD-548784,UPS,TRK913948585,2023-10-27 09:50:28,2023-11-09 09:50:28,3,,44.57,1.93,chris,Domestic,15.98 lbs,13x16x8,In Transit
2467,ORD-529454,fedex,TRK817904752,2023-11-08 09:24:59,2023-11-18 09:24:59,2,,45.26,3.11,David,International,18.29 lbs,17x18x12,Delivered
1489,ORD-713002,USPS,TRK816169143,2023-08-16 20:58:49,2023-08-25 20:58:49,6,,37.05,4.45,Alex,NA,18.27 kg,18x13x15,Exception
208,ORD-920321,USPS,TRK680409336,2023-11-30 11:34:28,2023-12-03 11:34:28,8,,5.06,3.21,,EU,2.16 lbs,14x16x11,In Transit
839,ORD-673475,USPS,TRK757908712,2023-05-19 19:53:35,2023-05-21 19:53:35,5,,45.51,2.36,chris,NA,16.54 kg,7x11x12,Lost
497,ORD-713818,ups,TRK308891097,2023-12-06 10:07:48,2023-12-16 10:07:48,6,,32.91,4.86,Jane,NA,14.2 kg,11x14x18,Delivered
2449,ORD-423408,ups,TRK830635513,2023-10-30 05:51:36,2023-11-06 05:51:36,3,,22.55,2.49,David,International,0.63 lbs,19x10x10,Lost
1094,ORD-791788,ups,TRK325322786,2023-09-30 01:14:36,2023-10-01 01:14:36,6,,24.92,1.74,Alex,Domestic,6.63 lbs,7x20x19,Lost
664,ORD-298711,FedEx,TRK828814654,2023-04-30 23:09:19,2023-05-11 23:09:19,8,,18.81,4.29,Sarah,NA,3.96 lbs,9x8x8,In Transit
1225,ORD-214531,UPS,TRK918341028,2023-03-03 22:44:52,2023-03-16 22:44:52,7,,19.43,2.95,Jane,International,14.92 lbs,18x18x7,In Transit
62,ORD-287562,USPS,TRK995292627,2023-08-14 15:56:26,2023-08-20 15:56:26,4,,49.93,2.99,Mary,Domestic,4.45 lbs,13x6x20,Exception
783,ORD-989605,UPS,TRK569230724,2023-12-10 14:24:43,2023-12-22 14:24:43,4,,32.32,1.11,John,,9.68 lbs,12x19x6,Returned
450,ORD-278674,DHL,TRK272233831,2023-12-10 18:05:31,2023-12-16 18:05:31,6,,49.86,2.72,Mike,NA,8.1 lbs,14x10x16,Delivered
758,ORD-435272,FedEx,TRK921669857,2023-11-17 15:24:11,2023-11-28 15:24:11,4,,23.01,3.71,chris,EU,12.73 lbs,17x19x17,In Transit
2485,ORD-429819,fedex,TRK145214940,2023-06-21 08:49:39,2023-07-03 08:49:39,3,,47.16,3.92,Alex,Domestic,17.12 kg,7x6x14,Exception
964,ORD-496543,USPS,TRK206183426,2023-06-28 17:24:06,2023-07-01 17:24:06,2,,45.99,2.66,Alex,International,3.98 kg,9x13x11,Exception
1738,ORD-749605,FedEx,TRK500950709,2023-07-19 14:39:47,2023-07-25 14:39:47,9,,45.45,2.05,Emily,Domestic,3.67 kg,14x19x5,Delivered
525,ORD-637783,fedex,TRK929251970,2023-09-26 12:34:09,2023-10-04 12:34:09,2,,18.12,1.56,chris,,17.86 kg,12x8x17,Delivered
2223,ORD-260620,UPS,TRK201674730,2023-04-30 16:01:21,2023-05-09 16:01:21,8,,5.65,1.81,,EU,5.28 kg,9x18x16,Lost
1420,ORD-950015,FedEx,TRK530357690,2023-11-27 07:49:02,2023-12-09 07:49:02,2,,30.27,2.22,KIM,NA,15.53 kg,14x5x18,Delivered
1326,ORD-810741,UPS,TRK898850013,2023-09-27 07:01:07,2023-09-28 07:01:07,7,,23.97,3.89,Jane,,17.13 kg,8x8x8,Delivered
172,ORD-706060,DHL,TRK496528379,2023-09-14 13:10:00,2023-09-18 13:10:00,7,,47.3,4.11,Emily,EU,3.72 lbs,9x17x5,Exception
1303,ORD-319096,DHL,TRK544378645,2023-03-25 02:16:22,2023-04-03 02:16:22,9,,7.63,4.63,Jane,Domestic,14.35 kg,14x8x12,In Transit
2149,ORD-979326,fedex,TRK743584579,2023-04-18 00:52:35,2023-04-22 00:52:35,5,,12.12,1.1,KIM,NA,13.21 kg,13x16x11,Returned
770,ORD-996922,ups,TRK886087603,2023-02-07 23:09:56,2023-02-15 23:09:56,4,,22.08,3.24,Emily,EU,0.96 lbs,17x5x13,In Transit
672,ORD-529950,UPS,TRK358784589,2023-10-30 07:39:44,2023-11-03 07:39:44,5,,32.91,4.55,chris,International,6.17 kg,6x9x7,In Transit
1366,ORD-680394,DHL,TRK484613172,2023-07-21 03:01:08,2023-07-30 03:01:08,8,,44.13,1.77,,NA,18.13 kg,18x15x13,Delivered
1587,ORD-564446,FedEx,TRK724624059,2023-01-16 13:06:05,2023-01-26 13:06:05,2,,36.39,1.45,Jane,International,15.11 lbs,14x6x8,Returned
488,ORD-134238,UPS,TRK196423892,2023-05-24 05:51:49,2023-05-30 05:51:49,9,,5.78,1.91,chris,NA,13.55 kg,10x20x11,Delivered
941,ORD-563970,ups,TRK163545567,2023-04-20 07:17:03,2023-04-28 07:17:03,2,,9.25,4.92,Sarah,EU,9.82 lbs,5x13x7,In Transit
692,ORD-463009,fedex,TRK191355662,2023-02-24 02:44:03,2023-03-02 02:44:03,9,,37.29,4.73,Emily,NA,10.94 lbs,5x13x20,Exception
2281,ORD-927736,fedex,TRK274949502,2023-03-07 19:44:01,2023-03-14 19:44:01,5,,37.45,1.99,John,,18.91 lbs,5x12x17,Delivered
866,ORD-822904,FedEx,TRK798385614,2023-05-13 02:56:40,2023-05-22 02:56:40,2,,32.85,2.67,Sarah,EU,3.08 lbs,14x13x16,Lost
851,ORD-739131,FedEx,TRK404906340,2023-01-29 08:28:39,2023-02-07 08:28:39,6,,7.22,4.5,KIM,Domestic,18.65 kg,15x5x8,In Transit
689,ORD-785945,DHL,TRK934608938,2023-02-26 01:14:57,2023-03-04 01:14:57,5,,19.41,2.44,chris,International,15.79 lbs,15x13x20,In Transit
1923,ORD-433267,ups,TRK644346201,2023-06-20 17:54:39,2023-06-30 17:54:39,7,,27.62,4.39,,Domestic,6.99 lbs,7x7x17,Delivered
2359,ORD-691230,DHL,TRK424791257,2023-05-21 09:16:17,2023-05-27 09:16:17,9,,36.3,4.15,chris,Domestic,8.71 kg,17x15x20,Returned
2159,ORD-472660,UPS,TRK362868455,2023-06-17 18:58:23,2023-06-28 18:58:23,5,,48.65,4.49,David,,16.36 lbs,6x5x19,Returned
1938,ORD-323018,USPS,TRK831203255,2023-03-23 12:19:24,2023-04-05 12:19:24,3,,37.22,3.38,,NA,4.18 lbs,14x19x16,Delivered
753,ORD-603248,DHL,TRK767047676,2023-07-10 05:11:30,2023-07-12 05:11:30,6,,37.96,4.68,Mike,Domestic,1.68 lbs,16x20x12,Delivered
2324,ORD-164447,FedEx,TRK408167484,2023-01-10 11:52:13,2023-01-15 11:52:13,6,,10.11,4.65,Sarah,NA,12.11 kg,15x9x18,Returned
2067,ORD-301821,DHL,TRK827826221,2023-04-18 09:58:27,2023-04-19 09:58:27,3,,42.56,2.69,  sam  ,EU,14.63 lbs,19x14x9,Exception
1712,ORD-808750,FedEx,TRK874032405,2023-11-22 07:00:37,2023-11-25 07:00:37,9,,36.14,2.93,Mike,Domestic,17.19 kg,11x13x13,Exception
2394,ORD-644346,USPS,TRK976623116,2023-08-23 00:32:46,2023-08-28 00:32:46,7,,33.52,4.34,Emily,NA,16.84 lbs,17x10x13,Exception
357,ORD-484424,FedEx,TRK257196736,2023-05-27 14:29:47,2023-05-29 14:29:47,3,,21.96,2.3,Mike,International,6.59 kg,15x10x9,Lost
2169,ORD-269547,fedex,TRK755944880,2023-11-22 04:11:08,2023-12-03 04:11:08,2,,42.4,4.06,Jane,EU,4.45 lbs,14x7x15,Lost
2433,ORD-365237,FedEx,TRK129718502,2023-07-26 01:59:29,2023-07-29 01:59:29,3,,13.78,4.27,Alex,EU,17.69 kg,6x18x16,In Transit
143,ORD-373364,FedEx,TRK154081574,2023-03-23 18:22:40,2023-03-27 18:22:40,9,,39.06,2.71,KIM,Domestic,0.94 kg,5x9x15,Exception
2176,ORD-839967,ups,TRK184515328,2023-02-01 23:30:49,2023-02-06 23:30:49,7,,21.0,3.72,  sam  ,,8.43 kg,17x5x18,Returned
359,ORD-585800,DHL,TRK439596210,2023-07-13 09:23:54,2023-07-18 09:23:54,6,,17.24,2.27,Jane,International,3.92 kg,7x16x9,Returned
2193,ORD-586727,USPS,TRK171299816,2023-07-07 21:16:26,2023-07-14 21:16:26,6,,19.77,1.56,Emily,EU,14.48 kg,14x19x12,Exception
1324,ORD-834435,FedEx,TRK532275674,2023-07-28 04:12:46,2023-08-08 04:12:46,6,,36.24,2.9,Alex,EU,4.01 kg,11x20x6,Delivered
2437,ORD-366006,USPS,TRK213686199,2023-10-23 11:41:09,2023-10-28 11:41:09,2,,16.08,1.8,chris,International,5.43 lbs,16x14x20,Exception
1045,ORD-918266,ups,TRK768775246,2023-01-07 07:15:56,2023-01-20 07:15:56,6,,32.06,2.84,Emily,Domestic,14.24 lbs,9x18x9,Returned
577,ORD-279787,USPS,TRK764886618,2023-02-20 02:22:34,2023-03-04 02:22:34,8,,23.99,4.97,John,Domestic,6.63 kg,6x9x6,In Transit
756,ORD-163612,ups,TRK751330785,2023-01-17 07:36:08,2023-01-19 07:36:08,9,,43.92,1.66,Sarah,International,15.39 lbs,14x12x18,In Transit
55,ORD-525420,FedEx,TRK401995809,2023-08-03 03:53:47,2023-08-06 03:53:47,7,,17.96,4.4,Alex,Domestic,4.07 lbs,7x6x6,In Transit
2477,ORD-169985,FedEx,TRK176916561,2023-03-10 22:08:38,2023-03-20 22:08:38,6,,9.78,4.41,Emily,International,18.29 lbs,13x10x14,Delivered
2444,ORD-224567,UPS,TRK500975822,2023-05-07 10:13:39,2023-05-13 10:13:39,2,,5.47,4.06,John,International,11.85 lbs,5x17x9,Lost
1151,ORD-997299,USPS,TRK650353652,2023-02-16 01:42:43,2023-02-22 01:42:43,8,,26.66,2.07,Emily,NA,12.86 kg,6x18x15,Exception
1077,ORD-773679,ups,TRK611120248,2023-05-17 06:05:42,2023-05-25 06:05:42,4,,15.33,3.2,John,NA,13.09 kg,12x5x9,In Transit
2306,ORD-657532,fedex,TRK831462132,2023-06-04 11:25:21,2023-06-09 11:25:21,6,,7.78,4.92,Mary,Domestic,16.02 kg,18x13x20,Lost
522,ORD-511307,ups,TRK779817838,2023-07-21 07:20:56,2023-07-31 07:20:56,5,,7.66,1.53,Mary,International,2.85 lbs,20x16x18,Delivered
2411,ORD-756558,ups,TRK881131629,2023-06-30 11:19:40,2023-07-04 11:19:40,7,,27.97,2.93,Mary,International,18.94 kg,20x17x7,Delivered
686,ORD-788667,ups,TRK359566065,2023-07-27 21:38:29,2023-08-09 21:38:29,7,,26.63,4.85,  sam  ,EU,15.91 kg,15x20x19,Delivered
2004,ORD-629547,FedEx,TRK663313239,2023-12-01 09:46:30,2023-12-13 09:46:30,8,,23.52,1.82,Sarah,,17.89 lbs,11x6x5,Lost
1693,ORD-907029,FedEx,TRK432290515,2023-04-21 18:42:01,2023-04-24 18:42:01,5,,13.71,3.92,Mike,,5.19 kg,16x19x12,In Transit
277,ORD-305759,DHL,TRK275552182,2023-06-07 19:23:12,2023-06-09 19:23:12,5,,22.75,3.69,Mike,Domestic,4.97 lbs,9x13x7,Returned
2486,ORD-468491,DHL,TRK204841289,2023-02-12 07:40:00,2023-02-25 07:40:00,9,,30.41,2.32,KIM,Domestic,15.28 kg,16x5x11,Delivered
1907,ORD-216605,ups,TRK818198838,2023-09-05 18:53:31,2023-09-17 18:53:31,9,,23.61,3.78,John,Domestic,16.86 kg,5x19x18,Delivered
2003,ORD-796308,fedex,TRK944294087,2023-03-18 08:49:57,2023-03-24 08:49:57,2,,37.15,4.24,Mary,,15.76 lbs,19x5x15,Delivered
1872,ORD-142400,ups,TRK213010857,2023-07-20 03:56:02,2023-07-27 03:56:02,6,,34.87,4.25,  sam  ,,10.05 kg,13x12x5,In Transit
1775,ORD-556367,ups,TRK944568319,2023-07-15 23:39:36,2023-07-20 23:39:36,4,,28.15,1.54,Alex,NA,16.32 kg,5x7x15,In Transit
1744,ORD-614170,DHL,TRK256217882,2023-08-18 13:26:32,2023-08-24 13:26:32,8,,8.2,3.14,Jane,NA,15.29 kg,5x13x15,Delivered
1902,ORD-281301,DHL,TRK456026299,2023-03-28 18:33:15,2023-04-02 18:33:15,4,,13.62,1.51,Emily,NA,12.1 kg,6x17x12,Lost
483,ORD-814607,fedex,TRK464908791,2023-04-13 06:29:56,2023-04-23 06:29:56,6,,9.32,4.51,Mary,,3.22 lbs,9x16x16,In Transit
823,ORD-149063,ups,TRK171944417,2023-03-09 22:45:44,2023-03-12 22:45:44,2,,27.14,1.06,Sarah,NA,2.3 kg,15x11x12,In Transit
786,ORD-135007,FedEx,TRK441601405,2023-09-01 00:08:57,2023-09-10 00:08:57,3,,26.31,4.78,KIM,EU,1.04 lbs,18x17x7,In Transit
657,ORD-773664,fedex,TRK239610238,2023-04-24 23:55:27,2023-05-01 23:55:27,7,,25.52,1.46,Sarah,NA,7.9 lbs,7x11x14,In Transit
1669,ORD-284935,UPS,TRK173478838,2023-07-29 19:44:18,2023-08-01 19:44:18,7,,7.52,3.3,Sarah,Domestic,10.8 lbs,14x13x18,In Transit
145,ORD-680580,fedex,TRK979949358,2023-02-23 01:51:09,2023-02-26 01:51:09,3,,16.08,3.72,Jane,NA,12.1 lbs,10x20x12,Delivered
1483,ORD-739580,FedEx,TRK964872364,2023-10-08 23:31:11,2023-10-12 23:31:11,7,,43.27,3.51,Mike,Domestic,16.49 kg,13x7x11,Returned
227,ORD-616829,DHL,TRK302250092,2023-02-16 18:39:59,2023-02-19 18:39:59,9,,8.27,4.19,Sarah,EU,9.8 lbs,15x11x11,Exception
1537,ORD-348195,USPS,TRK627382809,2023-04-19 03:41:07,2023-04-24 03:41:07,7,,33.23,2.7,Mike,,3.62 lbs,14x14x16,Exception
1204,ORD-278738,UPS,TRK845490105,2023-09-17 10:03:25,2023-09-29 10:03:25,5,,37.82,4.88,chris,NA,4.33 kg,9x13x16,Returned
571,ORD-645499,fedex,TRK794688375,2023-12-06 03:42:10,2023-12-15 03:42:10,3,,23.16,3.13,Emily,NA,5.69 lbs,20x12x8,Delivered
1634,ORD-705256,FedEx,TRK938177014,2023-11-11 05:35:43,2023-11-16 05:35:43,8,,9.2,3.51,Mary,Domestic,16.74 lbs,14x16x7,Delivered
2276,ORD-296262,ups,TRK844335279,2023-07-20 06:37:34,2023-08-01 06:37:34,4,,7.97,4.44,David,Domestic,0.86 kg,15x16x7,Delivered
1882,ORD-533779,ups,TRK654222148,2023-12-04 13:41:43,2023-12-17 13:41:43,3,,49.73,2.74,Emily,,15.75 lbs,9x18x19,Delivered
223,ORD-906033,ups,TRK332752168,2023-04-08 02:48:32,2023-04-12 02:48:32,7,,22.58,3.62,Emily,NA,18.69 lbs,20x13x12,Exception
1167,ORD-241333,UPS,TRK422889532,2023-12-04 20:20:06,2023-12-13 20:20:06,3,,43.19,4.7,Mary,Domestic,14.22 lbs,10x18x14,Exception
1867,ORD-396812,ups,TRK221675845,2023-08-08 08:02:14,2023-08-21 08:02:14,6,,5.76,4.43,,Domestic,16.62 kg,13x18x7,Exception
1789,ORD-819727,ups,TRK116845620,2023-09-05 11:45:11,2023-09-18 11:45:11,8,,43.96,1.47,Jane,NA,12.08 kg,18x20x12,Delivered
1333,ORD-789180,FedEx,TRK705176930,2023-01-29 20:59:51,2023-02-11 20:59:51,2,,36.69,1.15,Mary,,7.43 lbs,19x7x6,Delivered
1665,ORD-835661,fedex,TRK128267117,2023-12-19 14:55:19,2023-12-26 14:55:19,9,,21.03,4.72,Alex,,13.96 kg,6x6x19,Returned
869,ORD-937757,fedex,TRK743083260,2023-02-03 13:35:55,2023-02-13 13:35:55,4,,5.94,3.4,Mary,International,11.18 lbs,17x20x7,Exception
1847,ORD-237273,USPS,TRK766062376,2023-03-19 17:41:27,2023-03-27 17:41:27,6,,18.52,1.87,John,EU,12.46 kg,15x19x6,Delivered
293,ORD-465395,FedEx,TRK461439458,2023-07-16 03:14:27,2023-07-28 03:14:27,6,,8.32,4.16,Jane,EU,10.6 kg,19x7x16,Delivered
2317,ORD-308945,ups,TRK153892375,2023-10-13 19:56:25,2023-10-17 19:56:25,5,,46.5,3.47,Sarah,Domestic,14.82 kg,20x11x10,Returned
863,ORD-793587,FedEx,TRK479004650,2023-03-03 09:30:16,2023-03-10 09:30:16,7,,40.16,4.18,KIM,International,2.87 lbs,5x5x13,Delivered
1339,ORD-223160,fedex,TRK983413212,2023-06-09 13:58:10,2023-06-10 13:58:10,3,,41.56,3.57,  sam  ,International,9.26 lbs,16x16x19,Returned
256,ORD-670715,ups,TRK490529006,2023-10-08 10:02:26,2023-10-13 10:02:26,2,,7.02,2.06,Alex,,5.76 lbs,11x10x17,Delivered
1506,ORD-838593,ups,TRK330873415,2023-07-28 16:07:25,2023-07-31 16:07:25,6,,33.14,1.97,Sarah,EU,18.3 lbs,20x20x9,Delivered
100,ORD-813766,USPS,TRK888746982,2023-07-14 02:16:03,2023-07-20 02:16:03,4,,18.38,2.6,Jane,Domestic,5.81 kg,10x16x6,Delivered
2425,ORD-467624,USPS,TRK542974697,2023-08-23 15:26:30,2023-08-28 15:26:30,5,,28.96,4.04,KIM,Domestic,3.66 lbs,5x13x7,Delivered
2142,ORD-499618,DHL,TRK284346042,2023-07-13 18:32:09,2023-07-24 18:32:09,4,,34.26,2.12,Mary,EU,9.84 kg,8x13x14,Returned
1317,ORD-407554,FedEx,TRK329577955,2023-12-09 05:19:24,2023-12-12 05:19:24,7,,38.2,4.0,John,NA,5.94 lbs,6x9x7,Exception
592,ORD-540202,DHL,TRK765038383,2023-07-13 06:39:09,2023-07-26 06:39:09,6,,22.83,4.96,Mike,International,11.12 kg,19x5x8,Delivered
321,ORD-941060,fedex,TRK205800750,2023-01-04 05:18:36,2023-01-17 05:18:36,9,,46.02,1.6,KIM,,1.33 lbs,13x8x9,In Transit
362,ORD-669686,DHL,TRK978324750,2023-05-03 21:29:23,2023-05-09 21:29:23,7,,47.05,3.91,chris,Domestic,0.79 kg,11x16x13,In Transit
747,ORD-412194,USPS,TRK865483488,2023-04-22 06:43:30,2023-05-04 06:43:30,9,,7.54,3.37,Mary,NA,4.15 kg,9x20x6,Returned
2216,ORD-834122,DHL,TRK275061578,2023-02-15 23:29:21,2023-02-22 23:29:21,7,,42.06,1.06,John,International,7.27 kg,16x14x8,Delivered
746,ORD-925451,ups,TRK996145642,2023-03-16 17:57:14,2023-03-21 17:57:14,7,,13.47,4.82,Jane,EU,5.03 kg,9x18x11,Delivered
732,ORD-405462,USPS,TRK327661461,2023-10-14 11:51:07,2023-10-22 11:51:07,3,,16.17,3.95,John,NA,1.36 kg,9x14x10,Returned
2399,ORD-915017,fedex,TRK505348326,2023-10-02 17:21:10,2023-10-10 17:21:10,4,,34.09,2.15,Mary,Domestic,12.36 kg,20x12x10,Delivered
1476,ORD-688317,ups,TRK140114085,2023-07-22 11:06:26,2023-07-30 11:06:26,7,,10.68,4.31,John,International,10.29 lbs,9x7x18,Delivered
144,ORD-534947,ups,TRK394167919,2023-02-27 19:09:46,2023-03-03 19:09:46,9,,28.33,4.7,Alex,NA,1.51 lbs,9x18x6,Delivered
226,ORD-939635,USPS,TRK358743286,2023-12-01 13:25:09,2023-12-07 13:25:09,7,,20.55,2.41,Mike,NA,11.56 lbs,9x12x14,Returned
1598,ORD-510085,DHL,TRK341988844,2023-01-13 19:04:29,2023-01-19 19:04:29,9,,10.44,2.66,Mike,International,8.41 kg,8x12x13,Lost
2281,ORD-927736,fedex,TRK274949502,2023-03-07 19:44:01,2023-03-14 19:44:01,5,,37.45,1.99,John,,18.91 lbs,5x12x17,Delivered
2346,ORD-830484,ups,TRK831653063,2023-03-06 07:02:15,2023-03-16 07:02:15,6,,23.27,3.88,,International,13.41 kg,19x9x9,Exception
1056,ORD-780017,FedEx,TRK188628888,2023-10-17 04:39:10,2023-10-21 04:39:10,4,,42.38,3.74,Alex,International,19.74 kg,16x14x19,Lost
2320,ORD-501337,FedEx,TRK863860914,2023-06-27 10:21:20,2023-06-29 10:21:20,4,,29.98,2.25,Jane,,18.47 lbs,7x6x18,Exception
433,ORD-475718,ups,TRK875945628,2023-08-06 23:19:00,2023-08-18 23:19:00,4,,25.02,2.94,Alex,NA,8.61 lbs,8x20x6,In Transit
2083,ORD-391136,fedex,TRK575622597,2023-09-07 22:31:56,2023-09-18 22:31:56,7,,35.91,4.67,,Domestic,14.08 kg,15x6x6,Delivered
1983,ORD-906537,ups,TRK403835898,2023-06-19 07:54:24,2023-06-30 07:54:24,2,,46.85,3.88,chris,,5.12 kg,8x18x8,Returned
639,ORD-848429,ups,TRK875492789,2023-07-27 18:48:39,2023-08-06 18:48:39,7,,41.81,1.47,KIM,EU,17.64 lbs,19x11x8,Exception
570,ORD-696789,UPS,TRK459916878,2023-02-17 13:13:02,2023-02-22 13:13:02,8,,10.43,2.88,Mary,Domestic,16.16 lbs,12x17x15,In Transit
2075,ORD-568132,USPS,TRK494633753,2023-05-12 03:11:39,2023-05-19 03:11:39,7,,17.21,2.69,Emily,International,0.75 kg,10x6x20,Lost
2345,ORD-851950,fedex,TRK920439435,2023-07-16 16:10:09,2023-07-25 16:10:09,3,,19.54,3.95,chris,International,0.87 kg,20x14x7,In Transit
361,ORD-446733,fedex,TRK312548456,2023-10-04 19:51:22,2023-10-11 19:51:22,8,,5.36,3.62,Emily,,2.13 kg,18x12x19,Returned
1372,ORD-213717,UPS,TRK447712781,2023-04-12 17:36:24,2023-04-15 17:36:24,4,,22.29,3.77,Mike,Domestic,2.26 kg,18x20x10,In Transit
1842,ORD-304291,FedEx,TRK216399726,2023-07-20 07:55:54,2023-07-21 07:55:54,3,,42.2,3.14,Emily,Domestic,19.53 kg,13x17x12,Lost
307,ORD-574884,UPS,TRK984172047,2023-01-18 22:44:02,2023-01-21 22:44:02,6,,33.09,3.52,Emily,Domestic,1.22 lbs,5x12x9,Lost
1578,ORD-931354,fedex,TRK610450231,2023-07-21 18:39:56,2023-07-29 18:39:56,8,,17.54,2.71,Jane,Domestic,15.98 kg,9x18x17,Returned
1662,ORD-707522,ups,TRK239974176,2023-01-31 02:12:32,2023-02-05 02:12:32,8,,25.75,4.22,Emily,,11.05 lbs,7x7x17,Delivered
2291,ORD-276563,UPS,TRK289614306,2023-07-02 08:45:16,2023-07-03 08:45:16,7,,23.51,4.35,Emily,NA,7.17 lbs,18x19x7,Lost
1398,ORD-317656,fedex,TRK236119924,2023-05-26 04:09:44,2023-06-07 04:09:44,6,,30.68,3.52,Emily,Domestic,4.24 lbs,16x5x18,Delivered
176,ORD-366300,USPS,TRK235558563,2023-03-11 19:02:18,2023-03-17 19:02:18,9,,35.8,4.68,David,Domestic,15.31 kg,9x11x5,In Transit
1083,ORD-425707,DHL,TRK768703746,2023-11-01 15:08:02,2023-11-14 15:08:02,4,,41.28,3.41,Sarah,International,4.33 lbs,5x6x11,Exception
1454,ORD-784549,DHL,TRK892939009,2023-10-01 02:53:42,2023-10-11 02:53:42,4,,30.07,2.03,Mike,Domestic,6.69 lbs,16x18x7,Delivered
564,ORD-992694,DHL,TRK447599492,2023-01-16 23:13:43,2023-01-21 23:13:43,3,,23.08,3.8,,EU,19.19 lbs,11x19x9,In Transit
1898,ORD-313977,FedEx,TRK488654270,2023-04-18 04:20:52,2023-04-19 04:20:52,5,,36.11,1.49,KIM,EU,0.63 lbs,14x16x11,In Transit
1277,ORD-173865,DHL,TRK939436359,2023-11-12 15:30:04,2023-11-24 15:30:04,5,,25.18,4.79,  sam  ,Domestic,5.49 lbs,13x10x11,Returned
1725,ORD-520520,UPS,TRK651477129,2023-10-11 23:55:56,2023-10-14 23:55:56,6,,25.04,3.78,Sarah,International,9.56 lbs,17x9x6,In Transit
216,ORD-605409,FedEx,TRK578582126,2023-01-03 10:04:16,2023-01-16 10:04:16,6,,24.77,1.11,Mary,,11.87 kg,13x15x5,Lost
2286,ORD-868527,fedex,TRK717781127,2023-09-16 21:27:35,2023-09-21 21:27:35,8,,18.27,1.73,David,EU,15.67 lbs,6x12x17,Exception
448,ORD-832359,fedex,TRK593213410,2023-04-16 19:44:49,2023-04-21 19:44:49,7,,23.11,4.24,Sarah,EU,7.72 kg,10x17x6,Lost
1457,ORD-903467,ups,TRK455019492,2023-11-27 10:19:41,2023-12-10 10:19:41,2,,21.02,2.93,KIM,International,5.15 lbs,14x12x14,Delivered
330,ORD-107241,UPS,TRK604644255,2023-07-27 10:37:19,2023-08-03 10:37:19,4,,20.26,3.1,chris,International,3.6 lbs,20x18x12,Delivered
2204,ORD-413485,ups,TRK675797735,2023-11-21 12:44:24,2023-11-26 12:44:24,2,,24.32,2.86,John,NA,14.53 lbs,8x5x10,Lost
297,ORD-509710,fedex,TRK609874630,2023-01-19 17:48:12,2023-01-27 17:48:12,9,,28.92,2.78,Mary,NA,18.65 lbs,5x16x15,Returned
1034,ORD-432055,fedex,TRK279085336,2023-03-20 01:12:55,2023-04-01 01:12:55,2,,46.75,3.02,Sarah,International,6.06 lbs,14x10x12,Delivered
1583,ORD-170853,FedEx,TRK883127561,2023-03-01 23:49:51,2023-03-09 23:49:51,3,,38.74,3.39,  sam  ,International,13.68 kg,14x15x12,Lost
889,ORD-920126,fedex,TRK183906494,2023-08-15 00:22:15,2023-08-22 00:22:15,2,,8.97,1.21,KIM,EU,19.0 kg,17x17x15,Lost
2087,ORD-493153,USPS,TRK384945328,2023-01-24 09:30:04,2023-01-28 09:30:04,3,,34.89,1.78,KIM,,5.42 lbs,6x11x15,Exception
653,ORD-994523,UPS,TRK140809603,2023-03-02 03:59:23,2023-03-10 03:59:23,9,,11.08,4.77,Sarah,,15.96 kg,8x12x15,In Transit
2263,ORD-518603,USPS,TRK168931504,2023-04-02 07:45:26,2023-04-15 07:45:26,7,,44.03,3.41,David,NA,6.71 lbs,5x17x11,Delivered
2484,ORD-463922,UPS,TRK391348192,2023-06-30 10:52:08,2023-07-07 10:52:08,8,,25.98,3.78,John,Domestic,5.82 kg,7x11x17,Lost
2136,ORD-728404,UPS,TRK320241914,2023-12-28 02:10:42,2024-01-09 02:10:42,5,,8.79,1.89,KIM,NA,19.76 lbs,13x7x13,In Transit
457,ORD-263198,UPS,TRK700227197,2023-08-02 06:29:55,2023-08-14 06:29:55,4,,8.37,3.3,Alex,International,1.54 lbs,15x7x16,Delivered
1778,ORD-679793,ups,TRK367436586,2023-01-04 11:36:58,2023-01-13 11:36:58,4,,23.07,1.3,KIM,EU,8.77 lbs,11x7x16,Lost
1971,ORD-598303,ups,TRK758174594,2023-03-30 23:42:37,2023-04-12 23:42:37,9,,14.07,4.4,John,NA,14.85 kg,8x10x6,Returned
569,ORD-402931,FedEx,TRK685583777,2023-10-29 11:43:52,2023-11-10 11:43:52,9,,30.86,1.04,Mike,NA,5.11 lbs,6x13x15,Returned
2381,ORD-279666,UPS,TRK150036875,2023-01-07 03:32:29,2023-01-10 03:32:29,9,,24.05,2.72,Sarah,EU,19.72 lbs,20x11x7,Lost
608,ORD-151761,ups,TRK570857082,2023-04-10 10:55:49,2023-04-12 10:55:49,4,,45.66,2.8,  sam  ,Domestic,19.99 kg,13x16x14,In Transit
1106,ORD-501801,fedex,TRK803392988,2023-02-15 10:05:14,2023-02-24 10:05:14,5,,29.32,4.64,  sam  ,,17.76 kg,6x11x17,Lost
1617,ORD-320851,FedEx,TRK344718468,2023-09-16 10:14:59,2023-09-23 10:14:59,8,,22.16,3.29,Emily,EU,17.56 kg,10x16x15,Exception
703,ORD-548906,FedEx,TRK388300260,2023-11-02 01:52:06,2023-11-13 01:52:06,9,,21.03,4.6,,International,15.96 kg,11x20x10,Delivered
857,ORD-104068,USPS,TRK223411112,2023-12-22 13:50:45,2024-01-03 13:50:45,2,,7.8,4.9,,Domestic,15.6 lbs,7x10x13,Delivered
899,ORD-490300,USPS,TRK663616744,2023-11-10 02:44:14,2023-11-22 02:44:14,9,,48.43,2.78,,NA,8.92 lbs,8x5x8,In Transit
501,ORD-457470,DHL,TRK910664481,2023-05-09 18:19:38,2023-05-15 18:19:38,2,,43.06,2.92,John,EU,6.52 lbs,19x18x20,Lost
1296,ORD-416455,fedex,TRK784855775,2023-07-14 09:53:39,2023-07-21 09:53:39,3,,11.35,1.32,chris,NA,0.86 lbs,18x10x9,Delivered
1525,ORD-536915,UPS,TRK591516093,2023-04-30 22:43:24,2023-05-03 22:43:24,3,,32.45,4.25,KIM,,17.7 kg,6x14x5,Delivered
900,ORD-569323,ups,TRK683226803,2023-02-11 16:52:24,2023-02-18 16:52:24,6,,6.45,3.15,KIM,NA,15.75 kg,18x14x20,Lost
620,ORD-316090,UPS,TRK552437209,2024-01-02 02:06:41,2024-01-10 02:06:41,4,,37.34,1.74,Mike,NA,1.39 lbs,15x11x7,Exception
960,ORD-925579,fedex,TRK829546274,2023-12-07 10:50:17,2023-12-10 10:50:17,6,,18.19,1.48,Sarah,EU,8.62 lbs,16x18x16,Returned
1478,ORD-564444,ups,TRK646241764,2023-03-07 18:30:44,2023-03-19 18:30:44,3,,39.87,4.81,Mary,Domestic,6.95 kg,7x10x5,In Transit
1009,ORD-423272,ups,TRK527865580,2023-02-06 09:24:18,2023-02-13 09:24:18,3,,24.73,1.09,KIM,Domestic,18.83 lbs,14x8x20,Returned
33,ORD-916930,ups,TRK753673369,2023-06-04 20:43:10,2023-06-08 20:43:10,5,,13.18,1.93,David,,18.9 lbs,13x16x8,Returned
1337,ORD-613241,UPS,TRK385605278,2023-05-21 02:15:34,2023-05-22 02:15:34,3,,30.15,1.14,Mary,Domestic,7.58 lbs,5x14x18,In Transit
377,ORD-708268,FedEx,TRK345816843,2023-08-12 10:37:48,2023-08-23 10:37:48,2,,22.27,3.05,KIM,,15.96 kg,11x8x9,Lost
1887,ORD-436041,DHL,TRK396595347,2023-04-08 20:12:25,2023-04-21 20:12:25,7,,18.86,2.93,KIM,NA,18.17 kg,17x18x7,Lost
29,ORD-873211,UPS,TRK315404499,2023-04-17 07:21:14,2023-04-20 07:21:14,8,,24.22,2.3,,EU,7.41 lbs,19x14x8,Lost
979,ORD-321051,fedex,TRK985603655,2023-10-16 21:23:54,2023-10-25 21:23:54,7,,8.98,4.13,  sam  ,EU,14.3 kg,11x16x14,In Transit
1594,ORD-831469,USPS,TRK902657507,2023-07-26 15:26:47,2023-08-03 15:26:47,6,,45.57,2.44,Mike,,10.95 kg,7x19x19,Returned
1325,ORD-466703,USPS,TRK766334822,2023-11-26 16:03:12,2023-12-09 16:03:12,5,,26.24,2.15,KIM,Domestic,7.0 lbs,14x10x9,Exception
1052,ORD-307951,UPS,TRK337865324,2023-08-31 12:22:59,2023-09-04 12:22:59,4,,25.83,3.05,chris,NA,1.49 lbs,17x18x5,Exception
2373,ORD-605879,fedex,TRK216126604,2023-09-15 01:37:22,2023-09-18 01:37:22,7,,45.44,3.85,KIM,Domestic,14.11 lbs,12x6x8,Exception
427,ORD-259806,ups,TRK589838700,2022-12-31 19:18:39,2023-01-07 19:18:39,4,,11.08,2.27,David,International,3.82 kg,7x14x15,Delivered
2447,ORD-822522,DHL,TRK386084896,2023-11-21 16:37:36,2023-11-22 16:37:36,7,,20.32,1.63,Mike,Domestic,10.72 lbs,20x14x14,Delivered
233,ORD-116315,FedEx,TRK682419361,2023-10-08 07:55:59,2023-10-14 07:55:59,2,,34.52,3.31,Emily,International,9.62 lbs,17x8x9,Delivered
265,ORD-575427,DHL,TRK560023836,2023-02-09 00:42:25,2023-02-18 00:42:25,2,,25.8,1.54,Alex,,11.38 kg,13x15x11,In Transit
2181,ORD-390686,fedex,TRK755933883,2023-11-23 11:35:54,2023-12-06 11:35:54,7,,12.18,2.71,Alex,EU,13.79 lbs,18x7x11,Exception
405,ORD-683313,UPS,TRK226738120,2023-01-03 04:04:46,2023-01-15 04:04:46,2,,14.39,2.88,Emily,EU,1.46 lbs,11x11x8,Delivered
1158,ORD-908980,ups,TRK829400952,2023-02-25 17:13:49,2023-03-09 17:13:49,8,,43.3,4.12,  sam  ,EU,19.17 lbs,12x11x11,Lost
2260,ORD-779628,FedEx,TRK825534344,2023-09-03 16:05:08,2023-09-09 16:05:08,8,,12.3,2.4,David,NA,14.97 kg,19x19x10,In Transit
987,ORD-244538,ups,TRK676227871,2023-04-27 16:38:24,2023-05-05 16:38:24,8,,19.19,2.83,Mary,EU,7.43 kg,7x12x8,Delivered
437,ORD-347733,fedex,TRK747267652,2023-04-12 22:19:56,2023-04-24 22:19:56,5,,8.51,1.49,KIM,,3.39 lbs,15x9x9,Delivered
784,ORD-751926,ups,TRK779395118,2023-02-02 10:16:58,2023-02-10 10:16:58,9,,35.74,1.4,David,,8.74 lbs,14x14x14,Returned
80,ORD-123353,FedEx,TRK416303465,2023-12-15 12:12:00,2023-12-17 12:12:00,7,,35.38,3.55,John,EU,16.45 kg,15x20x12,Returned
1849,ORD-794273,USPS,TRK830480946,2023-12-22 16:32:17,2023-12-25 16:32:17,4,,39.15,1.48,David,NA,3.25 kg,19x11x5,Delivered
2347,ORD-701606,UPS,TRK366524398,2023-05-11 06:41:40,2023-05-16 06:41:40,4,,26.76,4.49,,,4.84 lbs,10x16x10,Lost
831,ORD-239785,ups,TRK589286910,2023-03-21 13:44:05,2023-03-26 13:44:05,2,,28.03,2.27,KIM,International,18.69 kg,20x20x10,In Transit
36,ORD-499927,fedex,TRK687252457,2023-01-17 10:02:29,2023-01-27 10:02:29,2,,38.76,2.41,Jane,EU,14.83 lbs,9x14x9,Lost
1359,ORD-656623,fedex,TRK150096219,2023-01-17 23:03:36,2023-01-29 23:03:36,5,,40.36,1.99,  sam  ,NA,9.87 kg,14x7x11,Lost
1924,ORD-158425,USPS,TRK679098800,2023-03-20 08:58:44,2023-03-21 08:58:44,4,,29.6,2.3,Jane,EU,17.08 kg,13x16x20,Returned
566,ORD-973757,UPS,TRK614303883,2023-12-15 00:43:08,2023-12-16 00:43:08,4,,21.97,4.04,KIM,NA,2.97 kg,9x8x12,Delivered
2108,ORD-278401,DHL,TRK258905847,2023-03-21 19:30:25,2023-03-28 19:30:25,4,,18.59,4.16,Emily,Domestic,2.18 lbs,18x17x19,In Transit
1946,ORD-955791,fedex,TRK978269130,2024-01-01 16:47:48,2024-01-09 16:47:48,4,,8.77,2.28,Mike,,5.59 lbs,16x11x8,Exception
1965,ORD-886230,UPS,TRK934814020,2023-11-02 18:08:44,2023-11-11 18:08:44,9,,47.92,2.1,Sarah,International,14.62 lbs,9x8x5,In Transit
309,ORD-891182,fedex,TRK514078503,2023-05-16 02:04:09,2023-05-24 02:04:09,5,,30.68,3.42,,International,16.25 kg,20x17x5,Returned
1957,ORD-948834,USPS,TRK419618897,2023-11-24 14:04:47,2023-12-02 14:04:47,4,,20.34,3.6,chris,Domestic,8.58 kg,17x6x7,Delivered
2020,ORD-712540,UPS,TRK470523077,2023-11-07 05:13:47,2023-11-18 05:13:47,7,,40.46,3.94,Mary,EU,14.35 kg,9x9x13,Exception
2315,ORD-354543,ups,TRK835434590,2023-11-16 08:46:45,2023-11-23 08:46:45,7,,45.51,4.88,  sam  ,,9.22 kg,10x19x12,In Transit
638,ORD-345611,FedEx,TRK391316278,2023-03-29 21:33:47,2023-04-07 21:33:47,6,,32.79,2.52,Jane,EU,7.84 lbs,15x13x13,In Transit
1438,ORD-529075,FedEx,TRK399719527,2023-07-13 17:47:22,2023-07-20 17:47:22,8,,39.84,3.19,Sarah,Domestic,9.35 kg,11x14x14,Delivered
2328,ORD-705308,USPS,TRK613730238,2023-06-22 10:45:22,2023-06-24 10:45:22,2,,22.55,2.5,David,NA,7.91 lbs,19x9x20,Lost
2064,ORD-209482,USPS,TRK665890749,2023-11-15 04:13:52,2023-11-28 04:13:52,8,,5.56,4.03,KIM,International,2.4 kg,6x13x6,Exception
943,ORD-578503,ups,TRK671405777,2023-07-06 11:15:52,2023-07-17 11:15:52,9,,37.86,4.11,Alex,International,2.38 lbs,10x9x10,Exception
1781,ORD-882373,FedEx,TRK100241008,2023-08-17 07:38:01,2023-08-28 07:38:01,2,,19.4,4.16,KIM,Domestic,10.76 kg,11x17x7,In Transit
39,ORD-436336,FedEx,TRK697567976,2023-08-08 14:16:36,2023-08-09 14:16:36,8,,49.45,4.1,KIM,International,6.43 lbs,5x11x15,Exception
2019,ORD-971526,USPS,TRK166505549,2023-02-20 19:07:59,2023-03-04 19:07:59,6,,17.3,1.11,Sarah,NA,2.84 kg,10x10x11,Returned
1365,ORD-211385,UPS,TRK562206803,2023-09-09 20:14:14,2023-09-14 20:14:14,6,,23.36,4.15,,International,4.06 lbs,12x15x5,Lost
1263,ORD-555995,FedEx,TRK502368885,2023-04-17 03:02:25,2023-04-20 03:02:25,9,,40.42,2.01,chris,International,15.67 kg,13x15x19,Delivered
426,ORD-721176,UPS,TRK991720924,2023-06-09 16:40:26,2023-06-16 16:40:26,6,,38.69,3.04,KIM,International,14.16 lbs,5x17x5,Delivered
2126,ORD-510680,fedex,TRK716238548,2023-11-26 17:37:12,2023-12-05 17:37:12,9,,49.89,3.31,John,Domestic,17.85 kg,19x7x18,Returned
1756,ORD-625063,FedEx,TRK272917294,2023-07-08 04:58:14,2023-07-16 04:58:14,3,,33.78,1.96,Emily,EU,18.24 kg,8x9x20,Delivered
326,ORD-959376,UPS,TRK428789139,2023-03-09 19:11:27,2023-03-20 19:11:27,9,,44.12,3.59,Jane,NA,4.55 lbs,14x19x7,Lost
1131,ORD-631764,USPS,TRK195681583,2023-05-05 03:12:02,2023-05-13 03:12:02,6,,26.01,1.42,David,International,15.35 lbs,8x9x12,Lost
704,ORD-167480,USPS,TRK829783630,2023-08-05 13:16:33,2023-08-16 13:16:33,6,,36.71,4.97,KIM,,9.41 lbs,18x5x8,Returned
22,ORD-241348,ups,TRK870820092,2023-12-15 00:27:22,2023-12-22 00:27:22,6,,29.38,3.62,David,,18.26 kg,15x17x19,Lost
2112,ORD-986067,ups,TRK665658089,2023-05-02 11:38:44,2023-05-12 11:38:44,8,,41.95,3.35,Sarah,NA,3.38 lbs,14x8x17,Lost
2076,ORD-249127,DHL,TRK226501181,2024-01-02 14:01:22,2024-01-11 14:01:22,9,,6.81,4.76,KIM,International,4.75 lbs,20x6x15,Exception
2307,ORD-989222,USPS,TRK525096591,2023-05-31 13:13:03,2023-06-01 13:13:03,8,,22.47,3.65,  sam  ,NA,2.5 lbs,6x10x17,Returned
602,ORD-883087,UPS,TRK736200908,2023-08-31 23:23:10,2023-09-01 23:23:10,9,,28.03,2.65,,NA,14.91 lbs,11x17x5,In Transit
962,ORD-126395,FedEx,TRK251125325,2023-05-01 04:27:30,2023-05-02 04:27:30,5,,37.82,3.56,,Domestic,13.13 kg,10x10x10,Returned
464,ORD-319461,UPS,TRK233270937,2023-04-12 05:27:32,2023-04-14 05:27:32,7,,26.91,2.37,chris,NA,8.62 lbs,7x10x10,Delivered
1628,ORD-126256,fedex,TRK949910635,2023-12-18 11:58:44,2023-12-25 11:58:44,9,,39.02,1.15,KIM,EU,1.43 lbs,18x7x20,In Transit
1178,ORD-681174,UPS,TRK107102796,2023-10-27 20:37:22,2023-10-30 20:37:22,9,,26.15,4.34,Sarah,Domestic,1.94 kg,19x18x5,Delivered
2133,ORD-446898,UPS,TRK564832423,2023-06-14 07:31:50,2023-06-27 07:31:50,5,,6.19,3.53,  sam  ,NA,17.24 lbs,5x5x17,In Transit
1316,ORD-635626,FedEx,TRK614491181,2023-02-24 09:54:18,2023-02-27 09:54:18,8,,9.49,1.58,John,,14.01 lbs,6x20x13,Lost
1036,ORD-821596,USPS,TRK452218838,2023-02-15 13:45:19,2023-02-25 13:45:19,2,,47.08,1.6,Emily,Domestic,10.42 kg,6x14x9,Returned
1349,ORD-280055,ups,TRK925324499,2023-09-21 03:15:01,2023-09-24 03:15:01,3,,48.13,3.5,Mike,NA,19.04 kg,6x10x18,Lost
1017,ORD-919970,fedex,TRK120529484,2023-03-05 20:00:19,2023-03-12 20:00:19,4,,43.97,2.2,,International,13.96 kg,12x9x7,Lost
970,ORD-608745,UPS,TRK106334457,2023-09-02 04:17:32,2023-09-04 04:17:32,8,,20.75,1.55,Mary,International,1.6 kg,7x13x18,Exception
1718,ORD-500000,ups,TRK820017061,2023-08-16 04:07:14,2023-08-22 04:07:14,2,,37.25,2.54,  sam  ,EU,2.93 lbs,14x20x8,Delivered
750,ORD-253165,ups,TRK844752746,2023-03-26 07:39:12,2023-03-29 07:39:12,3,,42.51,3.86,chris,Domestic,1.16 kg,13x18x8,Delivered
472,ORD-136668,UPS,TRK600598487,2023-03-21 19:29:26,2023-03-31 19:29:26,2,,34.07,2.19,Jane,EU,12.0 lbs,16x13x19,Delivered
2114,ORD-679244,USPS,TRK417104559,2023-12-21 12:25:22,2023-12-25 12:25:22,3,,37.44,4.29,John,EU,12.23 lbs,11x19x20,Returned
279,ORD-891283,DHL,TRK408194191,2023-01-12 10:55:59,2023-01-24 10:55:59,8,,9.59,2.0,John,International,14.77 kg,18x10x16,Returned
656,ORD-373742,FedEx,TRK159011735,2023-11-08 11:12:23,2023-11-13 11:12:23,7,,33.11,1.52,Mike,Domestic,10.81 kg,19x20x7,Delivered
1615,ORD-776987,DHL,TRK293069472,2023-03-01 08:36:09,2023-03-08 08:36:09,3,,10.24,3.66,Alex,International,7.3 lbs,9x6x18,Exception
2037,ORD-285418,DHL,TRK863468378,2023-10-11 19:57:32,2023-10-23 19:57:32,4,,30.57,3.97,John,NA,4.51 lbs,15x6x11,Returned
2377,ORD-969692,FedEx,TRK122977390,2023-01-26 18:49:24,2023-01-28 18:49:24,5,,34.31,1.19,Emily,International,6.64 kg,17x20x20,Exception
1212,ORD-632799,UPS,TRK325919307,2023-08-03 12:33:15,2023-08-06 12:33:15,5,,15.65,2.17,  sam  ,Domestic,13.97 lbs,6x12x7,Lost
1575,ORD-569209,USPS,TRK138648472,2023-11-20 22:15:48,2023-11-25 22:15:48,4,,19.3,1.64,John,Domestic,13.11 kg,15x14x12,Exception
287,ORD-416915,USPS,TRK867663157,2023-05-31 23:00:24,2023-06-11 23:00:24,3,,7.86,2.66,Mary,Domestic,9.57 kg,16x14x7,Exception
2342,ORD-934739,UPS,TRK838963826,2023-11-28 20:19:20,2023-12-05 20:19:20,9,,35.36,3.47,Mary,,2.86 kg,10x8x17,Returned
1020,ORD-155047,ups,TRK579327090,2023-07-06 05:27:32,2023-07-11 05:27:32,3,,42.71,2.84,Alex,,11.84 lbs,16x15x5,Returned
1144,ORD-655169,FedEx,TRK406322946,2023-11-29 03:20:48,2023-12-04 03:20:48,3,,45.45,1.31,John,NA,3.68 lbs,13x18x12,Exception
2040,ORD-102004,FedEx,TRK980829496,2023-10-22 02:38:00,2023-11-01 02:38:00,9,,35.28,1.33,KIM,NA,8.96 kg,6x6x6,Delivered
1692,ORD-322461,ups,TRK936330736,2023-10-06 12:26:51,2023-10-07 12:26:51,4,,47.7,4.87,chris,Domestic,8.46 lbs,13x16x19,Delivered
1473,ORD-475208,USPS,TRK677616516,2023-10-26 17:08:16,2023-11-08 17:08:16,4,,19.78,2.8,Mike,,13.76 kg,6x11x8,Lost
730,ORD-365645,USPS,TRK440244510,2023-12-25 05:57:55,2023-12-28 05:57:55,2,,15.72,4.48,Sarah,NA,17.09 lbs,19x18x6,Lost
258,ORD-145321,USPS,TRK820833855,2023-04-18 00:54:47,2023-04-19 00:54:47,2,,49.99,4.4,,Domestic,2.3 kg,11x19x7,In Transit
2134,ORD-822589,USPS,TRK488205198,2023-03-05 13:26:38,2023-03-06 13:26:38,2,,40.25,2.26,,NA,17.48 lbs,9x19x10,Lost
1320,ORD-870268,fedex,TRK309361888,2023-05-31 21:53:13,2023-06-12 21:53:13,7,,37.86,2.44,John,,10.05 lbs,15x10x8,Delivered
2055,ORD-113280,DHL,TRK446249676,2023-01-30 05:09:55,2023-02-03 05:09:55,2,,9.87,4.89,Emily,EU,18.46 kg,8x9x5,Returned
295,ORD-953555,UPS,TRK765077584,2023-11-11 03:22:16,2023-11-18 03:22:16,3,,16.26,2.68,Jane,,3.31 kg,5x12x15,In Transit
2406,ORD-189960,ups,TRK591122305,2023-01-20 01:53:22,2023-01-22 01:53:22,2,,13.54,2.74,  sam  ,,8.23 kg,8x5x12,Returned
1694,ORD-572459,FedEx,TRK728678309,2023-02-04 04:58:10,2023-02-15 04:58:10,2,,33.19,3.11,,,7.08 kg,10x8x16,Lost
759,ORD-538399,DHL,TRK151501467,2023-12-25 05:16:53,2023-12-27 05:16:53,3,,38.79,3.7,Sarah,EU,7.13 kg,17x16x9,Delivered
2297,ORD-731042,fedex,TRK980408143,2023-02-17 08:28:43,2023-02-26 08:28:43,8,,35.75,2.2,Jane,Domestic,6.18 kg,17x14x5,Lost
2018,ORD-734653,DHL,TRK274691904,2023-02-05 03:29:21,2023-02-13 03:29:21,8,,40.32,2.02,Alex,EU,5.08 lbs,9x14x20,In Transit
660,ORD-735086,UPS,TRK406822600,2023-03-26 11:17:45,2023-03-29 11:17:45,6,,37.44,1.04,Mary,EU,10.1 kg,16x16x9,Delivered
1518,ORD-356458,UPS,TRK621367854,2023-07-21 02:45:51,2023-07-27 02:45:51,6,,41.36,3.96,Alex,EU,16.23 kg,5x13x7,In Transit
41,ORD-297810,USPS,TRK578995660,2023-10-23 03:15:47,2023-11-02 03:15:47,7,,33.32,2.96,,Domestic,13.04 lbs,11x14x17,Delivered
1085,ORD-409420,FedEx,TRK791089891,2023-11-01 17:33:14,2023-11-03 17:33:14,8,,13.55,1.6,  sam  ,EU,14.49 kg,14x20x8,In Transit
873,ORD-953819,USPS,TRK288000240,2023-05-05 17:32:20,2023-05-16 17:32:20,6,,36.46,3.78,Mary,,15.62 kg,17x7x18,In Transit
1053,ORD-449254,FedEx,TRK260017850,2023-02-09 21:54:14,2023-02-22 21:54:14,7,,19.25,4.08,chris,,7.51 lbs,7x18x18,Returned
2032,ORD-587273,ups,TRK132608387,2023-09-23 10:29:08,2023-09-27 10:29:08,9,,33.33,1.3,  sam  ,EU,18.22 lbs,9x18x20,Lost
1394,ORD-949928,ups,TRK126489879,2023-02-21 11:39:48,2023-03-05 11:39:48,8,,28.74,3.58,Alex,EU,11.79 lbs,15x17x17,Returned
652,ORD-721833,fedex,TRK477063671,2023-01-22 15:36:50,2023-01-25 15:36:50,4,,28.4,1.2,David,International,12.25 lbs,19x19x13,Exception
1198,ORD-291667,DHL,TRK349231579,2023-06-16 09:50:42,2023-06-17 09:50:42,4,,16.92,1.07,Jane,EU,17.7 lbs,19x11x19,Lost
2471,ORD-985858,fedex,TRK892284395,2023-09-02 22:33:19,2023-09-11 22:33:19,7,,49.62,4.69,chris,EU,16.38 lbs,16x8x6,Delivered
742,ORD-260789,UPS,TRK789756805,2023-01-23 19:22:52,2023-02-03 19:22:52,2,,29.28,2.47,,,3.24 kg,7x7x20,Lost
2476,ORD-712401,USPS,TRK879214652,2023-03-24 08:24:39,2023-03-30 08:24:39,9,,35.91,3.71,John,NA,13.87 lbs,9x6x7,Returned
1619,ORD-955277,UPS,TRK620836567,2023-07-13 22:20:47,2023-07-15 22:20:47,7,,12.64,1.09,Mike,EU,1.44 kg,18x13x15,Delivered
1614,ORD-731620,USPS,TRK852731738,2023-05-25 01:17:05,2023-05-31 01:17:05,8,,9.35,2.1,David,International,18.77 lbs,15x5x8,In Transit
762,ORD-811296,ups,TRK714000473,2023-03-11 03:06:32,2023-03-16 03:06:32,9,,21.91,2.24,  sam  ,NA,2.42 kg,19x18x8,Returned
1331,ORD-274082,UPS,TRK989349156,2023-11-04 04:48:13,2023-11-12 04:48:13,7,,28.59,4.1,KIM,EU,6.07 lbs,15x14x10,In Transit
1963,ORD-257902,fedex,TRK950439374,2023-09-19 22:20:10,2023-09-21 22:20:10,3,,27.44,1.76,Emily,EU,19.49 kg,16x6x8,In Transit
238,ORD-155242,USPS,TRK353346158,2023-06-27 03:33:18,2023-07-03 03:33:18,4,,12.15,4.45,KIM,International,14.62 lbs,14x17x17,Returned
1523,ORD-955494,DHL,TRK547644560,2023-12-29 23:36:49,2024-01-09 23:36:49,7,,5.86,2.54,Jane,International,19.51 lbs,8x11x17,Exception
1767,ORD-735342,DHL,TRK156835597,2023-03-15 12:37:18,2023-03-22 12:37:18,4,,21.01,1.68,David,International,8.54 kg,17x6x16,In Transit
2058,ORD-299271,USPS,TRK554453321,2023-04-20 15:16:55,2023-04-22 15:16:55,2,,8.92,3.69,Sarah,,19.59 kg,14x7x7,Delivered
1318,ORD-681775,FedEx,TRK441781019,2023-12-24 15:36:34,2023-12-29 15:36:34,9,,38.9,1.79,Mary,Domestic,15.14 lbs,11x5x20,Exception
893,ORD-718494,UPS,TRK397679718,2023-08-13 11:06:07,2023-08-19 11:06:07,5,,37.31,3.09,  sam  ,NA,14.35 kg,20x19x13,Exception
1639,ORD-943498,FedEx,TRK782949961,2023-02-11 04:33:42,2023-02-13 04:33:42,7,,48.81,4.37,Sarah,International,5.01 lbs,11x7x19,Lost
982,ORD-111137,UPS,TRK104213011,2023-10-21 05:52:10,2023-10-28 05:52:10,6,,29.42,3.18,Sarah,NA,9.04 kg,5x14x19,Delivered
456,ORD-770275,FedEx,TRK350330852,2023-11-23 15:14:34,2023-12-04 15:14:34,6,,20.13,2.77,Alex,EU,5.33 lbs,11x8x10,Delivered
1241,ORD-165679,ups,TRK427027334,2023-08-15 12:34:20,2023-08-24 12:34:20,5,,9.32,3.62,Mike,Domestic,11.0 kg,15x15x6,Lost
1001,ORD-390938,ups,TRK215705200,2023-06-18 02:45:50,2023-06-24 02:45:50,8,,25.63,2.09,Mary,NA,13.74 kg,12x14x20,Exception
628,ORD-751062,UPS,TRK556760028,2023-08-17 07:42:20,2023-08-30 07:42:20,6,,45.13,2.77,Jane,International,12.87 kg,15x11x8,Lost
2416,ORD-148609,fedex,TRK696172139,2023-07-20 14:02:56,2023-07-23 14:02:56,6,,41.41,2.83,KIM,EU,10.21 kg,6x13x13,Delivered
1782,ORD-773506,USPS,TRK345398794,2023-12-25 16:23:16,2023-12-26 16:23:16,9,,42.47,1.19,Jane,EU,13.7 lbs,15x6x15,In Transit
924,ORD-266843,USPS,TRK321394821,2023-07-28 01:57:30,2023-08-10 01:57:30,3,,7.23,4.22,Sarah,NA,7.63 lbs,10x20x20,Delivered
791,ORD-496945,USPS,TRK376712179,2023-04-07 02:11:07,2023-04-14 02:11:07,5,,35.71,4.45,John,EU,6.57 kg,14x16x20,Returned
1599,ORD-929503,UPS,TRK813106740,2023-09-04 20:44:37,2023-09-08 20:44:37,4,,10.79,4.01,Emily,International,2.22 lbs,9x18x15,In Transit
1620,ORD-718571,UPS,TRK295724019,2023-01-31 20:03:37,2023-02-03 20:03:37,8,,19.03,3.95,  sam  ,EU,4.45 lbs,5x12x5,Lost
188,ORD-246269,UPS,TRK201673616,2023-02-06 07:27:51,2023-02-15 07:27:51,2,,12.76,1.79,KIM,NA,1.61 kg,20x11x17,In Transit
2395,ORD-135283,DHL,TRK951085375,2023-10-02 12:28:51,2023-10-05 12:28:51,5,,19.58,3.26,Jane,NA,13.39 lbs,12x18x11,Delivered
1016,ORD-943618,ups,TRK627681311,2023-08-31 04:09:04,2023-09-13 04:09:04,7,,40.09,2.79,Jane,Domestic,8.68 kg,10x13x18,Lost
598,ORD-476735,fedex,TRK483883376,2023-08-05 18:54:59,2023-08-18 18:54:59,3,,21.29,2.73,Alex,,0.9 kg,18x5x20,Exception
1686,ORD-824414,USPS,TRK167316382,2023-06-17 08:58:11,2023-06-29 08:58:11,8,,38.04,1.17,Jane,International,13.3 lbs,15x9x8,Lost
1139,ORD-528374,USPS,TRK866547710,2023-02-25 18:31:52,2023-03-04 18:31:52,2,,21.37,2.63,chris,EU,16.15 lbs,16x20x9,Lost
1102,ORD-183507,UPS,TRK293813250,2023-09-07 21:49:50,2023-09-10 21:49:50,5,,35.64,1.84,,Domestic,16.91 lbs,10x13x17,Returned
452,ORD-331009,USPS,TRK989112055,2023-05-25 21:04:40,2023-06-02 21:04:40,2,,38.44,2.75,Jane,Domestic,13.94 lbs,7x6x5,Lost
1640,ORD-646043,USPS,TRK678661820,2023-06-13 00:35:23,2023-06-23 00:35:23,9,,44.98,4.56,KIM,Domestic,1.93 lbs,9x11x12,Exception
1787,ORD-832049,DHL,TRK564188410,2023-08-24 13:56:21,2023-08-28 13:56:21,5,,40.98,2.27,chris,NA,10.98 lbs,15x11x20,Lost
952,ORD-158676,USPS,TRK498168765,2023-10-18 06:12:54,2023-10-19 06:12:54,9,,18.9,1.43,Emily,NA,17.05 lbs,11x8x18,In Transit
1278,ORD-518048,UPS,TRK853471892,2023-06-12 06:31:26,2023-06-24 06:31:26,6,,11.47,3.83,Alex,International,4.0 lbs,13x8x17,In Transit
417,ORD-841303,FedEx,TRK562624194,2023-02-17 04:02:21,2023-03-01 04:02:21,5,,46.83,1.46,Alex,Domestic,11.75 lbs,15x15x6,Delivered
1960,ORD-809600,DHL,TRK692838618,2023-09-21 05:23:31,2023-10-03 05:23:31,6,,30.34,4.16,Alex,NA,3.48 lbs,20x6x13,Returned
1307,ORD-817271,USPS,TRK550863279,2023-06-09 01:56:31,2023-06-17 01:56:31,5,,21.9,3.1,John,,12.08 lbs,19x13x13,Delivered
2089,ORD-874986,fedex,TRK393274434,2023-05-05 22:17:24,2023-05-12 22:17:24,9,,10.69,1.36,Mary,Domestic,14.97 lbs,17x18x5,In Transit
733,ORD-991735,fedex,TRK792184754,2023-09-23 09:07:07,2023-10-02 09:07:07,5,,22.83,4.59,John,International,9.79 lbs,17x7x9,In Transit
2168,ORD-789122,fedex,TRK681932768,2023-01-27 22:41:18,2023-01-29 22:41:18,4,,46.0,4.48,,NA,4.04 kg,18x6x12,In Transit
2201,ORD-296996,UPS,TRK999251422,2023-12-02 13:43:26,2023-12-04 13:43:26,9,,8.79,4.24,Mike,EU,4.57 kg,17x14x19,Returned
87,ORD-475657,USPS,TRK500537559,2023-12-13 20:37:54,2023-12-24 20:37:54,7,,5.93,2.7,  sam  ,Domestic,1.12 kg,13x9x19,Returned
1512,ORD-369863,DHL,TRK668873974,2023-08-10 13:25:32,2023-08-23 13:25:32,3,,46.5,1.73,Alex,EU,0.9 kg,9x11x8,In Transit
2385,ORD-273513,fedex,TRK318378594,2023-10-11 17:12:46,2023-10-23 17:12:46,3,,35.41,1.86,Jane,EU,8.64 lbs,16x15x15,Lost
1443,ORD-403226,fedex,TRK911913631,2023-07-03 08:38:42,2023-07-11 08:38:42,7,,14.32,3.11,Alex,International,2.91 lbs,19x17x19,Delivered
235,ORD-375821,USPS,TRK216673015,2023-03-30 14:29:00,2023-04-05 14:29:00,3,,6.13,1.17,Jane,NA,13.38 lbs,17x5x7,Returned
815,ORD-628218,UPS,TRK856779652,2023-06-08 23:38:10,2023-06-21 23:38:10,8,,19.88,4.9,Jane,,16.55 lbs,10x11x8,Returned
291,ORD-490763,UPS,TRK933274653,2023-11-04 02:42:26,2023-11-08 02:42:26,3,,9.68,1.72,KIM,Domestic,18.0 lbs,13x16x19,Delivered
1486,ORD-570535,USPS,TRK161799156,2023-11-22 14:53:06,2023-11-25 14:53:06,9,,19.11,2.62,Mary,,2.64 kg,9x5x10,Exception
2326,ORD-988957,DHL,TRK431430333,2023-08-11 06:27:54,2023-08-13 06:27:54,6,,14.69,4.71,David,NA,17.52 lbs,8x17x13,Lost
269,ORD-478769,USPS,TRK598363385,2023-03-29 08:37:26,2023-03-30 08:37:26,7,,23.19,4.42,Jane,International,9.07 lbs,11x9x10,Exception
1322,ORD-819833,DHL,TRK282249443,2023-11-05 13:25:15,2023-11-15 13:25:15,3,,29.55,1.33,John,Domestic,9.09 kg,8x17x12,Exception
1677,ORD-550874,FedEx,TRK447615115,2023-04-29 23:12:57,2023-05-03 23:12:57,6,,42.83,3.64,chris,International,19.98 lbs,18x15x15,Returned
1177,ORD-864432,USPS,TRK783310545,2023-10-10 10:30:33,2023-10-18 10:30:33,8,,20.28,1.13,,EU,1.7 kg,10x14x11,Lost
1397,ORD-744290,FedEx,TRK258028269,2023-11-15 17:06:04,2023-11-25 17:06:04,8,,22.46,2.35,,NA,2.71 kg,16x13x9,Delivered
419,ORD-567587,FedEx,TRK673057380,2023-12-12 01:15:32,2023-12-14 01:15:32,9,,22.24,4.64,Jane,Domestic,13.11 lbs,19x20x7,Exception
1873,ORD-550352,FedEx,TRK485879971,2023-08-28 21:19:31,2023-08-29 21:19:31,6,,26.57,1.35,Sarah,Domestic,2.19 lbs,12x5x7,Delivered
940,ORD-511760,FedEx,TRK300074907,2023-02-19 19:25:49,2023-02-21 19:25:49,8,,12.82,2.62,Emily,NA,15.82 kg,12x14x15,In Transit
2325,ORD-948077,FedEx,TRK410796104,2023-09-30 23:15:46,2023-10-12 23:15:46,9,,12.02,1.94,Alex,International,16.62 kg,9x9x18,Delivered
1055,ORD-778771,UPS,TRK573618547,2023-03-20 03:32:30,2023-03-26 03:32:30,2,,15.03,3.81,Jane,,11.36 lbs,8x11x15,Returned
1955,ORD-344054,UPS,TRK364905197,2023-08-26 18:03:46,2023-08-30 18:03:46,4,,37.32,4.82,,Domestic,10.14 kg,5x7x18,In Transit
2465,ORD-244568,UPS,TRK146839876,2023-09-03 02:24:36,2023-09-09 02:24:36,2,,48.39,3.18,KIM,NA,18.33 lbs,8x12x9,Exception
1341,ORD-415989,USPS,TRK751750667,2023-05-17 06:47:21,2023-05-21 06:47:21,2,,40.25,2.97,Emily,NA,7.28 kg,17x5x7,Returned
1811,ORD-754187,fedex,TRK265297967,2023-04-25 15:29:28,2023-04-27 15:29:28,6,,13.23,4.24,David,EU,9.65 lbs,12x7x8,Lost
1207,ORD-966342,FedEx,TRK201081531,2023-06-19 08:50:31,2023-06-22 08:50:31,5,,46.59,1.97,Mike,Domestic,9.85 lbs,9x16x13,Delivered
386,ORD-637048,ups,TRK705988693,2023-11-02 08:26:34,2023-11-08 08:26:34,6,,32.86,2.17,Mary,,17.69 lbs,14x6x8,In Transit
1069,ORD-877287,FedEx,TRK308947610,2023-01-24 22:46:59,2023-01-29 22:46:59,5,,39.82,3.48,John,EU,7.01 lbs,12x19x12,Exception
706,ORD-672220,FedEx,TRK882557296,2023-11-29 02:40:21,2023-12-07 02:40:21,6,,13.94,4.78,Jane,EU,8.42 kg,12x20x9,Exception
2459,ORD-102231,FedEx,TRK437849508,2023-08-02 08:50:07,2023-08-13 08:50:07,9,,9.09,2.76,John,International,5.66 kg,17x20x18,Returned
2017,ORD-821423,FedEx,TRK996416518,2023-12-19 04:55:07,2023-12-22 04:55:07,8,,31.05,4.89,Alex,EU,14.99 kg,9x14x8,Returned
512,ORD-810051,DHL,TRK380110936,2023-11-10 13:58:21,2023-11-19 13:58:21,7,,36.75,1.36,Sarah,NA,4.06 kg,19x6x5,In Transit
128,ORD-512349,ups,TRK742218137,2023-09-11 04:52:26,2023-09-15 04:52:26,8,,49.57,1.46,Mary,Domestic,5.2 lbs,5x20x9,Lost
214,ORD-366715,ups,TRK821272249,2023-09-02 01:08:49,2023-09-15 01:08:49,8,,45.89,1.71,chris,,7.38 lbs,11x6x17,Exception
2446,ORD-777510,FedEx,TRK900843927,2023-06-03 13:28:02,2023-06-04 13:28:02,7,,41.95,2.91,Sarah,EU,7.66 lbs,17x20x16,In Transit
2000,ORD-628849,DHL,TRK151456643,2023-06-08 12:49:34,2023-06-21 12:49:34,8,,34.42,4.33,Jane,Domestic,6.31 lbs,15x11x19,Returned
2387,ORD-605163,ups,TRK995120738,2023-04-21 12:18:30,2023-04-23 12:18:30,6,,16.3,4.91,,NA,6.94 kg,15x14x20,Returned
395,ORD-330681,FedEx,TRK620642823,2023-12-21 20:41:43,2023-12-31 20:41:43,4,,14.96,3.06,Mary,EU,11.6 kg,11x12x19,Exception
446,ORD-771731,DHL,TRK543433227,2023-10-16 11:18:16,2023-10-24 11:18:16,3,,49.61,4.22,Alex,International,2.28 lbs,13x6x10,Delivered
754,ORD-793224,fedex,TRK662380631,2023-08-03 22:57:30,2023-08-05 22:57:30,2,,40.03,2.06,  sam  ,EU,15.62 kg,12x20x20,Returned
874,ORD-700308,USPS,TRK160293309,2023-12-16 18:36:49,2023-12-20 18:36:49,9,,36.9,3.91,David,,2.43 lbs,20x15x17,Exception
1596,ORD-853331,USPS,TRK482180436,2023-07-17 10:43:13,2023-07-21 10:43:13,6,,41.35,1.84,,NA,3.37 kg,6x8x10,Exception
1364,ORD-360838,USPS,TRK761552924,2023-02-17 23:26:09,2023-02-19 23:26:09,5,,44.36,2.56,  sam  ,,8.92 lbs,16x7x15,Exception
1585,ORD-620117,DHL,TRK496869296,2023-05-27 06:06:53,2023-05-29 06:06:53,3,,38.64,1.21,Jane,Domestic,10.28 lbs,10x13x16,Delivered
1562,ORD-901128,USPS,TRK700795192,2023-11-11 11:49:20,2023-11-23 11:49:20,3,,28.39,1.66,chris,Domestic,9.44 lbs,13x7x14,Lost
1250,ORD-642082,DHL,TRK724441726,2023-09-04 06:02:03,2023-09-07 06:02:03,9,,46.32,1.11,Mike,International,2.44 kg,5x20x11,Delivered
1305,ORD-429500,USPS,TRK106355010,2023-11-24 10:13:25,2023-11-30 10:13:25,9,,45.89,1.97,David,Domestic,10.09 kg,17x5x19,In Transit
2002,ORD-497564,UPS,TRK809997645,2023-09-03 12:47:44,2023-09-14 12:47:44,3,,30.96,4.52,  sam  ,EU,18.22 lbs,11x9x12,In Transit
2129,ORD-130558,ups,TRK373710846,2023-02-27 05:24:36,2023-03-11 05:24:36,8,,7.16,1.63,David,EU,15.28 lbs,19x8x14,Exception
907,ORD-272897,USPS,TRK482564836,2023-05-19 05:10:00,2023-05-28 05:10:00,2,,47.31,2.36,  sam  ,NA,10.53 lbs,10x16x15,Returned
1135,ORD-688586,USPS,TRK572883166,2023-06-18 11:04:54,2023-06-22 11:04:54,7,,23.18,2.42,David,Domestic,11.77 kg,20x18x7,Delivered
207,ORD-390935,FedEx,TRK346550489,2023-07-07 22:44:48,2023-07-14 22:44:48,5,,43.25,2.29,David,EU,11.45 kg,7x17x7,Lost
1932,ORD-942827,DHL,TRK804215414,2023-09-23 11:43:54,2023-10-02 11:43:54,5,,34.09,4.95,Mike,,1.82 lbs,13x6x11,In Transit
3,ORD-590837,ups,TRK709687073,2023-03-30 07:43:26,2023-04-12 07:43:26,9,,41.98,2.3,,Domestic,6.72 lbs,16x9x6,In Transit
584,ORD-155653,DHL,TRK106731280,2023-07-10 22:31:47,2023-07-19 22:31:47,9,,47.75,4.85,Emily,EU,0.77 lbs,20x5x12,Returned
336,ORD-866683,DHL,TRK863383518,2023-06-28 17:16:59,2023-07-09 17:16:59,9,,25.38,1.26,  sam  ,International,12.17 lbs,9x14x16,Returned
57,ORD-538963,FedEx,TRK729185021,2023-08-30 17:19:16,2023-09-04 17:19:16,9,,36.71,4.83,Sarah,International,18.72 kg,10x16x6,Returned
1123,ORD-242278,USPS,TRK464262741,2023-12-21 20:52:45,2024-01-02 20:52:45,7,,12.79,1.18,John,Domestic,8.24 kg,19x5x14,Returned
2085,ORD-720955,fedex,TRK780766917,2023-12-07 07:26:50,2023-12-10 07:26:50,9,,41.05,4.63,Emily,EU,19.68 kg,11x5x5,Lost
680,ORD-803535,DHL,TRK296238598,2023-06-26 01:35:23,2023-07-01 01:35:23,6,,46.76,4.4,,Domestic,11.37 kg,9x10x14,In Transit
2080,ORD-994117,USPS,TRK913266424,2023-09-18 04:36:31,2023-09-24 04:36:31,3,,20.05,3.17,Emily,Domestic,19.01 kg,13x19x12,Returned
505,ORD-892720,ups,TRK961647138,2023-09-29 19:56:51,2023-09-30 19:56:51,4,,44.01,3.25,David,International,11.98 kg,6x8x15,Returned
794,ORD-833030,UPS,TRK938115907,2023-11-18 00:22:48,2023-11-20 00:22:48,6,,9.55,1.28,John,Domestic,13.23 lbs,5x7x6,Lost
1811,ORD-754187,fedex,TRK265297967,2023-04-25 15:29:28,2023-04-27 15:29:28,6,,13.23,4.24,David,EU,9.65 lbs,12x7x8,Lost
331,ORD-428588,USPS,TRK532806266,2023-10-24 01:39:18,2023-11-03 01:39:18,6,,44.36,3.95,KIM,NA,9.68 lbs,7x7x17,Lost
73,ORD-344580,USPS,TRK310382808,2023-01-28 15:16:19,2023-02-01 15:16:19,7,,19.62,1.06,Alex,NA,13.31 lbs,19x8x14,Lost
460,ORD-372471,FedEx,TRK272225630,2023-07-21 23:37:27,2023-07-23 23:37:27,4,,22.04,3.71,Alex,NA,16.2 lbs,20x14x14,In Transit
1120,ORD-581819,USPS,TRK964589178,2023-05-23 10:29:48,2023-05-27 10:29:48,8,,26.67,4.42,John,Domestic,6.94 kg,9x8x17,Lost
213,ORD-485864,DHL,TRK127753513,2023-11-10 16:29:55,2023-11-18 16:29:55,3,,44.63,3.97,John,,3.27 lbs,12x17x8,In Transit
482,ORD-331187,fedex,TRK301250275,2023-09-09 15:02:23,2023-09-19 15:02:23,2,,8.25,1.71,Sarah,NA,1.3 lbs,19x15x13,Exception
535,ORD-802704,DHL,TRK344771325,2023-10-03 03:19:35,2023-10-05 03:19:35,6,,14.42,3.17,Jane,Domestic,19.34 kg,5x19x9,Exception
786,ORD-135007,FedEx,TRK441601405,2023-09-01 00:08:57,2023-09-10 00:08:57,3,,26.31,4.78,KIM,EU,1.04 lbs,18x17x7,In Transit
529,ORD-777073,fedex,TRK508347820,2023-12-27 06:27:24,2023-12-28 06:27:24,8,,13.44,3.74,,Domestic,8.79 lbs,5x16x18,Delivered
1371,ORD-674266,FedEx,TRK995639963,2023-10-03 09:02:59,2023-10-06 09:02:59,6,,40.36,1.08,David,EU,3.59 kg,17x16x11,Delivered
2106,ORD-481723,DHL,TRK602913601,2023-05-24 21:08:08,2023-05-27 21:08:08,8,,48.66,4.75,,EU,6.58 lbs,14x20x14,Delivered
1062,ORD-384266,FedEx,TRK424304548,2023-09-25 18:15:29,2023-10-01 18:15:29,9,,7.66,3.24,Alex,,9.08 lbs,8x20x12,Exception
496,ORD-831228,FedEx,TRK556834406,2023-08-12 02:28:01,2023-08-20 02:28:01,7,,20.12,3.24,Mary,Domestic,1.11 kg,7x10x16,Exception
925,ORD-203880,USPS,TRK720770486,2023-01-04 13:44:57,2023-01-11 13:44:57,2,,22.16,4.78,David,International,16.21 lbs,11x20x7,Exception
721,ORD-147265,FedEx,TRK502341800,2023-06-12 06:03:14,2023-06-14 06:03:14,5,,13.6,4.17,  sam  ,NA,2.59 lbs,16x15x11,In Transit
813,ORD-401628,USPS,TRK369086733,2023-04-17 15:33:09,2023-04-23 15:33:09,7,,36.9,1.86,John,,2.58 lbs,19x11x18,In Transit
2284,ORD-786068,ups,TRK666234137,2023-11-25 15:41:49,2023-11-29 15:41:49,9,,30.64,2.41,Mary,,9.93 kg,6x13x11,In Transit
224,ORD-391239,FedEx,TRK178773535,2023-02-22 11:48:19,2023-02-26 11:48:19,6,,15.36,1.89,chris,,3.84 lbs,5x10x10,Delivered
868,ORD-999514,fedex,TRK955447826,2023-03-09 12:33:18,2023-03-21 12:33:18,2,,24.95,1.28,,EU,9.72 lbs,14x19x10,In Transit
1216,ORD-454779,USPS,TRK920401498,2023-05-14 18:47:27,2023-05-15 18:47:27,9,,8.92,2.74,Jane,EU,10.63 kg,7x17x19,Delivered
1215,ORD-806040,fedex,TRK496990198,2023-07-08 14:05:52,2023-07-21 14:05:52,9,,49.1,2.95,Mike,International,2.72 lbs,17x18x7,Exception
1051,ORD-529063,USPS,TRK518595983,2023-04-16 10:31:29,2023-04-26 10:31:29,6,,49.71,3.93,,,7.01 kg,10x7x12,Delivered
917,ORD-628586,USPS,TRK569382563,2023-10-11 13:41:41,2023-10-24 13:41:41,6,,31.39,4.92,,NA,2.49 kg,5x17x16,Delivered
1655,ORD-794817,FedEx,TRK806151377,2023-09-17 01:26:32,2023-09-30 01:26:32,8,,37.53,1.63,KIM,International,10.04 kg,13x12x8,In Transit
2453,ORD-211307,UPS,TRK239896101,2023-06-15 23:46:45,2023-06-25 23:46:45,5,,21.72,4.39,Mary,EU,8.13 kg,20x10x19,Exception
705,ORD-345269,USPS,TRK610871159,2023-03-06 04:03:43,2023-03-14 04:03:43,3,,38.31,3.23,  sam  ,EU,13.05 kg,13x9x19,In Transit
2305,ORD-128747,USPS,TRK521929337,2023-10-28 14:16:27,2023-11-07 14:16:27,5,,44.42,4.84,Mike,Domestic,5.52 lbs,10x8x10,Returned
710,ORD-521974,ups,TRK796291417,2023-01-14 13:29:18,2023-01-24 13:29:18,7,,29.67,4.0,Mary,NA,11.91 lbs,9x20x10,Exception
1026,ORD-554117,DHL,TRK696729945,2023-08-29 10:40:05,2023-09-11 10:40:05,5,,41.94,3.25,David,Domestic,18.97 kg,12x12x15,In Transit
2041,ORD-194963,UPS,TRK866659078,2023-09-27 23:32:39,2023-10-10 23:32:39,6,,37.86,4.9,Mary,International,3.09 kg,16x13x15,Returned
999,ORD-400256,USPS,TRK777130752,2023-11-26 22:44:22,2023-12-01 22:44:22,5,,45.14,2.91,  sam  ,NA,1.94 kg,6x12x19,Exception
2310,ORD-300219,FedEx,TRK974688032,2023-05-26 03:19:23,2023-05-27 03:19:23,9,,5.98,2.76,  sam  ,International,15.88 lbs,17x11x19,In Transit
853,ORD-205373,DHL,TRK924708040,2023-11-23 02:02:52,2023-12-01 02:02:52,3,,14.18,1.32,Alex,EU,10.59 lbs,15x10x6,In Transit
1875,ORD-475857,UPS,TRK933731336,2023-12-09 11:42:00,2023-12-15 11:42:00,5,,48.3,4.46,Sarah,EU,7.9 lbs,16x11x8,Returned
1868,ORD-973108,UPS,TRK341775630,2023-03-02 16:46:36,2023-03-13 16:46:36,9,,48.5,3.69,David,NA,12.51 kg,6x17x8,Exception
2337,ORD-188904,FedEx,TRK598728620,2023-07-04 01:32:07,2023-07-09 01:32:07,4,,44.94,4.35,Mary,,1.29 lbs,8x14x15,In Transit
2445,ORD-901420,fedex,TRK527103641,2023-03-31 08:54:35,2023-04-05 08:54:35,4,,18.42,3.16,chris,EU,9.6 lbs,11x15x8,In Transit
677,ORD-492692,DHL,TRK744899385,2023-05-29 21:41:55,2023-06-04 21:41:55,2,,49.18,2.87,,Domestic,4.11 kg,9x19x17,In Transit
757,ORD-238826,USPS,TRK437928739,2023-02-04 15:14:42,2023-02-16 15:14:42,3,,26.74,3.11,chris,Domestic,13.13 lbs,6x7x17,In Transit
1959,ORD-598359,FedEx,TRK488444751,2023-01-06 05:40:42,2023-01-14 05:40:42,3,,36.18,2.29,Alex,NA,10.71 lbs,6x17x11,In Transit
2198,ORD-381860,USPS,TRK144249658,2023-03-18 04:12:52,2023-03-24 04:12:52,4,,19.58,1.56,John,International,0.63 kg,18x9x14,In Transit
1791,ORD-376515,UPS,TRK893248759,2023-08-08 03:27:29,2023-08-15 03:27:29,9,,6.0,2.96,Mike,,16.62 kg,6x20x8,Lost
439,ORD-679725,DHL,TRK661804974,2023-08-19 09:51:51,2023-08-27 09:51:51,8,,21.23,1.97,,NA,3.91 lbs,19x10x6,In Transit
1517,ORD-362767,UPS,TRK101790296,2023-06-18 15:00:26,2023-06-20 15:00:26,4,,25.88,3.61,,Domestic,11.74 lbs,12x12x14,Exception
284,ORD-227521,DHL,TRK932750930,2023-11-25 15:12:07,2023-12-04 15:12:07,8,,22.93,4.05,Mary,NA,5.12 lbs,19x14x16,Exception
2494,ORD-456146,FedEx,TRK344442138,2023-11-20 18:30:35,2023-12-02 18:30:35,4,,30.26,2.03,KIM,NA,16.35 kg,12x6x20,Exception
1032,ORD-353089,UPS,TRK205389374,2023-10-31 18:05:02,2023-11-05 18:05:02,6,,37.32,4.33,chris,Domestic,8.76 kg,11x14x9,In Transit
727,ORD-517354,USPS,TRK485401052,2023-05-17 21:56:28,2023-05-21 21:56:28,5,,5.33,2.76,John,EU,13.71 kg,8x7x11,Exception
994,ORD-596123,fedex,TRK466640372,2023-08-10 01:50:34,2023-08-20 01:50:34,6,,13.34,2.11,chris,International,19.68 lbs,18x18x7,Lost
1479,ORD-149071,USPS,TRK722363376,2023-04-05 04:43:03,2023-04-11 04:43:03,9,,46.94,4.72,David,,19.36 kg,8x9x10,Exception
1874,ORD-936938,UPS,TRK141358338,2023-07-11 04:15:46,2023-07-17 04:15:46,4,,9.83,2.49,,,11.79 lbs,20x16x19,Lost
796,ORD-660668,USPS,TRK638012579,2023-06-10 19:53:02,2023-06-17 19:53:02,5,,40.15,1.95,,Domestic,9.54 lbs,15x20x7,In Transit
836,ORD-878683,FedEx,TRK521714003,2023-08-06 23:06:42,2023-08-11 23:06:42,6,,38.58,2.77,,Domestic,4.85 lbs,12x16x15,Exception
1247,ORD-766176,fedex,TRK951659848,2023-01-13 10:02:43,2023-01-25 10:02:43,7,,26.96,2.09,David,Domestic,6.13 kg,6x5x7,Returned
1162,ORD-884015,UPS,TRK240719810,2023-01-23 02:09:39,2023-02-03 02:09:39,7,,6.34,3.33,chris,EU,18.52 lbs,13x6x13,Lost
711,ORD-170350,USPS,TRK501163437,2023-05-20 19:19:50,2023-05-25 19:19:50,4,,8.9,4.47,David,NA,2.31 lbs,15x8x6,Delivered
1862,ORD-100444,UPS,TRK482147636,2023-05-04 09:07:24,2023-05-08 09:07:24,4,,14.47,1.56,KIM,Domestic,19.59 kg,14x13x11,Delivered
1741,ORD-242777,fedex,TRK358621396,2023-02-21 04:24:29,2023-02-27 04:24:29,3,,24.09,4.52,  sam  ,International,1.4 kg,6x16x17,Lost
1021,ORD-467840,fedex,TRK377402318,2023-07-12 00:37:42,2023-07-14 00:37:42,2,,40.57,1.09,Alex,International,12.87 kg,7x12x15,Delivered
1047,ORD-226872,fedex,TRK930494605,2023-02-08 18:15:37,2023-02-14 18:15:37,9,,22.29,2.35,Mike,Domestic,8.87 lbs,17x5x17,Lost
1357,ORD-556920,DHL,TRK295961480,2023-10-24 16:26:41,2023-10-31 16:26:41,7,,43.28,4.67,,,6.29 kg,7x16x20,In Transit
1183,ORD-153538,fedex,TRK327489355,2023-03-12 11:45:44,2023-03-21 11:45:44,8,,23.23,4.0,Alex,International,19.88 kg,10x5x11,Delivered
1765,ORD-787432,ups,TRK437595589,2023-07-06 16:58:17,2023-07-09 16:58:17,8,,15.96,3.51,Alex,NA,9.78 lbs,9x13x6,Exception
707,ORD-403142,FedEx,TRK247768196,2023-06-08 08:54:14,2023-06-17 08:54:14,3,,12.12,1.4,Jane,NA,19.83 lbs,7x12x8,Exception
342,ORD-787996,fedex,TRK967305409,2023-01-20 08:34:45,2023-02-01 08:34:45,3,,44.82,1.69,,,13.85 lbs,5x20x11,Delivered
1037,ORD-509993,USPS,TRK274272467,2023-01-22 22:36:57,2023-01-25 22:36:57,7,,41.93,4.34,Alex,Domestic,4.49 kg,7x9x12,In Transit
997,ORD-522352,FedEx,TRK761036047,2023-11-21 20:41:09,2023-11-30 20:41:09,7,,34.6,2.21,KIM,NA,8.09 kg,20x17x7,Returned
2221,ORD-573635,UPS,TRK454027476,2023-08-28 22:15:55,2023-08-29 22:15:55,7,,43.31,1.08,David,NA,5.82 lbs,16x13x20,Returned
1134,ORD-573654,DHL,TRK338076731,2023-04-19 13:10:27,2023-04-27 13:10:27,6,,20.75,2.81,Emily,International,18.48 lbs,20x17x6,Exception
787,ORD-685594,fedex,TRK281303831,2023-08-06 17:50:48,2023-08-19 17:50:48,9,,19.95,2.96,Emily,NA,9.39 kg,15x9x20,In Transit
1043,ORD-339602,UPS,TRK129511100,2023-10-26 11:02:15,2023-11-01 11:02:15,5,,28.4,4.95,John,,18.02 kg,13x8x16,Returned
1980,ORD-182549,fedex,TRK452772970,2023-03-22 14:43:18,2023-03-23 14:43:18,9,,33.8,2.68,,International,10.22 lbs,16x14x8,Returned
2375,ORD-501228,DHL,TRK678346267,2023-01-24 04:18:26,2023-01-29 04:18:26,5,,16.77,1.39,chris,EU,14.14 kg,18x17x14,In Transit
2487,ORD-892658,ups,TRK783692326,2023-06-06 02:37:11,2023-06-07 02:37:11,3,,39.16,3.34,Alex,NA,16.43 lbs,20x8x5,Exception
247,ORD-739970,UPS,TRK472614967,2023-11-02 21:04:00,2023-11-09 21:04:00,4,,17.37,3.2,chris,Domestic,6.56 lbs,8x11x9,Lost
1414,ORD-728379,ups,TRK477157203,2023-09-16 16:35:17,2023-09-27 16:35:17,4,,18.32,1.55,Mary,,0.88 kg,11x7x12,Delivered
2428,ORD-881848,DHL,TRK235893468,2023-11-06 10:30:03,2023-11-18 10:30:03,3,,47.8,2.54,Emily,Domestic,12.3 kg,9x16x12,Returned
2128,ORD-327366,fedex,TRK320740883,2023-01-05 06:43:15,2023-01-10 06:43:15,5,,17.01,3.94,Mary,,6.43 kg,12x15x8,Exception
1952,ORD-325846,FedEx,TRK969707729,2023-10-21 02:34:03,2023-10-25 02:34:03,8,,45.48,3.06,Jane,EU,8.7 lbs,14x8x19,In Transit
1831,ORD-607607,ups,TRK674917461,2023-12-29 07:42:20,2023-12-30 07:42:20,8,,10.65,4.24,chris,NA,1.64 lbs,16x14x18,Returned
1631,ORD-249557,UPS,TRK935454312,2024-01-04 10:17:30,2024-01-17 10:17:30,5,,25.99,4.45,David,EU,19.98 lbs,10x16x19,Exception
959,ORD-568546,UPS,TRK770519371,2023-03-31 03:12:34,2023-04-07 03:12:34,7,,44.56,2.72,David,International,17.65 kg,19x7x15,Exception
2423,ORD-760959,UPS,TRK684895165,2023-08-27 20:58:30,2023-09-01 20:58:30,8,,31.58,2.12,Sarah,EU,11.64 lbs,16x7x11,Delivered
10,ORD-708285,fedex,TRK508138750,2023-04-08 02:22:55,2023-04-20 02:22:55,7,,46.72,3.76,Emily,,5.58 kg,11x18x16,Delivered
1343,ORD-681825,fedex,TRK951539745,2023-01-05 02:26:09,2023-01-17 02:26:09,7,,29.78,3.69,chris,EU,19.47 kg,6x13x17,In Transit
209,ORD-924859,ups,TRK547620576,2023-04-14 01:48:11,2023-04-18 01:48:11,5,,43.35,3.46,David,NA,1.36 kg,7x16x9,Delivered
237,ORD-460866,UPS,TRK346904017,2023-02-01 00:48:55,2023-02-13 00:48:55,8,,7.81,2.91,John,EU,9.8 lbs,17x20x16,Lost
412,ORD-137140,UPS,TRK728094891,2023-10-21 12:20:14,2023-10-30 12:20:14,9,,33.44,4.66,Alex,NA,14.48 lbs,10x5x16,Returned
1117,ORD-365774,DHL,TRK811917809,2023-02-14 16:54:20,2023-02-19 16:54:20,2,,49.66,3.79,Jane,EU,18.49 kg,19x9x8,Delivered
125,ORD-518118,UPS,TRK954408643,2023-04-20 18:39:30,2023-04-21 18:39:30,2,,18.93,1.97,Jane,International,12.93 lbs,11x20x20,Returned
1647,ORD-927313,FedEx,TRK843425696,2023-11-27 23:48:05,2023-12-05 23:48:05,5,,18.7,3.95,,EU,12.73 lbs,12x8x15,Lost
2417,ORD-332298,ups,TRK871655116,2023-02-20 22:27:01,2023-03-02 22:27:01,7,,41.1,1.78,Mary,International,12.22 lbs,14x8x18,Returned
108,ORD-460959,DHL,TRK274063994,2023-07-03 11:03:13,2023-07-13 11:03:13,4,,49.67,1.47,Mike,Domestic,19.59 lbs,5x11x18,In Transit
1613,ORD-699862,USPS,TRK733596738,2023-09-24 01:18:21,2023-09-27 01:18:21,4,,24.31,2.68,,EU,6.81 kg,11x5x8,Lost
1299,ORD-535655,USPS,TRK766135366,2023-05-20 19:04:03,2023-05-23 19:04:03,9,,42.12,1.79,Mike,International,6.46 kg,5x17x9,Exception
244,ORD-326637,fedex,TRK550042589,2023-07-26 13:26:11,2023-08-07 13:26:11,6,,24.41,3.18,David,NA,17.29 lbs,13x10x20,Delivered
2027,ORD-379203,DHL,TRK238827373,2023-09-19 01:16:13,2023-09-30 01:16:13,8,,8.67,1.93,Sarah,International,6.59 kg,10x14x5,Delivered
1246,ORD-337831,USPS,TRK525689848,2023-06-24 12:28:55,2023-06-27 12:28:55,5,,25.02,1.4,Mike,Domestic,7.47 lbs,16x6x11,Lost
14,ORD-871255,USPS,TRK148555909,2023-03-13 15:00:12,2023-03-14 15:00:12,2,,30.34,1.96,John,EU,14.67 kg,6x20x19,Delivered
908,ORD-956336,USPS,TRK797941632,2023-02-06 06:37:27,2023-02-13 06:37:27,9,,16.01,4.88,chris,International,1.09 lbs,9x18x5,In Transit
2380,ORD-222306,UPS,TRK365758440,2023-12-30 14:56:07,2024-01-11 14:56:07,8,,38.29,3.95,  sam  ,EU,10.22 lbs,9x16x14,In Transit
1356,ORD-474266,USPS,TRK507965440,2023-12-20 06:00:50,2023-12-29 06:00:50,5,,19.76,2.49,Sarah,International,18.5 lbs,7x19x18,Lost
1671,ORD-232544,USPS,TRK482269040,2023-10-14 04:48:05,2023-10-21 04:48:05,4,,31.32,4.98,KIM,,8.16 kg,12x17x12,Delivered
2357,ORD-213204,UPS,TRK251760830,2023-03-04 10:33:15,2023-03-10 10:33:15,3,,17.72,3.72,Mike,Domestic,5.24 lbs,5x19x6,Delivered
1974,ORD-575282,DHL,TRK289173450,2023-01-28 23:30:21,2023-01-31 23:30:21,4,,42.04,2.25,  sam  ,NA,16.36 kg,16x10x13,Returned
441,ORD-824393,FedEx,TRK998275833,2023-11-18 17:46:51,2023-11-22 17:46:51,5,,41.68,2.32,Mary,,4.88 lbs,14x10x11,Exception
1720,ORD-518399,UPS,TRK221228299,2023-12-20 05:47:02,2024-01-02 05:47:02,8,,12.12,2.95,Jane,NA,5.32 lbs,20x13x13,Exception
1097,ORD-155425,USPS,TRK208889089,2023-05-17 12:52:56,2023-05-24 12:52:56,5,,26.4,2.46,Jane,NA,2.51 lbs,11x6x7,Lost
2070,ORD-281465,ups,TRK848472971,2023-11-23 07:56:16,2023-12-02 07:56:16,4,,6.48,3.14,Alex,Domestic,7.7 lbs,8x19x18,Returned
1347,ORD-641155,fedex,TRK534277886,2023-01-31 23:04:25,2023-02-13 23:04:25,2,,40.86,4.01,Alex,Domestic,1.77 kg,15x17x20,Returned
1988,ORD-541515,ups,TRK923916506,2023-10-08 11:53:27,2023-10-21 11:53:27,9,,36.74,4.82,Alex,International,2.59 kg,13x14x17,Returned
998,ORD-847432,DHL,TRK893413674,2023-12-27 12:17:36,2024-01-02 12:17:36,8,,37.4,1.8,Jane,EU,6.13 kg,15x14x9,Delivered
198,ORD-203455,USPS,TRK261193912,2023-02-15 05:55:08,2023-02-22 05:55:08,4,,44.3,4.93,KIM,Domestic,5.68 lbs,14x5x20,Lost
2277,ORD-142988,fedex,TRK506912627,2023-02-26 16:09:58,2023-03-03 16:09:58,6,,11.44,2.13,KIM,Domestic,1.26 kg,5x5x18,In Transit
1063,ORD-715129,FedEx,TRK864326067,2023-09-12 01:11:58,2023-09-13 01:11:58,8,,13.74,3.01,chris,,2.23 lbs,10x12x14,Exception
468,ORD-418722,ups,TRK985957158,2023-11-09 15:25:17,2023-11-11 15:25:17,8,,6.29,2.45,Mary,International,15.83 lbs,5x10x8,Lost
1981,ORD-926271,USPS,TRK515631395,2023-10-18 16:46:06,2023-10-29 16:46:06,6,,27.28,4.56,  sam  ,NA,17.1 kg,12x10x5,In Transit
1462,ORD-108765,fedex,TRK880709173,2023-06-29 15:37:39,2023-07-07 15:37:39,6,,35.37,1.38,Mike,,6.49 lbs,5x13x15,Returned
2074,ORD-101908,ups,TRK583169873,2023-04-11 03:29:06,2023-04-15 03:29:06,7,,26.59,3.94,Alex,EU,1.23 kg,10x10x17,In Transit
2009,ORD-648359,ups,TRK117993695,2023-12-19 10:18:14,2023-12-28 10:18:14,9,,46.92,2.07,,Domestic,7.12 lbs,13x16x17,Returned
814,ORD-240633,UPS,TRK491420445,2023-11-18 11:48:04,2023-11-28 11:48:04,4,,5.75,2.99,KIM,Domestic,9.49 lbs,6x10x11,In Transit
617,ORD-630163,FedEx,TRK975680229,2023-07-20 17:50:36,2023-07-28 17:50:36,2,,42.91,1.79,Jane,International,19.5 lbs,12x10x18,Delivered
136,ORD-720249,DHL,TRK800431533,2023-11-22 23:37:32,2023-11-24 23:37:32,4,,45.11,2.3,Mike,Domestic,13.92 lbs,19x15x20,Lost
2180,ORD-860895,FedEx,TRK119284001,2023-12-12 14:52:51,2023-12-17 14:52:51,5,,17.58,2.4,chris,NA,12.6 kg,10x11x18,Returned
768,ORD-507340,USPS,TRK277886505,2023-07-08 08:23:26,2023-07-13 08:23:26,4,,46.48,4.43,Mary,Domestic,7.95 lbs,17x18x15,Returned
1070,ORD-398707,DHL,TRK627511405,2023-04-29 22:57:32,2023-05-09 22:57:32,2,,40.27,3.25,KIM,EU,8.3 lbs,6x20x11,Exception
1203,ORD-609503,fedex,TRK372571629,2023-12-25 14:05:08,2023-12-30 14:05:08,3,,30.28,2.75,David,NA,16.57 lbs,13x7x8,Returned
1709,ORD-554376,FedEx,TRK375193699,2023-03-10 00:22:35,2023-03-11 00:22:35,2,,49.8,2.32,Alex,EU,18.04 kg,9x7x19,Exception
315,ORD-857097,ups,TRK888905608,2023-10-10 19:34:54,2023-10-11 19:34:54,8,,38.01,1.6,,Domestic,14.99 lbs,16x5x15,Delivered
1616,ORD-142679,FedEx,TRK745233639,2023-10-08 01:54:59,2023-10-15 01:54:59,6,,16.47,4.33,Sarah,International,6.32 lbs,15x15x5,Lost
1700,ORD-502331,ups,TRK912457886,2023-01-24 03:29:44,2023-01-28 03:29:44,7,,39.98,4.93,Mike,Domestic,16.54 lbs,6x11x16,Lost
1019,ORD-612014,FedEx,TRK441736202,2023-03-20 13:45:07,2023-04-01 13:45:07,3,,29.62,3.18,Mary,International,9.66 lbs,9x19x6,Delivered
156,ORD-449488,UPS,TRK195619712,2023-05-28 05:44:06,2023-06-04 05:44:06,4,,6.8,1.33,chris,,5.38 kg,14x6x11,In Transit
2108,ORD-278401,DHL,TRK258905847,2023-03-21 19:30:25,2023-03-28 19:30:25,4,,18.59,4.16,Emily,Domestic,2.18 lbs,18x17x19,In Transit
2319,ORD-936944,USPS,TRK977054261,2023-07-21 11:49:48,2023-07-23 11:49:48,3,,30.32,4.51,Alex,,18.72 lbs,16x5x19,Exception
2239,ORD-475888,UPS,TRK998766200,2023-12-07 07:09:34,2023-12-10 07:09:34,9,,19.95,4.03,Sarah,EU,19.15 lbs,19x11x17,Returned
1817,ORD-240451,USPS,TRK826184397,2023-03-06 08:43:16,2023-03-17 08:43:16,2,,21.46,1.01,Jane,International,3.23 kg,16x6x17,Exception
1035,ORD-146104,fedex,TRK595474930,2023-07-31 18:33:58,2023-08-12 18:33:58,8,,40.95,4.9,chris,,7.69 kg,17x20x7,Returned
916,ORD-200893,USPS,TRK109114976,2023-08-07 15:33:07,2023-08-16 15:33:07,6,,14.64,2.86,David,Domestic,7.05 kg,19x11x7,Delivered
271,ORD-540023,USPS,TRK137428011,2023-11-23 07:08:46,2023-11-29 07:08:46,4,,10.52,1.36,Alex,Domestic,5.28 lbs,7x12x9,Exception
1711,ORD-938102,UPS,TRK271436961,2023-10-15 12:20:59,2023-10-26 12:20:59,8,,6.36,1.94,chris,,12.18 lbs,14x13x16,Returned
771,ORD-624612,USPS,TRK410271798,2023-04-12 04:10:16,2023-04-15 04:10:16,9,,45.11,2.76,John,NA,11.74 kg,14x14x15,Delivered
700,ORD-520904,UPS,TRK936613064,2023-05-02 12:29:47,2023-05-09 12:29:47,4,,38.52,1.04,  sam  ,,18.2 lbs,16x6x20,Lost
2470,ORD-108667,FedEx,TRK175479221,2023-01-08 03:26:49,2023-01-20 03:26:49,9,,25.31,2.27,,EU,15.94 kg,18x7x9,Delivered
1539,ORD-374559,UPS,TRK272078348,2023-05-31 11:40:39,2023-06-08 11:40:39,7,,41.67,3.47,David,International,7.77 kg,9x13x11,In Transit
15,ORD-649712,FedEx,TRK585519167,2023-06-22 02:13:03,2023-06-28 02:13:03,5,,12.07,4.16,Mary,NA,12.21 lbs,20x12x13,In Transit
1140,ORD-607927,USPS,TRK785605149,2023-03-21 10:57:33,2023-03-27 10:57:33,9,,5.15,3.07,,Domestic,0.67 lbs,5x18x11,In Transit
1095,ORD-132360,DHL,TRK312030660,2023-01-25 13:44:16,2023-02-04 13:44:16,9,,9.04,2.51,chris,International,8.25 kg,9x7x18,Lost
1101,ORD-591795,FedEx,TRK434292880,2023-01-09 21:55:01,2023-01-19 21:55:01,3,,26.36,3.65,Jane,International,11.12 lbs,12x6x16,Exception
2233,ORD-352121,ups,TRK840236539,2023-11-23 12:56:54,2023-12-05 12:56:54,7,,49.24,3.04,Emily,EU,13.91 kg,20x15x9,Lost
2023,ORD-776774,FedEx,TRK717331766,2023-03-17 20:08:31,2023-03-27 20:08:31,6,,6.75,4.23,Mary,International,16.77 kg,13x7x5,Returned
1410,ORD-989434,DHL,TRK591163847,2023-08-07 01:56:13,2023-08-20 01:56:13,2,,32.6,3.57,Emily,,11.06 lbs,13x5x9,Lost
1424,ORD-789570,USPS,TRK423882444,2023-01-16 04:31:45,2023-01-23 04:31:45,4,,30.07,3.6,John,International,12.73 kg,14x11x5,In Transit
523,ORD-422691,UPS,TRK695693022,2023-01-17 17:46:58,2023-01-19 17:46:58,2,,15.66,3.07,Alex,,8.02 lbs,8x10x10,Returned
2042,ORD-150255,USPS,TRK742921886,2023-04-30 14:41:18,2023-05-08 14:41:18,5,,5.74,1.96,  sam  ,NA,13.12 lbs,19x13x13,Exception
70,ORD-968825,fedex,TRK558138598,2023-02-18 19:43:35,2023-03-01 19:43:35,4,,24.48,4.19,Sarah,International,11.66 kg,11x16x14,Returned
1838,ORD-355691,ups,TRK841103782,2023-01-12 10:16:17,2023-01-17 10:16:17,2,,47.48,3.52,Mary,Domestic,14.57 kg,19x14x16,Delivered
882,ORD-700738,USPS,TRK268180628,2023-03-12 09:42:02,2023-03-21 09:42:02,3,,28.33,1.28,Mary,EU,11.16 kg,17x13x16,In Transit
126,ORD-919933,USPS,TRK771357322,2023-09-20 14:37:25,2023-09-21 14:37:25,4,,30.57,2.2,Emily,Domestic,13.96 kg,8x17x11,In Transit
2167,ORD-680358,UPS,TRK817794853,2023-02-05 09:14:23,2023-02-17 09:14:23,9,,43.46,3.5,Jane,Domestic,12.8 kg,17x18x15,In Transit
166,ORD-989171,UPS,TRK213923759,2023-08-08 21:47:27,2023-08-17 21:47:27,9,,25.73,3.46,KIM,NA,5.07 kg,15x9x20,In Transit
2173,ORD-753758,fedex,TRK655279322,2023-12-14 05:05:24,2023-12-16 05:05:24,3,,46.21,3.23,David,NA,19.84 lbs,18x16x19,Exception
2225,ORD-208634,DHL,TRK232200181,2023-01-12 01:55:14,2023-01-15 01:55:14,4,,10.1,4.37,  sam  ,,5.76 kg,20x6x16,Exception
1546,ORD-599519,FedEx,TRK629398592,2023-08-21 19:46:33,2023-09-01 19:46:33,7,,15.15,2.88,,Domestic,0.71 kg,20x5x5,Returned
2296,ORD-258604,USPS,TRK954658433,2023-07-18 03:44:00,2023-07-23 03:44:00,5,,41.38,4.95,,,12.64 lbs,8x13x20,Delivered
1108,ORD-978747,fedex,TRK921345541,2023-02-21 08:32:07,2023-03-02 08:32:07,2,,36.19,4.17,  sam  ,NA,6.01 lbs,13x7x17,Returned
2309,ORD-708448,UPS,TRK665341500,2023-03-31 01:28:56,2023-04-03 01:28:56,8,,30.66,2.81,Mike,Domestic,9.89 kg,7x18x19,Lost
1930,ORD-777604,UPS,TRK319620396,2023-07-11 14:23:42,2023-07-21 14:23:42,9,,19.41,2.57,Mary,EU,14.24 lbs,15x15x12,Exception
2073,ORD-780922,DHL,TRK967526145,2023-07-05 04:47:36,2023-07-08 04:47:36,3,,18.26,2.91,Emily,Domestic,10.28 kg,14x14x13,Lost
1244,ORD-526275,UPS,TRK325224324,2023-12-03 00:45:38,2023-12-07 00:45:38,6,,44.41,1.13,,,8.26 kg,7x5x9,Lost
2107,ORD-148582,FedEx,TRK860608203,2023-12-11 11:59:16,2023-12-20 11:59:16,2,,42.96,1.97,David,Domestic,7.0 kg,19x16x16,Exception
1964,ORD-572750,UPS,TRK676615357,2023-07-07 12:43:32,2023-07-16 12:43:32,7,,9.17,4.85,KIM,,11.96 kg,10x11x11,Returned
1061,ORD-760130,USPS,TRK389097558,2023-11-21 17:33:50,2023-11-27 17:33:50,2,,27.54,1.48,,Domestic,4.27 kg,15x14x9,Exception
339,ORD-338184,fedex,TRK871990714,2023-07-30 12:19:19,2023-08-02 12:19:19,9,,21.82,3.44,  sam  ,NA,8.63 lbs,7x14x20,In Transit
616,ORD-164829,DHL,TRK715840299,2023-03-24 08:28:49,2023-04-02 08:28:49,8,,38.07,2.89,John,EU,4.96 lbs,5x11x18,Exception
1439,ORD-993583,ups,TRK393039916,2023-10-28 06:02:21,2023-11-09 06:02:21,2,,30.66,2.22,Sarah,Domestic,18.44 lbs,20x12x13,In Transit
162,ORD-302469,UPS,TRK640436670,2023-07-08 23:45:34,2023-07-14 23:45:34,9,,37.6,4.38,KIM,EU,18.65 lbs,7x11x6,Exception
1702,ORD-974113,FedEx,TRK309005541,2023-12-25 05:23:50,2024-01-01 05:23:50,7,,7.6,1.41,Mary,Domestic,4.93 kg,20x15x9,Exception
1540,ORD-977998,DHL,TRK689338935,2023-08-21 06:50:55,2023-08-27 06:50:55,3,,42.44,4.04,Jane,International,4.36 kg,5x13x5,Lost
387,ORD-439396,FedEx,TRK142806094,2023-11-25 05:40:31,2023-11-27 05:40:31,6,,9.98,4.36,Sarah,NA,7.21 kg,10x17x20,Exception
1450,ORD-105137,USPS,TRK274535078,2023-03-10 05:03:42,2023-03-21 05:03:42,6,,36.65,1.9,,EU,11.68 lbs,16x12x12,Exception
1547,ORD-515071,ups,TRK800653396,2023-01-19 09:59:11,2023-01-22 09:59:11,3,,7.82,4.59,Emily,Domestic,7.93 kg,14x15x7,Lost
299,ORD-270080,UPS,TRK399613171,2023-10-31 22:38:51,2023-11-11 22:38:51,7,,43.39,4.67,  sam  ,NA,11.57 kg,20x6x17,In Transit
47,ORD-479337,DHL,TRK966689836,2023-07-16 21:35:50,2023-07-22 21:35:50,5,,47.0,3.6,chris,Domestic,4.25 kg,14x20x11,Returned
1515,ORD-852785,UPS,TRK507952957,2023-12-12 08:48:23,2023-12-14 08:48:23,6,,11.84,3.32,  sam  ,EU,8.45 lbs,5x13x15,Returned
1196,ORD-655811,fedex,TRK574561560,2023-03-22 04:22:03,2023-04-02 04:22:03,9,,19.4,3.54,Alex,NA,17.82 lbs,18x19x19,Returned
435,ORD-260269,fedex,TRK234755338,2023-02-11 11:41:14,2023-02-16 11:41:14,6,,18.73,2.36,,NA,6.14 kg,14x12x9,Returned
30,ORD-698309,USPS,TRK316278914,2023-08-15 12:44:56,2023-08-27 12:44:56,5,,10.0,2.11,Mike,Domestic,17.87 lbs,18x17x7,Exception
1708,ORD-656700,FedEx,TRK230682751,2023-07-12 17:17:34,2023-07-23 17:17:34,5,,8.82,1.48,Mike,EU,4.43 lbs,5x18x19,Returned
2066,ORD-123550,ups,TRK391169183,2023-09-09 16:02:41,2023-09-18 16:02:41,8,,18.79,2.92,KIM,Domestic,2.73 lbs,11x20x15,Exception
1866,ORD-693112,fedex,TRK122499379,2023-06-05 03:26:37,2023-06-17 03:26:37,9,,34.48,4.64,Sarah,NA,14.89 lbs,20x20x5,Exception
870,ORD-395632,DHL,TRK494092995,2023-11-27 13:52:39,2023-12-10 13:52:39,8,,8.35,4.58,Mary,EU,12.27 lbs,13x6x6,Lost
1112,ORD-440760,FedEx,TRK969050309,2023-02-08 08:57:45,2023-02-16 08:57:45,2,,39.66,1.92,Alex,,12.76 lbs,19x15x17,Returned
199,ORD-538402,fedex,TRK304258870,2023-11-14 00:53:42,2023-11-16 00:53:42,5,,47.84,2.34,Emily,EU,15.61 kg,20x6x19,Lost
1973,ORD-714969,DHL,TRK785158384,2023-05-10 20:50:53,2023-05-18 20:50:53,8,,47.06,2.56,Emily,EU,1.63 lbs,14x7x13,Exception
1022,ORD-929807,DHL,TRK153371482,2023-06-06 18:54:36,2023-06-13 18:54:36,7,,42.46,4.45,John,International,5.78 lbs,13x16x16,Returned
1784,ORD-680126,FedEx,TRK439265249,2023-06-02 10:40:30,2023-06-13 10:40:30,2,,33.54,3.93,Emily,Domestic,19.58 kg,5x12x18,In Transit
317,ORD-296447,UPS,TRK967640697,2023-08-06 01:52:44,2023-08-12 01:52:44,2,,7.0,3.31,chris,Domestic,7.9 lbs,6x5x5,Lost
1160,ORD-683642,UPS,TRK325546375,2023-12-23 21:58:08,2024-01-01 21:58:08,3,,25.04,3.31,KIM,Domestic,7.84 lbs,6x14x16,Returned
892,ORD-942914,FedEx,TRK182506311,2023-07-18 15:32:21,2023-07-29 15:32:21,8,,40.11,2.03,Mike,Domestic,0.99 lbs,19x16x5,In Transit
1010,ORD-843230,ups,TRK943498451,2023-03-30 16:23:28,2023-04-06 16:23:28,9,,46.31,4.44,Alex,EU,4.36 lbs,10x18x13,In Transit
1288,ORD-475147,ups,TRK326655057,2023-03-24 15:21:00,2023-03-27 15:21:00,3,,42.38,4.89,KIM,EU,0.78 kg,7x6x13,In Transit
520,ORD-479569,DHL,TRK439245901,2023-10-22 19:36:40,2023-10-29 19:36:40,5,,19.77,2.02,Emily,Domestic,15.88 kg,6x18x10,Exception
1549,ORD-508847,USPS,TRK532862297,2023-02-18 03:11:53,2023-02-22 03:11:53,6,,44.91,1.8,Sarah,EU,1.59 kg,14x13x13,Lost
1790,ORD-668771,ups,TRK671407650,2023-12-16 02:13:26,2023-12-24 02:13:26,8,,48.59,2.94,Mike,NA,6.24 kg,5x16x13,Lost
1018,ORD-101077,UPS,TRK308477186,2023-03-15 00:23:41,2023-03-19 00:23:41,6,,42.23,2.68,Emily,EU,13.07 lbs,10x17x5,Lost
1667,ORD-818624,DHL,TRK831380734,2023-03-29 14:49:42,2023-04-03 14:49:42,9,,19.14,1.17,David,NA,16.58 kg,7x17x7,In Transit
563,ORD-795021,FedEx,TRK605014008,2023-03-24 03:17:57,2023-04-02 03:17:57,3,,49.97,1.91,,NA,18.46 kg,9x14x20,Delivered
2210,ORD-900587,USPS,TRK566430961,2023-12-28 12:07:09,2024-01-06 12:07:09,6,,27.67,2.46,David,NA,6.8 kg,6x9x14,Returned
1121,ORD-950135,FedEx,TRK824009540,2023-08-04 06:40:30,2023-08-13 06:40:30,9,,10.76,4.07,  sam  ,NA,1.19 kg,6x9x10,Delivered
560,ORD-312005,DHL,TRK315776920,2023-10-02 03:42:34,2023-10-15 03:42:34,9,,36.23,2.2,Mary,International,18.28 kg,18x20x13,In Transit
1209,ORD-770991,UPS,TRK552800052,2023-12-27 00:29:25,2024-01-06 00:29:25,4,,44.83,1.17,Sarah,NA,5.13 lbs,8x12x17,Exception
438,ORD-930031,USPS,TRK721818873,2023-03-24 10:32:39,2023-03-28 10:32:39,2,,33.58,1.18,Emily,Domestic,1.79 kg,6x20x6,In Transit
1413,ORD-271002,UPS,TRK735889650,2023-11-23 23:38:33,2023-11-28 23:38:33,2,,17.93,1.97,Alex,International,2.41 kg,14x18x16,Returned
1845,ORD-737436,FedEx,TRK623739818,2023-09-16 22:08:34,2023-09-28 22:08:34,6,,21.99,1.77,John,,4.87 lbs,10x14x8,Returned
2054,ORD-803138,USPS,TRK177316174,2023-03-20 02:00:43,2023-04-02 02:00:43,2,,11.57,2.34,Emily,EU,5.66 kg,14x13x8,Delivered
392,ORD-174101,ups,TRK587226704,2023-10-16 16:22:42,2023-10-22 16:22:42,4,,46.76,2.74,  sam  ,NA,3.28 kg,17x9x5,Lost
936,ORD-152284,DHL,TRK274579702,2023-06-23 22:19:22,2023-06-27 22:19:22,4,,35.07,3.59,,International,15.59 lbs,9x17x16,Returned
1563,ORD-522686,FedEx,TRK911461615,2023-08-03 16:20:41,2023-08-14 16:20:41,4,,36.53,2.76,David,International,15.28 kg,12x7x15,Exception
1089,ORD-385282,DHL,TRK307997441,2023-09-30 19:46:37,2023-10-13 19:46:37,4,,25.11,3.95,  sam  ,International,7.43 kg,13x20x13,Lost
1642,ORD-625262,DHL,TRK502991966,2023-06-30 03:41:24,2023-07-13 03:41:24,8,,21.28,4.83,chris,Domestic,4.77 kg,19x7x10,In Transit
581,ORD-902203,DHL,TRK783692454,2023-12-13 20:23:43,2023-12-24 20:23:43,9,,35.22,2.26,Mike,Domestic,15.33 lbs,6x13x19,Returned
2378,ORD-610121,DHL,TRK728770640,2023-10-13 18:18:27,2023-10-25 18:18:27,4,,44.86,3.68,Emily,EU,4.31 kg,12x15x12,In Transit
1496,ORD-227740,FedEx,TRK974528845,2023-11-30 17:28:28,2023-12-06 17:28:28,8,,20.77,4.23,Mary,International,7.49 kg,11x19x20,Returned
777,ORD-868517,USPS,TRK957289177,2023-09-28 20:45:24,2023-10-04 20:45:24,9,,37.95,4.43,Jane,Domestic,13.29 kg,11x5x15,Delivered
86,ORD-460312,FedEx,TRK596037786,2023-09-22 22:06:56,2023-09-27 22:06:56,8,,21.2,3.95,,NA,13.58 lbs,14x7x11,Delivered
910,ORD-601762,fedex,TRK545875604,2023-03-22 19:46:24,2023-03-26 19:46:24,6,,39.64,4.3,Jane,International,11.75 lbs,5x8x11,Delivered
333,ORD-421342,fedex,TRK192042710,2023-07-06 09:38:38,2023-07-13 09:38:38,6,,19.55,3.08,Mike,NA,5.77 kg,12x19x13,Delivered
1100,ORD-808742,DHL,TRK675761247,2023-10-28 00:43:58,2023-10-29 00:43:58,3,,49.77,4.6,David,EU,15.64 kg,7x17x20,Delivered
1885,ORD-714928,USPS,TRK328754650,2023-12-15 10:47:16,2023-12-17 10:47:16,5,,44.43,2.12,,Domestic,7.76 lbs,18x8x20,In Transit
1836,ORD-709825,USPS,TRK844110308,2023-12-17 08:35:29,2023-12-27 08:35:29,9,,5.25,4.14,Emily,NA,8.77 lbs,16x14x7,Delivered
2170,ORD-924801,UPS,TRK201170800,2023-09-19 11:07:24,2023-09-25 11:07:24,4,,38.19,1.47,Mary,Domestic,18.6 lbs,7x13x20,In Transit
2455,ORD-822234,fedex,TRK751150640,2023-08-26 15:48:37,2023-09-06 15:48:37,3,,28.54,4.12,chris,NA,6.27 kg,18x12x11,Lost
1189,ORD-910616,FedEx,TRK969340836,2023-02-27 04:36:12,2023-03-01 04:36:12,3,,21.99,2.12,Mike,NA,17.35 kg,19x11x20,Lost
765,ORD-850870,UPS,TRK719979999,2023-10-18 09:46:37,2023-10-29 09:46:37,7,,20.91,2.08,Jane,NA,5.52 lbs,9x17x10,Returned
978,ORD-524312,UPS,TRK751990642,2023-02-25 02:34:55,2023-02-27 02:34:55,4,,32.81,3.79,KIM,EU,18.18 lbs,13x6x18,Delivered
242,ORD-202936,DHL,TRK173442073,2023-01-20 02:53:49,2023-01-23 02:53:49,4,,43.53,3.8,John,Domestic,7.47 lbs,11x20x10,Exception
370,ORD-220409,ups,TRK407464405,2023-06-16 06:28:32,2023-06-25 06:28:32,3,,44.22,3.51,Sarah,International,1.45 kg,6x17x20,Delivered
1149,ORD-284324,UPS,TRK426906856,2023-08-03 06:22:47,2023-08-08 06:22:47,9,,27.34,4.88,Alex,International,7.74 lbs,16x18x11,Exception
1,ORD-576426,FedEx,TRK905032316,2023-04-02 21:02:41,2023-04-10 21:02:41,6,,46.64,4.01,KIM,Domestic,19.54 lbs,13x19x6,In Transit
1170,ORD-735567,USPS,TRK407668265,2023-11-16 13:39:17,2023-11-26 13:39:17,7,,8.29,2.16,KIM,NA,19.51 kg,12x12x10,In Transit
1128,ORD-163484,UPS,TRK841696243,2023-05-01 09:06:09,2023-05-12 09:06:09,9,,21.74,4.11,  sam  ,Domestic,1.99 lbs,13x17x12,Delivered
575,ORD-851744,ups,TRK543512593,2023-04-07 15:53:04,2023-04-15 15:53:04,8,,22.74,3.13,,International,1.45 kg,17x7x18,Exception
1607,ORD-452997,ups,TRK112063055,2023-12-18 18:47:26,2023-12-19 18:47:26,6,,44.54,4.94,Mary,Domestic,9.52 lbs,13x20x9,Delivered
306,ORD-123545,FedEx,TRK608198350,2023-07-08 01:26:46,2023-07-12 01:26:46,9,,44.58,2.27,Emily,Domestic,3.81 lbs,12x14x14,In Transit
2191,ORD-720986,ups,TRK640951244,2023-06-06 05:46:27,2023-06-13 05:46:27,2,,14.67,1.37,chris,International,14.38 lbs,8x10x11,Lost
789,ORD-247539,DHL,TRK685054018,2023-03-31 21:06:56,2023-04-12 21:06:56,4,,48.12,4.61,chris,,1.44 lbs,10x8x19,In Transit
683,ORD-170230,fedex,TRK647538296,2023-05-15 21:24:57,2023-05-18 21:24:57,2,,25.72,3.43,David,,1.54 lbs,6x5x11,In Transit
99,ORD-459620,UPS,TRK551316574,2023-11-04 09:51:28,2023-11-14 09:51:28,4,,45.81,1.37,,Domestic,14.95 lbs,15x19x11,Delivered
170,ORD-491728,DHL,TRK226462843,2023-06-15 16:19:21,2023-06-26 16:19:21,9,,32.82,2.9,chris,International,9.88 kg,15x17x10,Exception
289,ORD-144833,ups,TRK813224410,2023-08-09 09:24:40,2023-08-21 09:24:40,3,,14.23,1.68,Mary,International,5.47 lbs,8x9x12,Delivered
2346,ORD-830484,ups,TRK831653063,2023-03-06 07:02:15,2023-03-16 07:02:15,6,,23.27,3.88,,International,13.41 kg,19x9x9,Exception
2318,ORD-991629,DHL,TRK457081046,2023-05-20 09:10:45,2023-05-24 09:10:45,9,,6.25,1.77,Jane,Domestic,19.18 lbs,19x8x17,In Transit
2111,ORD-510455,fedex,TRK486526157,2023-09-05 06:49:50,2023-09-17 06:49:50,8,,24.41,4.4,Sarah,NA,13.17 lbs,17x6x18,Returned
1821,ORD-521288,USPS,TRK681516864,2023-04-26 13:47:07,2023-04-27 13:47:07,4,,36.84,2.26,Alex,Domestic,12.96 lbs,11x15x12,Lost
1826,ORD-306453,fedex,TRK508368949,2023-03-04 14:30:37,2023-03-06 14:30:37,9,,15.15,5.0,Jane,Domestic,12.77 kg,7x17x17,Lost
232,ORD-487652,ups,TRK895326035,2023-02-23 05:30:59,2023-02-27 05:30:59,9,,26.74,4.79,KIM,EU,3.85 lbs,10x13x16,Exception
1362,ORD-391961,DHL,TRK892229066,2023-11-23 23:11:20,2023-11-25 23:11:20,9,,38.73,2.17,David,Domestic,17.31 lbs,11x6x8,Delivered
18,ORD-255332,DHL,TRK345331799,2023-09-27 20:46:38,2023-09-28 20:46:38,4,,8.8,3.55,Mike,International,5.62 lbs,6x6x17,Lost
891,ORD-101798,UPS,TRK623800117,2023-07-18 18:02:32,2023-07-27 18:02:32,4,,47.41,2.32,,International,4.62 kg,11x9x7,Exception
4,ORD-829283,UPS,TRK755290598,2023-02-28 03:48:48,2023-03-05 03:48:48,9,,37.69,2.17,Sarah,NA,14.76 kg,15x18x10,Lost
31,ORD-426207,ups,TRK302596927,2023-06-04 03:21:21,2023-06-11 03:21:21,5,,31.78,3.31,Sarah,,12.56 kg,7x19x17,Exception
644,ORD-872627,FedEx,TRK401479374,2023-09-30 01:11:53,2023-10-03 01:11:53,7,,8.17,1.52,KIM,International,18.52 kg,13x15x18,In Transit
623,ORD-847235,UPS,TRK902942239,2023-10-05 02:52:48,2023-10-17 02:52:48,5,,41.64,4.57,Sarah,International,9.65 kg,16x6x20,In Transit
755,ORD-276606,ups,TRK387024194,2023-02-07 06:29:07,2023-02-20 06:29:07,7,,42.96,1.99,David,,18.82 kg,15x12x9,Delivered
2013,ORD-118004,UPS,TRK252543667,2023-10-20 17:33:03,2023-10-29 17:33:03,3,,40.21,1.95,,Domestic,14.27 lbs,9x12x6,In Transit
174,ORD-659453,DHL,TRK866474618,2023-01-12 17:24:28,2023-01-19 17:24:28,7,,34.9,1.73,KIM,EU,1.97 lbs,18x14x20,Lost
1925,ORD-404126,fedex,TRK222465049,2023-08-14 20:25:55,2023-08-24 20:25:55,6,,47.41,3.94,Mike,International,4.04 lbs,5x10x13,Exception
178,ORD-908030,UPS,TRK742625707,2023-09-26 01:53:37,2023-10-02 01:53:37,6,,16.58,4.81,Emily,NA,3.92 kg,7x5x20,Lost
1673,ORD-532369,ups,TRK514063194,2023-06-28 07:26:02,2023-07-03 07:26:02,3,,33.87,2.97,Mike,,5.58 lbs,19x20x13,Lost
1852,ORD-485607,USPS,TRK753752976,2023-03-01 10:03:03,2023-03-04 10:03:03,2,,22.75,2.93,Mary,Domestic,2.96 kg,16x13x12,Exception
504,ORD-776489,UPS,TRK699541468,2023-05-03 22:49:47,2023-05-11 22:49:47,2,,40.27,4.14,Mary,,10.39 lbs,11x7x18,Exception
2491,ORD-980457,ups,TRK781494078,2023-01-12 08:48:43,2023-01-18 08:48:43,5,,25.85,3.53,  sam  ,Domestic,18.5 kg,8x5x10,Lost
1005,ORD-491349,fedex,TRK982256928,2023-06-25 05:17:42,2023-06-30 05:17:42,2,,14.87,1.85,Alex,Domestic,10.35 lbs,8x14x20,Exception
1449,ORD-513176,fedex,TRK135007899,2023-01-12 00:18:24,2023-01-20 00:18:24,8,,23.08,3.18,chris,Domestic,12.01 lbs,10x10x12,Exception
1230,ORD-372134,UPS,TRK982529512,2023-01-08 12:10:51,2023-01-14 12:10:51,8,,49.91,1.06,Jane,International,10.95 lbs,13x16x20,Delivered
1354,ORD-419533,DHL,TRK293968284,2023-04-09 19:12:21,2023-04-12 19:12:21,5,,42.03,1.97,Alex,,17.56 lbs,5x14x8,Delivered
1509,ORD-406446,FedEx,TRK620415813,2023-12-13 08:10:29,2023-12-14 08:10:29,5,,7.75,3.65,Alex,Domestic,12.33 lbs,5x13x13,Returned
1028,ORD-474845,ups,TRK971699593,2023-07-05 22:58:26,2023-07-12 22:58:26,9,,28.23,1.34,,,18.49 lbs,17x15x16,Returned
633,ORD-430805,ups,TRK430184135,2023-05-20 02:22:02,2023-05-23 02:22:02,5,,40.17,3.83,Jane,,5.62 lbs,7x11x18,Exception
2316,ORD-517141,DHL,TRK375632077,2023-05-02 13:15:26,2023-05-13 13:15:26,5,,8.37,4.53,John,Domestic,15.28 kg,16x5x6,Exception
2010,ORD-424191,ups,TRK215218915,2023-07-24 18:48:30,2023-07-28 18:48:30,9,,22.58,1.09,Mary,EU,12.81 lbs,11x7x16,Exception
1956,ORD-667209,USPS,TRK365907307,2023-10-12 20:19:47,2023-10-16 20:19:47,3,,18.82,2.87,Mary,NA,2.01 lbs,17x9x8,Returned
159,ORD-974212,fedex,TRK528915510,2023-10-02 15:26:20,2023-10-03 15:26:20,3,,21.98,2.83,Sarah,NA,14.43 kg,19x19x9,Exception
849,ORD-640135,USPS,TRK545474204,2023-12-08 05:39:54,2023-12-13 05:39:54,3,,40.28,3.96,Sarah,NA,18.21 kg,19x11x6,Delivered
1618,ORD-637794,fedex,TRK382983105,2023-11-30 13:26:56,2023-12-09 13:26:56,8,,26.67,4.48,,NA,18.1 kg,8x9x9,Lost
1643,ORD-353138,USPS,TRK616736245,2023-04-18 09:04:47,2023-04-27 09:04:47,8,,19.46,3.92,chris,Domestic,12.02 kg,13x10x7,Lost
2071,ORD-780296,FedEx,TRK855120150,2023-10-29 06:00:38,2023-11-07 06:00:38,5,,45.26,3.6,Alex,,18.26 kg,6x9x17,In Transit
192,ORD-862393,DHL,TRK599661261,2023-02-22 04:49:00,2023-03-05 04:49:00,8,,6.63,2.77,  sam  ,NA,2.7 kg,7x15x12,Delivered
1796,ORD-684093,fedex,TRK101881954,2023-05-02 05:42:02,2023-05-08 05:42:02,2,,42.79,2.61,John,Domestic,11.49 lbs,14x19x6,In Transit
718,ORD-210080,USPS,TRK373335610,2023-07-26 02:10:55,2023-08-02 02:10:55,4,,29.87,1.82,John,,3.31 lbs,17x11x5,Exception
385,ORD-297193,FedEx,TRK985735551,2023-02-19 21:52:04,2023-03-02 21:52:04,9,,19.24,3.28,Mike,,3.06 kg,6x20x13,Delivered
610,ORD-413539,ups,TRK397473877,2023-04-12 14:19:27,2023-04-20 14:19:27,5,,49.15,3.53,chris,International,5.48 kg,18x18x12,Exception
1416,ORD-359604,FedEx,TRK908928601,2023-02-06 01:08:10,2023-02-09 01:08:10,9,,40.48,3.06,Sarah,NA,0.72 kg,12x17x7,In Transit
1958,ORD-900644,UPS,TRK729418820,2023-02-28 20:41:34,2023-03-02 20:41:34,4,,13.6,4.49,KIM,Domestic,4.54 kg,6x19x7,In Transit
2403,ORD-746058,ups,TRK240563399,2023-01-15 11:25:06,2023-01-26 11:25:06,3,,47.35,2.79,chris,International,6.34 lbs,18x11x15,Exception
775,ORD-844796,FedEx,TRK583402443,2023-10-27 14:06:03,2023-10-29 14:06:03,8,,23.7,1.75,Alex,Domestic,16.49 kg,10x8x8,Returned
655,ORD-150467,UPS,TRK217336106,2023-02-05 12:18:21,2023-02-09 12:18:21,2,,29.22,2.34,,NA,17.19 kg,14x18x18,Delivered
1763,ORD-617645,ups,TRK740705259,2023-03-26 03:22:28,2023-04-02 03:22:28,6,,32.72,2.9,Alex,NA,14.07 lbs,11x20x19,Returned
1402,ORD-758928,UPS,TRK736675828,2023-01-28 10:56:15,2023-01-31 10:56:15,3,,12.73,3.79,Sarah,Domestic,11.56 kg,14x16x16,Returned
604,ORD-408430,FedEx,TRK846783246,2023-04-22 04:42:28,2023-04-23 04:42:28,7,,27.23,3.48,KIM,Domestic,7.59 kg,9x18x5,Exception
1532,ORD-787778,FedEx,TRK604979247,2023-07-19 08:09:34,2023-07-27 08:09:34,7,,36.96,2.49,Sarah,,18.54 kg,7x7x8,Returned
16,ORD-798919,UPS,TRK109649246,2023-10-10 23:13:01,2023-10-21 23:13:01,3,,42.33,1.61,KIM,International,10.84 lbs,12x15x14,Returned
647,ORD-511128,ups,TRK398282299,2023-02-26 13:33:57,2023-03-09 13:33:57,8,,30.26,1.02,David,,15.81 lbs,19x20x16,Lost
2427,ORD-322717,USPS,TRK534875764,2023-01-16 22:57:36,2023-01-25 22:57:36,9,,14.12,3.42,David,NA,7.73 lbs,13x13x19,In Transit
643,ORD-741866,ups,TRK280565995,2023-04-29 19:48:24,2023-05-10 19:48:24,8,,35.29,1.7,  sam  ,EU,2.08 kg,12x8x6,Delivered
447,ORD-367252,UPS,TRK357308445,2023-03-16 17:39:33,2023-03-28 17:39:33,7,,14.11,3.71,Sarah,International,11.75 kg,5x7x10,In Transit
1481,ORD-503809,fedex,TRK997913671,2023-03-06 03:42:38,2023-03-11 03:42:38,3,,23.91,2.69,,International,15.62 lbs,13x13x11,Lost
1893,ORD-163748,FedEx,TRK281064700,2023-03-15 11:49:58,2023-03-21 11:49:58,4,,12.18,3.9,  sam  ,,4.39 lbs,13x6x14,Returned
1743,ORD-983651,ups,TRK721439877,2023-05-27 14:01:43,2023-06-03 14:01:43,6,,37.66,3.35,Jane,International,17.81 lbs,8x11x16,Lost
1024,ORD-789489,fedex,TRK938068235,2023-03-06 20:39:19,2023-03-10 20:39:19,2,,41.45,4.92,  sam  ,Domestic,8.58 kg,14x10x12,Lost
1633,ORD-156235,USPS,TRK373682069,2023-06-08 12:24:43,2023-06-17 12:24:43,3,,49.9,2.91,John,Domestic,4.48 lbs,20x17x17,Returned
46,ORD-494930,FedEx,TRK708553192,2023-08-23 02:56:23,2023-09-04 02:56:23,9,,36.88,4.25,Sarah,International,15.63 kg,8x18x6,In Transit
944,ORD-708985,USPS,TRK713654336,2023-04-05 09:49:14,2023-04-16 09:49:14,5,,24.12,4.0,Emily,,4.97 kg,8x10x10,Lost
968,ORD-175602,USPS,TRK859066926,2023-09-14 16:19:55,2023-09-27 16:19:55,4,,47.26,1.24,  sam  ,International,14.03 kg,9x16x11,Returned
518,ORD-644031,fedex,TRK401453471,2023-01-23 19:32:32,2023-02-02 19:32:32,8,,41.83,2.06,Emily,Domestic,16.5 lbs,13x6x14,Lost
478,ORD-787183,ups,TRK303366932,2023-08-15 22:28:31,2023-08-27 22:28:31,5,,8.04,3.47,,,6.68 lbs,13x19x10,In Transit
517,ORD-808597,FedEx,TRK739206612,2023-04-19 06:20:52,2023-05-01 06:20:52,3,,11.69,1.7,KIM,,1.69 lbs,20x14x6,In Transit
1477,ORD-812747,FedEx,TRK563328341,2023-03-13 23:27:38,2023-03-26 23:27:38,4,,42.97,1.62,Mary,International,11.78 lbs,12x10x20,Returned
764,ORD-613277,ups,TRK662492231,2023-12-18 13:17:10,2023-12-27 13:17:10,4,,31.52,3.45,Jane,EU,0.69 kg,12x20x13,Returned
2321,ORD-329516,UPS,TRK128934398,2023-06-26 06:11:49,2023-07-03 06:11:49,6,,33.76,3.18,Jane,NA,10.1 kg,12x8x15,Returned
302,ORD-760455,USPS,TRK308618758,2023-08-03 13:46:43,2023-08-08 13:46:43,5,,25.33,1.36,Mike,Domestic,7.9 lbs,16x8x13,Exception
1332,ORD-188578,ups,TRK690547511,2023-06-16 04:51:36,2023-06-26 04:51:36,2,,47.56,1.25,Emily,Domestic,15.5 kg,14x7x14,Exception
68,ORD-495143,DHL,TRK344501157,2023-06-17 03:50:33,2023-06-20 03:50:33,4,,37.9,3.6,Alex,International,10.09 kg,11x20x7,Returned
1432,ORD-797830,USPS,TRK995533109,2023-06-20 05:57:06,2023-06-24 05:57:06,3,,16.16,2.64,Mary,,2.43 lbs,18x7x6,Returned
1573,ORD-624873,USPS,TRK724252456,2023-08-20 22:03:31,2023-08-25 22:03:31,2,,38.17,1.04,Jane,,15.89 lbs,8x10x9,Exception
1502,ORD-630644,UPS,TRK488450596,2023-05-01 20:10:45,2023-05-02 20:10:45,6,,15.68,3.69,KIM,NA,16.55 lbs,12x10x9,Returned
9,ORD-471666,USPS,TRK333727149,2023-09-04 05:13:33,2023-09-10 05:13:33,9,,35.63,3.15,KIM,Domestic,7.04 lbs,15x13x17,Exception
671,ORD-293658,UPS,TRK386804319,2023-10-20 14:18:41,2023-11-02 14:18:41,7,,37.16,2.58,,Domestic,12.5 lbs,9x13x7,In Transit
1082,ORD-329966,UPS,TRK553364760,2023-11-14 19:50:49,2023-11-20 19:50:49,5,,20.62,2.71,David,Domestic,8.28 kg,14x5x13,Lost
2350,ORD-175210,DHL,TRK978888023,2023-05-21 15:53:36,2023-05-27 15:53:36,4,,18.61,4.27,,Domestic,6.73 lbs,17x6x16,Returned
1597,ORD-851566,USPS,TRK227039190,2023-10-02 06:58:20,2023-10-05 06:58:20,6,,46.18,4.54,  sam  ,,11.35 lbs,5x17x19,Returned
2488,ORD-973156,fedex,TRK855572405,2023-06-30 05:52:20,2023-07-11 05:52:20,6,,26.13,2.27,Mary,NA,2.22 kg,6x11x10,In Transit
425,ORD-568858,UPS,TRK477657476,2023-08-02 06:28:37,2023-08-15 06:28:37,2,,48.3,4.29,chris,International,15.63 lbs,12x20x17,Lost
1915,ORD-229388,fedex,TRK468817078,2023-09-11 04:07:26,2023-09-15 04:07:26,2,,7.91,2.71,Mike,Domestic,11.1 lbs,18x18x9,Exception
154,ORD-104877,ups,TRK772612823,2023-09-04 15:30:58,2023-09-17 15:30:58,7,,19.7,2.49,David,International,10.6 lbs,18x14x18,Returned
1310,ORD-685915,fedex,TRK696404247,2023-06-19 01:15:01,2023-06-23 01:15:01,9,,25.04,1.14,Sarah,NA,7.89 lbs,6x6x10,In Transit
565,ORD-254507,UPS,TRK110455138,2023-04-14 15:24:48,2023-04-27 15:24:48,9,,36.76,4.98,  sam  ,NA,3.68 lbs,5x11x5,Exception
1171,ORD-311204,UPS,TRK389785752,2023-02-02 19:33:50,2023-02-07 19:33:50,4,,18.11,2.46,  sam  ,International,1.15 kg,16x6x11,In Transit
278,ORD-862658,UPS,TRK979844163,2023-08-16 22:58:39,2023-08-17 22:58:39,2,,11.17,4.32,Mary,EU,7.54 lbs,15x8x6,In Transit
1918,ORD-493389,fedex,TRK521684094,2023-01-18 10:14:23,2023-01-31 10:14:23,3,,37.56,2.43,,International,17.46 kg,17x19x12,Lost
1927,ORD-693974,USPS,TRK280714201,2023-10-04 07:44:59,2023-10-05 07:44:59,3,,43.99,1.25,Mary,,8.77 lbs,20x20x9,Exception
351,ORD-626374,UPS,TRK788910366,2023-03-05 21:06:23,2023-03-12 21:06:23,7,,10.96,1.96,Mike,,3.79 kg,15x8x6,In Transit
919,ORD-411716,USPS,TRK804448456,2023-10-22 07:17:12,2023-10-24 07:17:12,3,,27.87,2.64,David,,19.29 kg,19x17x16,Delivered
1351,ORD-273645,fedex,TRK123213331,2023-05-04 01:19:37,2023-05-16 01:19:37,8,,33.33,4.28,Emily,,16.96 lbs,14x7x9,Lost
2372,ORD-737919,ups,TRK755456864,2023-07-23 15:22:10,2023-07-25 15:22:10,5,,39.86,3.29,Alex,EU,7.85 kg,19x17x15,Returned
1626,ORD-244174,ups,TRK463114062,2023-08-07 09:26:16,2023-08-09 09:26:16,3,,9.36,4.54,Mary,NA,14.12 lbs,6x12x14,Exception
1174,ORD-973806,fedex,TRK879202344,2023-08-01 10:56:43,2023-08-03 10:56:43,3,,22.28,1.1,,International,16.9 lbs,16x12x16,Exception
1495,ORD-179998,ups,TRK786160178,2023-11-20 00:55:24,2023-11-25 00:55:24,5,,46.49,1.52,Jane,EU,10.09 lbs,6x7x8,Exception
49,ORD-692641,DHL,TRK172846366,2023-06-21 08:32:16,2023-07-04 08:32:16,6,,31.7,4.8,Sarah,EU,3.62 kg,14x16x8,Delivered
1779,ORD-197490,fedex,TRK286719280,2023-06-09 00:35:27,2023-06-16 00:35:27,5,,45.28,2.39,Alex,NA,17.21 kg,5x8x5,Lost
2188,ORD-498120,FedEx,TRK365998942,2023-08-12 08:43:52,2023-08-22 08:43:52,8,,14.59,3.93,chris,Domestic,6.94 lbs,15x19x6,Lost
1699,ORD-738271,fedex,TRK119784403,2023-08-22 22:26:57,2023-08-25 22:26:57,7,,31.41,3.31,Mike,Domestic,19.37 lbs,7x12x14,Exception
1906,ORD-265156,ups,TRK139677135,2023-07-26 02:26:58,2023-08-08 02:26:58,7,,30.19,3.09,  sam  ,,6.67 kg,12x10x5,Delivered
1150,ORD-478945,ups,TRK335698873,2023-11-20 00:49:51,2023-11-28 00:49:51,8,,41.47,1.69,Mary,NA,8.6 kg,20x14x13,Returned
574,ORD-102442,FedEx,TRK342377601,2023-11-17 12:09:50,2023-11-28 12:09:50,4,,32.65,3.82,Sarah,International,3.11 kg,20x16x11,Delivered
1000,ORD-644020,fedex,TRK180647664,2023-03-01 09:29:47,2023-03-07 09:29:47,8,,48.57,1.63,Sarah,International,6.16 kg,16x15x16,In Transit
821,ORD-963416,DHL,TRK889653601,2023-11-01 14:36:40,2023-11-11 14:36:40,4,,41.32,2.81,Mary,Domestic,1.12 kg,10x17x5,In Transit
2474,ORD-253275,DHL,TRK621625439,2023-11-12 12:22:01,2023-11-22 12:22:01,4,,5.29,2.91,chris,NA,7.42 lbs,17x13x16,Delivered
1650,ORD-871025,UPS,TRK248438802,2023-05-15 14:14:34,2023-05-28 14:14:34,8,,24.23,4.79,KIM,,3.56 lbs,16x9x20,Exception
2229,ORD-273872,UPS,TRK230367362,2023-06-08 04:53:50,2023-06-14 04:53:50,3,,22.56,4.86,Alex,International,2.57 kg,5x17x12,Delivered
920,ORD-104903,fedex,TRK873225517,2023-10-18 15:23:31,2023-10-25 15:23:31,6,,18.36,3.57,Mike,Domestic,18.78 lbs,5x5x11,In Transit
2369,ORD-557182,FedEx,TRK310628821,2023-01-12 21:43:37,2023-01-21 21:43:37,9,,12.98,4.72,  sam  ,,12.41 lbs,19x8x6,Exception
1986,ORD-645382,USPS,TRK429445750,2023-07-24 04:36:06,2023-07-27 04:36:06,7,,30.81,3.31,Sarah,International,18.29 kg,16x17x11,Lost
1497,ORD-546750,FedEx,TRK892285076,2023-08-23 10:44:09,2023-09-01 10:44:09,7,,39.48,3.11,Jane,NA,18.99 lbs,9x15x18,Returned
1832,ORD-495982,UPS,TRK308808425,2023-04-01 16:42:06,2023-04-04 16:42:06,8,,16.19,4.54,,NA,17.64 kg,20x17x19,Returned
274,ORD-421158,ups,TRK554257953,2023-10-20 22:18:22,2023-10-25 22:18:22,8,,38.58,1.38,  sam  ,,3.82 kg,17x13x16,Exception
2243,ORD-886720,ups,TRK212593496,2023-04-05 19:44:02,2023-04-14 19:44:02,5,,23.13,4.56,Mike,,7.11 lbs,8x20x8,Returned
500,ORD-419944,DHL,TRK832577860,2023-12-24 23:43:03,2024-01-03 23:43:03,7,,43.63,1.71,David,EU,4.46 lbs,9x12x17,Delivered
1188,ORD-448237,FedEx,TRK435098484,2023-05-27 03:51:47,2023-06-09 03:51:47,7,,6.8,1.55,John,NA,7.58 kg,10x9x5,Returned
1072,ORD-437956,DHL,TRK404188943,2023-07-24 19:01:07,2023-07-26 19:01:07,2,,14.59,2.39,Jane,International,8.1 lbs,5x5x10,In Transit
2185,ORD-726433,FedEx,TRK336947103,2023-11-18 12:29:40,2023-11-30 12:29:40,7,,8.41,1.91,David,International,12.6 kg,14x7x10,In Transit
236,ORD-936281,UPS,TRK422899889,2023-12-17 04:00:54,2023-12-20 04:00:54,3,,35.43,1.05,chris,EU,11.86 kg,17x10x10,Exception
1746,ORD-685591,FedEx,TRK184606798,2023-02-10 00:17:40,2023-02-12 00:17:40,2,,17.65,2.79,Mike,,10.54 kg,14x17x9,Delivered
953,ORD-128045,fedex,TRK283859487,2023-05-26 19:20:28,2023-06-01 19:20:28,8,,34.46,3.02,Alex,NA,18.28 lbs,6x10x13,Returned
2145,ORD-958094,fedex,TRK179785035,2023-06-25 21:46:36,2023-07-07 21:46:36,6,,5.1,3.78,Sarah,,17.08 kg,18x13x19,In Transit
516,ORD-223288,UPS,TRK213516414,2023-08-09 17:22:12,2023-08-16 17:22:12,7,,11.73,2.43,Sarah,Domestic,17.34 kg,20x20x20,In Transit
1555,ORD-168019,FedEx,TRK979247741,2023-08-01 06:56:57,2023-08-06 06:56:57,8,,40.68,1.26,Mary,International,5.83 lbs,13x8x19,Delivered
2349,ORD-711397,fedex,TRK613636777,2023-09-23 11:38:46,2023-10-02 11:38:46,9,,11.15,3.45,John,International,18.81 lbs,15x11x18,Lost
1090,ORD-518136,UPS,TRK188743305,2023-06-12 04:11:46,2023-06-20 04:11:46,7,,27.95,3.56,David,International,13.95 kg,13x17x8,Exception
1580,ORD-750556,fedex,TRK667984687,2023-03-23 12:22:23,2023-04-04 12:22:23,4,,25.75,3.65,Emily,,11.76 lbs,5x14x8,In Transit
2386,ORD-390566,UPS,TRK524614123,2023-09-21 19:21:58,2023-09-23 19:21:58,2,,31.58,2.51,KIM,Domestic,1.88 kg,20x9x15,Exception
407,ORD-921946,ups,TRK525136889,2023-01-17 20:26:22,2023-01-18 20:26:22,3,,36.05,2.08,  sam  ,International,17.03 lbs,8x7x13,Returned
1353,ORD-911171,fedex,TRK927675191,2023-11-08 12:11:25,2023-11-13 12:11:25,2,,11.17,4.95,David,NA,15.6 kg,10x17x10,In Transit
697,ORD-140089,DHL,TRK645966939,2023-12-07 23:15:24,2023-12-16 23:15:24,7,,23.36,2.06,David,EU,14.85 lbs,20x19x15,Returned
2139,ORD-356025,USPS,TRK137485239,2023-10-30 04:12:24,2023-11-06 04:12:24,8,,20.96,2.68,  sam  ,,12.57 kg,5x9x8,Lost
305,ORD-497378,UPS,TRK981077420,2023-02-15 08:21:22,2023-02-20 08:21:22,9,,14.75,1.7,Alex,EU,10.44 kg,18x17x8,In Transit
1939,ORD-157957,DHL,TRK179629460,2023-07-14 02:44:47,2023-07-23 02:44:47,6,,5.89,3.35,Mike,Domestic,17.49 lbs,10x19x11,Lost
729,ORD-852201,ups,TRK182516821,2023-05-08 03:30:09,2023-05-12 03:30:09,9,,15.37,4.99,chris,,12.77 lbs,17x20x11,In Transit
2267,ORD-406837,UPS,TRK160077662,2023-11-10 22:04:27,2023-11-20 22:04:27,5,,9.58,1.57,Mary,EU,16.12 kg,12x6x12,Lost
106,ORD-312621,DHL,TRK455550655,2023-09-29 02:46:08,2023-10-05 02:46:08,6,,48.51,1.39,  sam  ,,10.23 kg,19x18x8,Delivered
716,ORD-834766,USPS,TRK769008228,2023-12-09 20:14:56,2023-12-11 20:14:56,4,,9.33,1.28,  sam  ,International,7.43 kg,20x12x9,In Transit
556,ORD-263619,FedEx,TRK116824144,2023-12-17 17:25:49,2023-12-18 17:25:49,5,,10.2,4.04,  sam  ,,0.72 kg,6x19x18,Returned
1435,ORD-182930,FedEx,TRK272244364,2023-05-22 07:24:17,2023-06-01 07:24:17,5,,5.39,3.01,David,,3.46 kg,17x14x8,Lost
1722,ORD-602667,USPS,TRK505268645,2023-03-22 22:26:02,2023-03-28 22:26:02,6,,28.55,4.98,chris,,14.59 lbs,5x9x9,Returned
1904,ORD-336158,ups,TRK130501236,2023-06-10 17:12:32,2023-06-21 17:12:32,9,,11.19,2.61,John,International,4.62 kg,18x9x17,Exception
2330,ORD-165039,UPS,TRK920800052,2023-07-13 19:37:45,2023-07-25 19:37:45,3,,18.01,2.39,KIM,EU,16.47 kg,7x5x17,Lost
2490,ORD-874569,ups,TRK754977263,2023-03-16 10:21:18,2023-03-26 10:21:18,7,,42.0,1.53,Jane,,9.71 lbs,16x13x8,Delivered
1526,ORD-258875,USPS,TRK304592401,2023-01-05 13:51:32,2023-01-17 13:51:32,9,,27.57,3.71,  sam  ,NA,9.4 lbs,17x6x14,Exception
773,ORD-445796,ups,TRK617951356,2023-05-24 01:11:40,2023-06-04 01:11:40,4,,15.56,4.76,Mary,International,14.44 kg,14x9x14,Exception
1941,ORD-966309,ups,TRK785189925,2023-09-20 15:42:56,2023-09-21 15:42:56,9,,42.81,4.34,Sarah,EU,4.73 kg,7x12x18,Returned
1630,ORD-197374,USPS,TRK143339277,2023-07-06 10:14:54,2023-07-12 10:14:54,5,,7.14,1.81,David,,14.45 lbs,5x5x5,In Transit
1680,ORD-222908,FedEx,TRK668795111,2023-12-16 04:20:27,2023-12-24 04:20:27,6,,11.11,4.22,Emily,NA,7.71 kg,15x15x11,In Transit
59,ORD-737392,FedEx,TRK601660814,2023-02-15 18:36:04,2023-02-23 18:36:04,2,,38.38,2.52,chris,International,11.68 kg,6x15x18,Lost
133,ORD-267434,DHL,TRK352917914,2023-11-10 05:12:27,2023-11-22 05:12:27,5,,47.3,3.92,John,NA,10.61 kg,17x7x12,Lost
1553,ORD-320387,FedEx,TRK625603597,2023-12-11 23:39:21,2023-12-20 23:39:21,8,,11.06,3.54,David,EU,17.44 kg,10x18x19,Delivered
23,ORD-863293,DHL,TRK745324008,2023-01-05 14:23:11,2023-01-13 14:23:11,7,,40.85,4.81,Jane,Domestic,7.47 lbs,13x16x19,In Transit
1694,ORD-572459,FedEx,TRK728678309,2023-02-04 04:58:10,2023-02-15 04:58:10,2,,33.19,3.11,,,7.08 kg,10x8x16,Lost
826,ORD-547711,USPS,TRK814413836,2023-02-05 01:22:27,2023-02-15 01:22:27,8,,38.0,2.88,KIM,,2.41 kg,10x14x12,In Transit
541,ORD-934316,DHL,TRK734515428,2023-12-28 07:51:58,2024-01-07 07:51:58,3,,46.64,2.67,Mary,,16.27 lbs,6x20x12,Lost
205,ORD-797529,DHL,TRK704414836,2023-04-13 13:52:52,2023-04-18 13:52:52,4,,24.12,3.43,Mike,International,14.02 lbs,5x12x10,Lost
1747,ORD-453750,FedEx,TRK566499333,2023-05-06 07:33:49,2023-05-11 07:33:49,6,,30.45,2.86,KIM,Domestic,16.24 lbs,16x8x10,Delivered
2127,ORD-508490,DHL,TRK753448776,2023-11-16 00:27:06,2023-11-17 00:27:06,9,,15.33,2.56,  sam  ,International,5.39 kg,6x7x12,Delivered
2355,ORD-419260,DHL,TRK145454274,2023-04-29 09:49:31,2023-05-09 09:49:31,2,,37.02,2.7,,,5.95 kg,19x16x15,In Transit
1991,ORD-915595,UPS,TRK315258746,2023-04-24 18:43:04,2023-04-27 18:43:04,6,,40.16,1.46,Emily,EU,10.04 lbs,6x20x6,Delivered
1564,ORD-684968,USPS,TRK718630991,2023-08-16 19:58:26,2023-08-24 19:58:26,7,,16.14,4.32,  sam  ,Domestic,18.06 kg,17x12x16,Exception
1548,ORD-327051,FedEx,TRK447258556,2023-03-06 22:06:10,2023-03-14 22:06:10,7,,11.95,3.39,Emily,EU,8.93 lbs,16x5x6,In Transit
848,ORD-965244,UPS,TRK412954552,2023-08-22 15:47:46,2023-08-23 15:47:46,3,,48.93,2.88,chris,Domestic,1.97 lbs,14x13x7,In Transit
1461,ORD-824102,DHL,TRK937642685,2023-04-19 09:52:00,2023-04-21 09:52:00,2,,24.53,1.77,KIM,International,4.14 lbs,15x7x13,Exception
1572,ORD-240694,USPS,TRK860819554,2023-03-28 16:10:45,2023-03-30 16:10:45,7,,41.02,4.13,KIM,International,1.78 lbs,10x18x10,Delivered
92,ORD-819384,FedEx,TRK917872050,2023-09-07 19:10:50,2023-09-10 19:10:50,2,,33.02,1.87,,NA,3.92 kg,15x10x17,Delivered
2166,ORD-376029,USPS,TRK617040023,2023-04-06 10:38:35,2023-04-17 10:38:35,9,,13.87,1.34,,Domestic,5.73 kg,8x16x13,In Transit
1498,ORD-822448,ups,TRK224766817,2023-04-28 12:03:07,2023-05-08 12:03:07,4,,48.99,4.91,Mary,International,16.71 kg,20x15x8,Exception
248,ORD-854247,USPS,TRK456092109,2023-10-12 15:08:25,2023-10-21 15:08:25,7,,12.87,2.09,  sam  ,International,17.62 lbs,18x9x8,Lost
443,ORD-455357,USPS,TRK524736710,2023-05-30 20:45:54,2023-06-08 20:45:54,4,,47.73,4.67,Sarah,NA,16.94 kg,5x9x20,Lost
1551,ORD-683168,USPS,TRK296772642,2023-11-01 13:35:07,2023-11-06 13:35:07,6,,39.4,2.2,Mary,Domestic,4.75 lbs,12x5x8,Returned
1423,ORD-769258,USPS,TRK715502906,2023-05-28 15:50:10,2023-06-06 15:50:10,7,,14.41,3.49,Alex,Domestic,19.71 kg,6x13x16,In Transit
880,ORD-319215,FedEx,TRK971531006,2023-07-02 21:34:32,2023-07-12 21:34:32,5,,46.28,3.41,chris,Domestic,8.48 kg,14x8x8,Returned
1181,ORD-545143,ups,TRK946677074,2023-06-18 00:16:09,2023-06-28 00:16:09,4,,45.38,2.6,KIM,Domestic,15.47 kg,11x13x8,Lost
766,ORD-984504,ups,TRK594500875,2023-07-09 15:40:16,2023-07-22 15:40:16,5,,20.42,1.73,Mike,Domestic,9.56 kg,5x10x9,In Transit
737,ORD-161724,USPS,TRK746752063,2023-09-07 15:50:05,2023-09-17 15:50:05,6,,28.04,2.68,  sam  ,NA,3.07 lbs,18x19x9,Returned
776,ORD-457503,DHL,TRK205838434,2023-11-09 16:37:24,2023-11-22 16:37:24,5,,47.12,2.38,KIM,International,18.38 lbs,10x15x9,Delivered
2332,ORD-436806,fedex,TRK219654819,2023-09-05 01:14:54,2023-09-10 01:14:54,2,,34.89,3.01,Mary,,11.54 lbs,12x6x15,Delivered
1441,ORD-171859,ups,TRK700289667,2023-04-02 14:27:06,2023-04-12 14:27:06,6,,8.0,3.37,chris,EU,9.32 lbs,5x17x14,Delivered
632,ORD-763281,ups,TRK830087591,2023-04-29 02:30:07,2023-05-01 02:30:07,7,,44.31,1.68,John,International,9.94 lbs,11x12x5,Lost
343,ORD-508159,USPS,TRK578722014,2023-12-02 14:48:27,2023-12-14 14:48:27,4,,31.3,3.58,Mary,EU,2.54 lbs,19x11x8,Exception
1380,ORD-768992,DHL,TRK930390286,2023-01-09 07:24:44,2023-01-20 07:24:44,5,,18.38,1.63,Alex,EU,6.73 lbs,8x9x10,Lost
2025,ORD-474271,USPS,TRK227194490,2023-05-03 16:03:06,2023-05-06 16:03:06,8,,10.96,1.57,chris,,19.49 kg,8x17x5,Lost
1815,ORD-979105,FedEx,TRK910198544,2023-05-10 22:06:07,2023-05-14 22:06:07,7,,10.62,4.83,Emily,EU,0.93 lbs,7x13x16,Delivered
763,ORD-511468,FedEx,TRK713183823,2023-12-20 20:43:23,2024-01-02 20:43:23,7,,6.93,3.01,Jane,International,14.95 lbs,17x18x11,Exception
322,ORD-487611,USPS,TRK652069921,2023-11-26 05:28:35,2023-12-06 05:28:35,4,,16.02,2.65,Sarah,,7.91 kg,9x9x19,Delivered
111,ORD-879552,DHL,TRK629410272,2023-07-10 01:51:17,2023-07-14 01:51:17,9,,39.23,4.68,David,Domestic,18.07 kg,6x6x8,Exception
1401,ORD-704267,ups,TRK818895299,2023-11-25 13:18:01,2023-12-08 13:18:01,4,,12.03,2.97,  sam  ,EU,9.42 kg,12x12x16,Delivered
395,ORD-330681,FedEx,TRK620642823,2023-12-21 20:41:43,2023-12-31 20:41:43,4,,14.96,3.06,Mary,EU,11.6 kg,11x12x19,Exception
134,ORD-939278,DHL,TRK769642200,2023-12-26 09:22:10,2024-01-06 09:22:10,3,,12.44,2.87,John,International,1.24 lbs,14x16x17,In Transit
1209,ORD-770991,UPS,TRK552800052,2023-12-27 00:29:25,2024-01-06 00:29:25,4,,44.83,1.17,Sarah,NA,5.13 lbs,8x12x17,Exception
1825,ORD-443961,UPS,TRK772683025,2023-06-27 18:13:36,2023-07-02 18:13:36,2,,25.01,2.86,  sam  ,EU,9.69 kg,18x7x19,Delivered
48,ORD-500733,FedEx,TRK678663495,2023-02-16 03:15:04,2023-02-25 03:15:04,5,,47.38,4.17,KIM,,4.11 kg,13x18x18,Delivered
724,ORD-993593,UPS,TRK888318724,2023-10-04 08:25:08,2023-10-14 08:25:08,4,,7.06,3.28,Mary,EU,11.45 lbs,17x10x5,Lost
490,ORD-938631,ups,TRK794005779,2023-12-18 23:05:20,2023-12-26 23:05:20,6,,43.92,3.87,Emily,,17.62 lbs,7x17x10,In Transit
735,ORD-398906,FedEx,TRK582009497,2023-12-27 09:40:55,2023-12-29 09:40:55,2,,5.98,4.91,Jane,,12.65 kg,15x20x5,Exception
2194,ORD-975957,UPS,TRK803876439,2023-05-30 16:21:26,2023-06-11 16:21:26,2,,19.17,3.67,,Domestic,15.16 lbs,5x17x15,Delivered
1773,ORD-235894,DHL,TRK526925593,2023-03-24 14:25:53,2023-03-31 14:25:53,4,,28.75,1.81,John,International,6.75 kg,12x11x16,Exception
477,ORD-518623,UPS,TRK519055538,2023-10-10 08:24:44,2023-10-15 08:24:44,8,,42.24,4.02,Emily,NA,8.6 kg,7x9x9,Delivered
2154,ORD-296258,DHL,TRK107825709,2023-05-14 01:50:29,2023-05-18 01:50:29,3,,46.16,3.5,David,International,1.7 kg,19x5x10,In Transit
715,ORD-670955,UPS,TRK569386863,2023-11-21 21:18:13,2023-11-22 21:18:13,7,,18.44,4.01,  sam  ,Domestic,18.93 lbs,15x20x8,In Transit
728,ORD-481707,USPS,TRK258963306,2023-05-30 19:44:09,2023-06-08 19:44:09,9,,49.32,3.97,David,EU,16.07 lbs,16x10x11,Exception
1248,ORD-711868,USPS,TRK148981527,2023-04-19 19:27:00,2023-05-01 19:27:00,5,,40.2,3.34,Mike,NA,3.09 kg,11x14x18,Lost
2341,ORD-108754,ups,TRK350471532,2023-12-26 00:40:44,2023-12-30 00:40:44,4,,11.83,3.2,Emily,International,19.98 lbs,19x8x14,Lost
1615,ORD-776987,DHL,TRK293069472,2023-03-01 08:36:09,2023-03-08 08:36:09,3,,10.24,3.66,Alex,International,7.3 lbs,9x6x18,Exception
134,ORD-939278,DHL,TRK769642200,2023-12-26 09:22:10,2024-01-06 09:22:10,3,,12.44,2.87,John,International,1.24 lbs,14x16x17,In Transit
651,ORD-857695,ups,TRK195964766,2023-10-04 17:51:54,2023-10-14 17:51:54,6,,31.26,3.73,chris,,1.65 kg,20x14x11,Delivered
27,ORD-435759,USPS,TRK914494969,2023-05-19 00:01:29,2023-05-24 00:01:29,6,,44.14,1.97,,International,8.69 lbs,17x16x17,Exception
537,ORD-594092,FedEx,TRK277097653,2023-04-11 02:13:37,2023-04-20 02:13:37,6,,42.28,1.89,Mary,Domestic,9.05 lbs,18x9x17,Lost
2151,ORD-800625,FedEx,TRK826169726,2023-09-26 14:06:24,2023-10-04 14:06:24,9,,44.73,4.67,Sarah,EU,11.75 lbs,14x8x5,Returned
744,ORD-422964,FedEx,TRK854982891,2023-12-19 06:09:24,2023-12-31 06:09:24,9,,25.89,2.58,  sam  ,NA,17.45 kg,7x19x20,Delivered
2304,ORD-666740,USPS,TRK905879316,2023-08-24 10:42:59,2023-09-04 10:42:59,7,,33.4,3.95,Alex,NA,5.45 kg,7x12x6,Delivered
1910,ORD-908834,UPS,TRK314519125,2023-12-15 12:45:10,2023-12-18 12:45:10,7,,46.48,3.38,Emily,Domestic,7.35 kg,19x11x17,Delivered
245,ORD-784947,DHL,TRK971681575,2023-04-30 23:32:57,2023-05-12 23:32:57,9,,14.77,2.62,,Domestic,13.37 lbs,12x10x15,Lost
902,ORD-190672,fedex,TRK906500141,2023-10-25 23:53:21,2023-11-01 23:53:21,4,,20.93,2.1,  sam  ,Domestic,4.7 lbs,11x14x14,Exception
621,ORD-828186,ups,TRK261586606,2023-03-06 06:51:39,2023-03-10 06:51:39,4,,12.7,2.02,Emily,NA,2.58 kg,19x6x10,Exception
1854,ORD-599682,fedex,TRK558733432,2023-08-01 21:40:38,2023-08-10 21:40:38,4,,34.41,4.35,  sam  ,International,15.91 lbs,17x14x12,Delivered
1306,ORD-187610,UPS,TRK387657111,2023-09-17 01:03:05,2023-09-20 01:03:05,6,,10.97,1.91,John,EU,7.45 kg,20x16x6,In Transit
1846,ORD-287044,ups,TRK145005073,2023-08-04 09:30:14,2023-08-08 09:30:14,4,,49.17,2.41,Mike,International,7.67 kg,15x16x16,Exception
32,ORD-276291,DHL,TRK949090649,2023-02-24 21:51:12,2023-03-06 21:51:12,6,,47.96,2.48,Emily,EU,19.43 kg,8x13x14,Exception
1033,ORD-445105,UPS,TRK579878495,2023-12-03 12:55:43,2023-12-14 12:55:43,5,,45.6,4.96,  sam  ,NA,4.26 lbs,9x20x20,Delivered
1452,ORD-366476,DHL,TRK106786361,2023-07-07 14:25:42,2023-07-13 14:25:42,5,,33.44,2.96,Sarah,Domestic,1.65 lbs,11x9x11,In Transit
1601,ORD-906113,FedEx,TRK246365629,2023-09-27 22:16:36,2023-10-01 22:16:36,9,,7.59,4.02,Alex,International,10.09 lbs,6x5x20,In Transit
161,ORD-612029,DHL,TRK329970667,2023-12-19 15:09:57,2023-12-27 15:09:57,6,,43.27,3.09,Jane,Domestic,19.86 kg,16x15x13,In Transit
1646,ORD-121133,UPS,TRK966812461,2023-01-16 01:03:47,2023-01-21 01:03:47,3,,26.67,3.99,  sam  ,NA,2.03 kg,8x11x12,In Transit
212,ORD-485992,ups,TRK794590331,2023-07-16 16:13:39,2023-07-24 16:13:39,6,,21.27,2.57,David,EU,14.81 kg,6x19x5,Exception
2177,ORD-455457,ups,TRK192923791,2023-01-30 11:58:07,2023-02-12 11:58:07,8,,35.49,4.43,Alex,International,10.82 lbs,10x15x8,Delivered
1238,ORD-281905,fedex,TRK653710453,2023-09-23 20:57:34,2023-10-03 20:57:34,3,,34.85,4.29,  sam  ,,8.48 kg,7x12x10,Returned
1745,ORD-814851,ups,TRK417285252,2023-07-11 09:39:57,2023-07-17 09:39:57,7,,36.6,1.81,Alex,Domestic,16.17 kg,15x10x13,In Transit
2048,ORD-733681,FedEx,TRK466168633,2023-10-02 15:59:02,2023-10-11 15:59:02,6,,16.13,3.46,Alex,EU,4.81 kg,18x10x9,Returned
